<ID|readonly|noverify>;<English>
//AI UNITS
ships/uss_cv_immortal_0;Carrier
ships/uss_cv_immortal_1;Carrier
ships/uss_cv_immortal_2;Carrier
ships/uss_lcvp_light_0;Landing craft
ships/uss_lcvp_light_1;Landing craft
ships/uss_lcvp_light_2;Landing craft
tracked_vehicles/ussr_t34_85_increased_pitch_0;Tank
tracked_vehicles/ussr_t34_85_increased_pitch_1;Tank
tracked_vehicles/ussr_t34_85_increased_pitch_2;Tank
air_defence/searchLightTop_0;Search light
air_defence/searchLightTop_1;Search light
air_defence/searchLightTop_2;Search light
ships/germ_bb_tirpitz_searchlight_top_0;Battleship
ships/germ_bb_tirpitz_searchlight_top_1;Battleship
ships/germ_bb_tirpitz_searchlight_top_2;Battleship
ships/germ_dd_z28_searchlight_top_0;Destroyer
ships/germ_dd_z28_searchlight_top_1;Destroyer
ships/germ_dd_z28_searchlight_top_2;Destroyer
wheeled_vehicles/truck_arcade_0;Cargo truck
wheeled_vehicles/truck_arcade_1;Truck
wheeled_vehicles/truck_arcade_2;Truck
ships/cargo_ship_arcade_0;Cargo ship
ships/cargo_ship_arcade_1;Cargo ship
ships/cargo_ship_arcade_2;Ship
structures/dummy_arcade_0;Base building
structures/dummy_arcade_1;Base building
structures/dummy_arcade_2;Base building
structures/dummy_airfield_0;Airfield
structures/dummy_airfield_1;Airfield
structures/dummy_airfield_2;Airfield
structures/flag_victory_0;Flag
structures/flag_victory_1;Flag
structures/flag_victory_2;Flag
structures/dummy_airfield_5k_0;Airfield
structures/dummy_airfield_5k_1;Airfield
structures/dummy_airfield_5k_2;Airfield
structures/dummy_bombtarget_0;Bombing point
structures/dummy_bombtarget_1;Bombing point
structures/dummy_bombtarget_2;Bombing point
structures/dummy_bombtarget_airfield_0;Runway
structures/dummy_bombtarget_airfield_1;Runway
structures/dummy_bombtarget_airfield_2;Runway
structures/tank_target_10a_char_0;Target №10a
structures/tank_target_10a_char_1;Target №10a
structures/tank_target_10a_char_2;Target №10a
structures/tank_target_12_char_0;Target №12
structures/tank_target_12_char_1;Target №12
structures/tank_target_12_char_2;Target №12
structures/tank_target_17_char_0;Target №17
structures/tank_target_17_char_1;Target №17
structures/tank_target_17_char_2;Target №17
structures/tank_target_25_char_0;Target №25
structures/tank_target_25_char_1;Target №25
structures/tank_target_25_char_2;Target №25
structures/tank_target_8_char_0;Target №8
structures/tank_target_8_char_1;Target №8
structures/tank_target_8_char_2;Target №8
structures/tank_target_9_char_0;Target №9
structures/tank_target_9_char_1;Target №9
structures/tank_target_9_char_2;Target №9
unic_hornet;USS Hornet CV-8
unic_hornet_0;USS Hornet CV-8
unic_hornet_1;USS Hornet
unic_hornet_2;Carrier
unic_enterprise;USS Enterprise (CV-6)
unic_enterprise_0;USS Enterprise (CV-6)
unic_enterprise_1;USS Enterprise
unic_enterprise_2;Carrier
unic_yorktown;USS Yorktown CV-5
unic_yorktown_0;USS Yorktown CV-5
unic_yorktown_1;USS Yorktown
unic_yorktown_2;Carrier
unic_soryu;IJN Sōryū
unic_soryu_0;IJN Sōryū
unic_soryu_1;IJN Sōryū
unic_soryu_2;Carrier
unic_hiryu;IJN Hiryū
unic_hiryu_0;IJN Hiryū
unic_hiryu_1;IJN Hiryū
unic_hiryu_2;Carrier
unic_kaga;IJN Kaga
unic_kaga_0;IJN Kaga
unic_kaga_1;IJN Kaga
unic_kaga_2;Carrier
unic_akagi;IJN Akagi
unic_akagi_0;IJN Akagi
unic_akagi_1;IJN Akagi
unic_akagi_2;Carrier
unic_shokaku;IJN Shōkaku
unic_shokaku_0;Shōkaku-class, IJN Shōkaku
unic_shokaku_1;IJN Shōkaku
unic_shokaku_2;Carrier
unic_zuikaku;IJN Zuikaku
unic_zuikaku_0;IJN Zuikaku
unic_zuikaku_1;IJN Zuikaku
unic_zuikaku_2;Carrier
unic_saratoga;USS Saratoga CV-3
unic_saratoga_0;USS Saratoga CV-3
unic_saratoga_1;USS Saratoga
unic_saratoga_2;Carrier
unic_zuiho;IJN Zuiho
unic_zuiho_0;IJN Zuiho
unic_zuiho_1;IJN Zuiho
unic_zuiho_2;Carrier
unic_wasp;USS Wasp CV-7
unic_wasp_0;USS Wasp CV-7
unic_wasp_1;USS Wasp
unic_wasp_2;Carrier
unic_lexington;USS Lexington CV-2
unic_lexington_0;USS Lexington CV-2
unic_lexington_1;USS Lexington
unic_lexington_2;Carrier
unic_shoho;IJN Shoho
unic_shoho_0;IJN Shoho
unic_shoho_1;IJN Shoho
unic_shoho_2;Carrier
unic_wheeler_hangar;Hangar
unic_wheeler_hangar_0;Hangar
unic_wheeler_hangar_1;Hangar
unic_wheeler_hangar_2;Hangar
ships/fishboat1_0;Boat
ships/fishboat1_1;Boat
ships/fishboat1_2;Boat
ships/fishboat2_0;Boat
ships/fishboat2_1;Boat
ships/fishboat2_2;Boat
ships/fishboat3_0;Boat
ships/fishboat3_1;Boat
ships/fishboat3_2;Boat
ships/fishboat4_0;Boat
ships/fishboat4_1;Boat
ships/fishboat4_2;Boat
ships/fishboat5_0;Boat
ships/fishboat5_1;Boat
ships/fishboat5_2;Boat
ships/fishboat6_0;Boat
ships/fishboat6_1;Boat
ships/fishboat6_2;Boat
ships/fishboat7_0;Boat
ships/fishboat7_1;Boat
ships/fishboat7_2;Boat
ships/germ_bb_tirpitz_0;Battleship
ships/germ_bb_tirpitz_1;Battleship
ships/germ_bb_tirpitz_2;Battleship
ships/germ_dd_z28_0;Destroyer
ships/germ_dd_z28_1;Destroyer
ships/germ_dd_z28_2;Destroyer
ships/hms_cv_illustrious_0;Carrier
ships/hms_cv_illustrious_1;Carrier
ships/hms_cv_illustrious_2;Carrier
ships/hms_leander_0;Light Cruiser
ships/hms_leander_1;Light Cruiser
ships/hms_leander_2;Light Cruiser
ships/ijn_ca_nagara_0;Light Cruiser
ships/ijn_ca_nagara_1;Light Cruiser
ships/ijn_ca_nagara_2;Light Cruiser
ships/ijn_cv_zuikaku_story_0;Carrier
ships/ijn_cv_zuikaku_story_1;Carrier
ships/ijn_cv_zuikaku_story_2;Carrier
ships/ijn_cv_zuikaku_0;Carrier
ships/ijn_cv_zuikaku_1;Carrier
ships/ijn_cv_zuikaku_2;Carrier
ships/ijn_cvl_ryujo_0;Light carrier
ships/ijn_cvl_ryujo_1;Light carrier
ships/ijn_cvl_ryujo_2;Light carrier
ships/ijn_dd_shiratsuyu_light_0;Destroyer
ships/ijn_dd_shiratsuyu_light_1;Destroyer
ships/ijn_dd_shiratsuyu_light_2;Destroyer
ships/ijn_lcvp_0;Landing craft
ships/ijn_lcvp_1;Landing craft
ships/ijn_lcvp_2;Landing craft
ships/ijn_lcvp_lite_0;Landing craft
ships/ijn_lcvp_lite_1;Landing craft
ships/ijn_lcvp_lite_2;Landing craft
ships/ijn_patrol_boat_0;Patrol boat
ships/ijn_patrol_boat_1;Patrol boat
ships/ijn_patrol_boat_2;Patrol boat
ships/ijn_patrol_boat_lite_0;Patrol boat
ships/ijn_patrol_boat_lite_1;Patrol boat
ships/ijn_patrol_boat_lite_2;Patrol boat
ships/ijn_brander_0;Fire boat
ships/ijn_brander_1;Fire boat
ships/ijn_brander_2;Fire boat
ships/ital_cv_aquila_0;Carrier
ships/ital_cv_aquila_1;Carrier
ships/ital_cv_aquila_2;Carrier
ships/uss_2_0;Light Cruiser
ships/uss_brooklyn_1;Light Cruiser
ships/uss_brooklyn_2;Light Cruiser
ships/uss_cv_wasp_story_0;Carrier
ships/uss_cv_wasp_story_1;Carrier
ships/uss_cv_wasp_story_2;Carrier
ships/uss_cv_wasp_0;Carrier
ships/uss_cv_wasp_1;Carrier
ships/uss_cv_wasp_2;Carrier
ships/uss_dd_georgetown_0;Destroyer
ships/uss_dd_georgetown_1;Destroyer
ships/uss_dd_georgetown_2;Destroyer
ships/uss_dd_versus_0;Destroyer
ships/uss_dd_versus_1;Destroyer
ships/uss_dd_versus_2;Destroyer
ships/uss_dd_versus_less_weapon_0;Destroyer
ships/uss_dd_versus_less_weapon_1;Destroyer
ships/uss_dd_versus_less_weapon_2;Destroyer
ships/uss_lcvp_0;Landing craft
ships/uss_lcvp_1;Landing craft
ships/uss_lcvp_2;Landing craft
ships/uss_lcvp_lite_0;Landing craft
ships/uss_lcvp_lite_1;Landing craft
ships/uss_lcvp_lite_2;Landing craft
ships/uss_lcvp_includes_0;Landing craft
ships/uss_lcvp_includes_1;Landing craft
ships/uss_lcvp_includes_2;Landing craft
ships/uss_lst_0;Landing craft
ships/uss_lst_1;Landing craft
ships/uss_lst_2;Landing craft
ships/uss_lst_heavy_0;Heavy Landing craft
ships/uss_lst_heavy_1;Heavy Landing craft
ships/uss_lst_heavy_2;Heavy Landing craft
ships/uss_lst_includes_0;Landing craft
ships/uss_lst_includes_1;Landing craft
ships/uss_lst_includes_2;Landing craft
ships/uss_pt_109_0;Patrol boat
ships/uss_pt_109_1;Patrol boat
ships/uss_pt_109_2;Patrol boat
ships/uss_pt_109_lite_0;Patrol boat
ships/uss_pt_109_lite_1;Patrol boat
ships/uss_pt_109_lite_2;Patrol boat
ships/ussr_tb_g5_0;Patrol boat
ships/ussr_tb_g5_1;Patrol boat
ships/ussr_tb_g5_2;Patrol boat
ships/ussr_tb_g5_lite_0;Patrol boat
ships/ussr_tb_g5_lite_1;Patrol boat
ships/ussr_tb_g5_lite_2;Patrol boat
Destroyer_USSR_Type7_0;Destroyer
Destroyer_USSR_Type7_1;Destroyer
Destroyer_USSR_Type7_2;Destroyer
ships/ijn_dd_shiratsuyu_0;Destroyer
ships/ijn_dd_shiratsuyu_1;Destroyer
ships/ijn_dd_shiratsuyu_2;Destroyer
ships/uss_dd_sims_0;Destroyer
ships/uss_dd_sims_1;Destroyer
ships/uss_dd_sims_2;Destroyer
ships/uss_dd_sims_noguns_0;Destroyer
ships/uss_dd_sims_noguns_1;Destroyer
ships/uss_dd_sims_noguns_2;Destroyer
ships/uss_ca_sanfrancisco_0;Heavy Cruiser
ships/uss_ca_sanfrancisco_1;Heavy Cruiser
ships/uss_ca_sanfrancisco_2;Heavy Cruiser
ships/ijn_ca_myoko_0;Heavy Cruiser
ships/ijn_ca_myoko_1;Heavy Cruiser
ships/ijn_ca_myoko_2;Heavy Cruiser
ships/uss_bb_arizona_story_0;Battleship
ships/uss_bb_arizona_story_1;Battleship
ships/uss_bb_arizona_story_2;Battleship
ships/uss_bb_arizona_0;Battleship
ships/uss_bb_arizona_1;Battleship
ships/uss_bb_arizona_2;Battleship
ships/ijn_bb_nagato_story_0;Battleship
ships/ijn_bb_nagato_story_1;Battleship
ships/ijn_bb_nagato_story_2;Battleship
ships/ijn_bb_yamato_story_0;Battleship
ships/ijn_bb_yamato_story_1;Battleship
ships/ijn_bb_yamato_story_2;Battleship
ships/ijn_bb_nagato_0;Battleship
ships/ijn_bb_nagato_1;Battleship
ships/ijn_bb_nagato_2;Battleship
ships/ijn_bb_yamato_0;Battleship
ships/ijn_bb_yamato_1;Battleship
ships/ijn_bb_yamato_2;Battleship
ships/ijn_cv_soryu_story_0;Carrier
ships/ijn_cv_soryu_story_1;Carrier
ships/ijn_cv_soryu_story_2;Carrier
ships/ijn_cv_akagi_story_0;Carrier
ships/ijn_cv_akagi_story_1;Carrier
ships/ijn_cv_akagi_story_2;Carrier
ships/uss_cv_enterprise_story_0;Carrier
ships/uss_cv_enterprise_story_1;Carrier
ships/uss_cv_enterprise_story_2;Carrier
ships/uss_cv_lexington_story_0;Carrier
ships/uss_cv_lexington_story_1;Carrier
ships/uss_cv_lexington_story_2;Carrier
ships/ijn_cv_soryu_0;Carrier
ships/ijn_cv_soryu_1;Carrier
ships/ijn_cv_soryu_2;Carrier
ships/ijn_cv_akagi_0;Carrier
ships/ijn_cv_akagi_1;Carrier
ships/ijn_cv_akagi_2;Carrier
ships/uss_cv_enterprise_0;Carrier
ships/uss_cv_enterprise_1;Carrier
ships/uss_cv_enterprise_2;Carrier
ships/uss_cv_lexington_0;Carrier
ships/uss_cv_lexington_1;Carrier
ships/uss_cv_lexington_2;Carrier
ships/hms_cargo_ship_0;Cargo ship
ships/hms_cargo_ship_1;Cargo ship
ships/hms_cargo_ship_2;Cargo ship
ships/ijn_cargo_ship_0;Cargo ship
ships/ijn_cargo_ship_1;Cargo ship
ships/ijn_cargo_ship_2;Cargo ship
ships/ijn_cargo_ship_heavy_0;Cargo ship
ships/ijn_cargo_ship_heavy_1;Cargo ship
ships/ijn_cargo_ship_heavy_2;Cargo ship
ships/uss_cargo_ship_0;Cargo ship
ships/uss_cargo_ship_1;Cargo ship
ships/uss_cargo_ship_2;Cargo ship
ships/cargo_ship_0;Cargo ship
ships/cargo_ship_1;Cargo ship
ships/cargo_ship_2;Cargo ship
ships/cargo_ship_light_0;Light cargo ship
ships/cargo_ship_light_1;Light cargo ship
ships/cargo_ship_light_2;Light cargo ship
germ_cargo_ship_goldenfels_shop;Cargo ship
germ_cargo_ship_goldenfels_0;Cargo ship
germ_cargo_ship_goldenfels_1;Cargo ship
germ_cargo_ship_goldenfels_2;Cargo ship
germ_cargo_ship_goldenfels_EC_0;Cargo ship
germ_cargo_ship_goldenfels_EC_1;Cargo ship
germ_cargo_ship_goldenfels_EC_2;Cargo ship
us_cargo_ship_liberty_shop;Cargo ship
us_cargo_ship_liberty_0;Cargo ship
us_cargo_ship_liberty_1;Cargo ship
us_cargo_ship_liberty_2;Cargo ship
us_cargo_ship_liberty_EC_0;Cargo ship
us_cargo_ship_liberty_EC_1;Cargo ship
us_cargo_ship_liberty_EC_2;Cargo ship
ussr_cargo_ship_liberty_shop;Cargo ship
ussr_cargo_ship_liberty_0;Cargo ship
ussr_cargo_ship_liberty_1;Cargo ship
ussr_cargo_ship_liberty_2;Cargo ship
uk_cargo_ship_liberty_shop;Cargo ship
uk_cargo_ship_liberty_0;Cargo ship
uk_cargo_ship_liberty_1;Cargo ship
uk_cargo_ship_liberty_2;Cargo ship
uk_cargo_ship_liberty_EC_0;Cargo ship
uk_cargo_ship_liberty_EC_1;Cargo ship
uk_cargo_ship_liberty_EC_2;Cargo ship
us_cargo_ship_ss_ohio_shop;Cargo ship
us_cargo_ship_ss_ohio_0;Cargo ship
us_cargo_ship_ss_ohio_1;Cargo ship
us_cargo_ship_ss_ohio_2;Cargo ship
jp_cargo_ship_kashino_shop;Cargo ship
jp_cargo_ship_kashino_0;Cargo ship
jp_cargo_ship_kashino_1;Cargo ship
jp_cargo_ship_kashino_2;Cargo ship
jp_cargo_ship_kashino_EC_0;Cargo ship
jp_cargo_ship_kashino_EC_1;Cargo ship
jp_cargo_ship_kashino_EC_2;Cargo ship
jp_daihatsu_landing_craft_0;Daihatsu-class landing craft
jp_daihatsu_landing_craft_1;Landing craft
jp_daihatsu_landing_craft_2;Landing craft
cargo_ship_norbris;Cargo ship
tanker_nicolaos;Tanker
air_defence/germ_20mm_flak38_0;AAA
air_defence/germ_20mm_flak38_1;AAA
air_defence/germ_20mm_flak38_2;AAA
air_defence/germ_20mm_flak38_airfield_0;AAA
air_defence/germ_20mm_flak38_airfield_1;AAA
air_defence/germ_20mm_flak38_airfield_2;AAA
air_defence/germ_20mm_flak38_helipad_0;AAA
air_defence/germ_20mm_flak38_helipad_1;AAA
air_defence/germ_20mm_flak38_helipad_2;AAA
air_defence/germ_20mm_flak38_longrange_helipad_0;AAA
air_defence/germ_20mm_flak38_longrange_helipad_1;AAA
air_defence/germ_20mm_flak38_longrange_helipad_2;AAA
air_defence/germ_20mm_flak38_noground_light_0;AAA
air_defence/germ_20mm_flak38_noground_light_1;AAA
air_defence/germ_20mm_flak38_noground_light_2;AAA
air_defence/germ_20mm_flak38_noground_0;AAA
air_defence/germ_20mm_flak38_noground_1;AAA
air_defence/germ_20mm_flak38_noground_2;AAA
air_defence/germ_20mmx4_flak38_0;AAA
air_defence/germ_20mmx4_flak38_1;AAA
air_defence/germ_20mmx4_flak38_2;AAA
air_defence/germ_20mmx4_flak38_noground_0;AAA
air_defence/germ_20mmx4_flak38_noground_1;AAA
air_defence/germ_20mmx4_flak38_noground_2;AAA
air_defence/germ_37mm_flak43_0;AAA
air_defence/germ_37mm_flak43_1;AAA
air_defence/germ_37mm_flak43_2;AAA
air_defence/germ_37mm_flak43_airfield_0;AAA
air_defence/germ_37mm_flak43_airfield_1;AAA
air_defence/germ_37mm_flak43_airfield_2;AAA
air_defence/germ_37mm_flak43_naval_0;AAA
air_defence/germ_37mm_flak43_naval_1;AAA
air_defence/germ_37mm_flak43_naval_2;AAA
air_defence/germ_37mm_flak43_noground_0;AAA
air_defence/germ_37mm_flak43_noground_1;AAA
air_defence/germ_37mm_flak43_noground_2;AAA
air_defence/germ_88mm_flak36_0;AAA
air_defence/germ_88mm_flak36_1;AAA
air_defence/germ_88mm_flak36_2;AAA
air_defence/germ_88mm_flak36_noground_0;AAA
air_defence/germ_88mm_flak36_noground_1;AAA
air_defence/germ_88mm_flak36_noground_2;AAA
air_defence/germ_flakpanzer38_20mm_0;AAA
air_defence/germ_flakpanzer38_20mm_1;AAA
air_defence/germ_flakpanzer38_20mm_2;AAA
air_defence/germ_sdkfz62_37mm_0;AAA
air_defence/germ_sdkfz62_37mm_1;AAA
air_defence/germ_sdkfz62_37mm_2;AAA
air_defence/germ_sdkfz71_20mm_0;AAA
air_defence/germ_sdkfz71_20mm_1;AAA
air_defence/germ_sdkfz71_20mm_2;AAA
air_defence/jpn_13mm_hotchkiss_0;AAA
air_defence/jpn_13mm_hotchkiss_1;AAA
air_defence/jpn_13mm_hotchkiss_2;AAA
air_defence/jpn_40mm_airfield_0;AAA
air_defence/jpn_40mm_airfield_1;AAA
air_defence/jpn_40mm_airfield_2;AAA
air_defence/jpn_25mm_t96_0;AAA
air_defence/jpn_25mm_t96_1;AAA
air_defence/jpn_25mm_t96_2;AAA
air_defence/jpn_25mm_t96_coastfort_0;AAA
air_defence/jpn_25mm_t96_coastfort_1;AAA
air_defence/jpn_25mm_t96_coastfort_2;AAA
air_defence/jpn_25mm_t96_noground_0;AAA
air_defence/jpn_25mm_t96_noground_1;AAA
air_defence/jpn_25mm_t96_noground_2;AAA
air_defence/jpn_25mm_t96_sandfort_0;AAA
air_defence/jpn_25mm_t96_sandfort_1;AAA
air_defence/jpn_25mm_t96_sandfort_2;AAA
air_defence/jpn_25mm_t96_sandfort2_0;AAA
air_defence/jpn_25mm_t96_sandfort2_1;AAA
air_defence/jpn_25mm_t96_sandfort2_2;AAA
air_defence/jpn_75mm_t88_0;AAA
air_defence/jpn_75mm_t88_1;AAA
air_defence/jpn_75mm_t88_2;AAA
air_defence/jpn_75mm_t88_coastfort_0;AAA
air_defence/jpn_75mm_t88_coastfort_1;AAA
air_defence/jpn_75mm_t88_coastfort_2;AAA
air_defence/jpn_75mm_t88_noground_0;AAA
air_defence/jpn_75mm_t88_noground_1;AAA
air_defence/jpn_75mm_t88_noground_2;AAA
air_defence/jpn_75mm_t88_sandfort_0;AAA
air_defence/jpn_75mm_t88_sandfort_1;AAA
air_defence/jpn_75mm_t88_sandfort_2;AAA
air_defence/jpn_80mm_t3_0;AAA
air_defence/jpn_80mm_t3_1;AAA
air_defence/jpn_80mm_t3_2;AAA
air_defence/searchLight_0;Search light
air_defence/searchLight_1;Search light
air_defence/searchLight_2;Search light
air_defence/uk_12mm_m2_0;Light AA gun
air_defence/uk_12mm_m2_1;Light AA
air_defence/uk_12mm_m2_2;AAA
air_defence/uk_12mm_m2_noground_0;Light AA gun
air_defence/uk_12mm_m2_noground_1;Light AAA
air_defence/uk_12mm_m2_noground_2;AAA
air_defence/uk_40mm_bofors_0;AAA
air_defence/uk_40mm_bofors_1;AAA
air_defence/uk_40mm_bofors_2;AAA
air_defence/uk_40mm_bofors_noground_0;AAA
air_defence/uk_40mm_bofors_noground_1;AAA
air_defence/uk_40mm_bofors_noground_2;AAA
air_defence/uk_40mm_bofors_airfield_0;AAA
air_defence/uk_40mm_bofors_airfield_1;AAA
air_defence/uk_40mm_bofors_airfield_2;AAA
air_defence/40mm_arcade_gun_0;AAA
air_defence/40mm_arcade_gun_1;AAA
air_defence/40mm_arcade_gun_2;AAA
air_defence/us_12mm_m2_0;Light AA gun
air_defence/us_12mm_m2_1;Light AAA
air_defence/us_12mm_m2_2;AAA
air_defence/us_12mm_m2_coastfort_0;Light AA gun
air_defence/us_12mm_m2_coastfort_1;Light AAA
air_defence/us_12mm_m2_coastfort_2;AAA
air_defence/us_12mm_m2_noground_0;Light AA gun
air_defence/us_12mm_m2_noground_1;Light AAA
air_defence/us_12mm_m2_noground_2;AAA
air_defence/us_12mm_m2_sandfort_0;Light AA gun
air_defence/us_12mm_m2_sandfort_1;AAA
air_defence/us_12mm_m2_sandfort_2;AAA
air_defence/us_40mm_bofors_0;AAA
air_defence/us_40mm_bofors_1;AAA
air_defence/us_40mm_bofors_2;AAA
air_defence/us_40mm_bofors_airfield_0;AAA
air_defence/us_40mm_bofors_airfield_1;AAA
air_defence/us_40mm_bofors_airfield_2;AAA
air_defence/us_40mm_bofors_noground_0;AAA
air_defence/us_40mm_bofors_noground_1;AAA
air_defence/us_40mm_bofors_noground_2;AAA
air_defence/us_90mm_m1_0;AAA
air_defence/us_90mm_m1_1;AAA
air_defence/us_90mm_m1_2;AAA
air_defence/us_90mm_versus_0;AAA
air_defence/us_90mm_versus_1;AAA
air_defence/us_90mm_versus_2;AAA
air_defence/us_m16_truck_0;AAA
air_defence/us_m16_truck_1;AAA
air_defence/us_m16_truck_2;AAA
air_defence/ussr_25mm_72k_0;AAA
air_defence/ussr_25mm_72k_1;AAA
air_defence/ussr_25mm_72k_2;AAA
air_defence/ussr_25mm_72k_airfield_0;AAA
air_defence/ussr_25mm_72k_airfield_1;AAA
air_defence/ussr_25mm_72k_airfield_2;AAA
air_defence/ussr_25mm_72k_noground_0;AAA
air_defence/ussr_25mm_72k_noground_1;AAA
air_defence/ussr_25mm_72k_noground_2;AAA
air_defence/ussr_37mm_61k_0;AAA
air_defence/ussr_37mm_61k_1;AAA
air_defence/ussr_37mm_61k_2;AAA
air_defence/ussr_37mm_61k_noground_0;AAA
air_defence/ussr_37mm_61k_noground_1;AAA
air_defence/ussr_37mm_61k_noground_2;AAA
air_defence/ussr_37mm_61k_airfield_0;AAA
air_defence/ussr_37mm_61k_airfield_1;AAA
air_defence/ussr_37mm_61k_airfield_2;AAA
air_defence/ussr_85mm_52k_0;AAA
air_defence/ussr_85mm_52k_1;AAA
air_defence/ussr_85mm_52k_2;AAA
air_defence/ussr_85mm_52k_noground_0;AAA
air_defence/ussr_85mm_52k_noground_1;AAA
air_defence/ussr_85mm_52k_noground_2;AAA
air_defence/ussr_zis5_37mm_0;AAA
air_defence/ussr_zis5_37mm_1;AAA
air_defence/ussr_zis5_37mm_2;AAA
air_defence/ussr_zis5_20mm_0;AAA
air_defence/ussr_zis5_20mm_1;AAA
air_defence/ussr_zis5_20mm_2;AAA
air_defence/arcade_germ_37mm_0;AAA
air_defence/arcade_germ_37mm_1;AAA
air_defence/arcade_germ_37mm_2;AAA
air_defence/arcade_germ_88mm_0;AAA
air_defence/arcade_germ_88mm_1;AAA
air_defence/arcade_germ_88mm_2;AAA
air_defence/arcade_jpn_25mm_0;AAA
air_defence/arcade_jpn_25mm_1;AAA
air_defence/arcade_jpn_25mm_2;AAA
air_defence/arcade_jpn_80mm_0;AAA
air_defence/arcade_jpn_80mm_1;AAA
air_defence/arcade_jpn_80mm_2;AAA
air_defence/arcade_uk_40mm_0;AAA
air_defence/arcade_uk_40mm_1;AAA
air_defence/arcade_uk_40mm_2;AAA
air_defence/arcade_uk_90mm_0;AAA
air_defence/arcade_uk_90mm_1;AAA
air_defence/arcade_uk_90mm_2;AAA
air_defence/arcade_us_40mm_0;AAA
air_defence/arcade_us_40mm_1;AAA
air_defence/arcade_us_40mm_2;AAA
air_defence/arcade_us_90mm_0;AAA
air_defence/arcade_us_90mm_1;AAA
air_defence/arcade_us_90mm_2;AAA
air_defence/arcade_ussr_37mm_0;AAA
air_defence/arcade_ussr_37mm_1;AAA
air_defence/arcade_ussr_37mm_2;AAA
air_defence/arcade_ussr_85mm_0;AAA
air_defence/arcade_ussr_85mm_1;AAA
air_defence/arcade_ussr_85mm_2;AAA
structures/barrage_balloon_b_unit_0;Barrage balloon
structures/barrage_balloon_b_unit_1;Balloon
structures/barrage_balloon_b_unit_2;Balloon
structures/barrage_balloon_unit_0;Barrage balloon
structures/barrage_balloon_unit_1;Balloon
structures/barrage_balloon_unit_2;Balloon
structures/barrage_balloon_unit_light_0;Barrage balloon
structures/barrage_balloon_unit_light_1;Balloon
structures/barrage_balloon_unit_light_2;Balloon
structures/germ_37mm_pak36_0;Artillery
structures/germ_37mm_pak36_1;Artillery
structures/germ_37mm_pak36_2;Artillery
structures/germ_37mm_pak36_noground_light_0;Artillery
structures/germ_37mm_pak36_noground_light_1;Artillery
structures/germ_37mm_pak36_noground_light_2;Artillery
structures/germ_37mm_pak36_noground_0;Artillery
structures/germ_37mm_pak36_noground_1;Artillery
structures/germ_37mm_pak36_noground_2;Artillery
structures/germ_50mm_pak38_0;Artillery
structures/germ_50mm_pak38_1;Artillery
structures/germ_50mm_pak38_2;Artillery
structures/germ_75mm_pak40_0;Artillery
structures/germ_75mm_pak40_1;Artillery
structures/germ_75mm_pak40_2;Artillery
structures/germ_75mm_pak40_noground_0;Artillery
structures/germ_75mm_pak40_noground_1;Artillery
structures/germ_75mm_pak40_noground_2;Artillery
structures/germ_88mm_pak43_0;Artillery
structures/germ_88mm_pak43_1;Artillery
structures/germ_88mm_pak43_2;Artillery
structures/germ_88mm_pak43_noground_0;Artillery
structures/germ_88mm_pak43_noground_1;Artillery
structures/germ_88mm_pak43_noground_2;Artillery
structures/germ_quest_large_art_0;Howitzer
structures/germ_quest_large_art_1;Howitzer
structures/germ_quest_large_art_2;Howitzer
structures/germ_quest_large_art_noground_0;Howitzer
structures/germ_quest_large_art_noground_1;Howitzer
structures/germ_quest_large_art_noground_2;Howitzer
structures/jpn_37mm_t94_0;Artillery
structures/jpn_37mm_t94_1;Artillery
structures/jpn_37mm_t94_2;Artillery
structures/jpn_37mm_t94_coastfort_0;Artillery
structures/jpn_37mm_t94_coastfort_1;Artillery
structures/jpn_37mm_t94_coastfort_2;Artillery
structures/jpn_47mm_t1_0;Artillery
structures/jpn_47mm_t1_1;Artillery
structures/jpn_47mm_t1_2;Artillery
structures/jpn_47mm_t1_coastfort_0;Artillery
structures/jpn_47mm_t1_coastfort_1;Artillery
structures/jpn_47mm_t1_coastfort_2;Artillery
structures/jpn_75mm_t90_0;Artillery
structures/jpn_75mm_t90_1;Artillery
structures/jpn_75mm_t90_2;Artillery
structures/jpn_75mm_t90_coastfort_0;Artillery
structures/jpn_75mm_t90_coastfort_1;Artillery
structures/jpn_75mm_t90_coastfort_2;Artillery
structures/jpn_75mm_t90_noground_0;Artillery
structures/jpn_75mm_t90_noground_1;Artillery
structures/jpn_75mm_t90_noground_2;Artillery
structures/jpn_75mm_t90_sandfort_0;Artillery
structures/jpn_75mm_t90_sandfort_1;Artillery
structures/jpn_75mm_t90_sandfort_2;Artillery
structures/watch_tower_0;Watchtower
structures/watch_tower_1;Watchtower
structures/watch_tower_2;Watchtower
structures/stuff_barrels_0;Barrels
structures/stuff_barrels_1;Barrels
structures/stuff_barrels_2;Barrels
structures/stuff_caissons_0;Caissons
structures/stuff_caissons_1;Caissons
structures/stuff_caissons_2;Caissons
structures/stuff_tentBarrels_0;Barrels
structures/stuff_tentBarrels_1;Barrels
structures/stuff_tentBarrels_2;Barrels
structures/stuff_tentCaissons_0;Caissons
structures/stuff_tentCaissons_1;Caissons
structures/stuff_tentCaissons_2;Caissons
structures/uk_57mm_mkIV_0;Artillery
structures/uk_57mm_mkIV_1;Artillery
structures/uk_57mm_mkIV_2;Artillery
structures/uk_87mm_mkII_0;Artillery
structures/uk_87mm_mkII_1;Artillery
structures/uk_87mm_mkII_2;Artillery
structures/uk_87mm_mkII_noground_0;Artillery
structures/uk_87mm_mkII_noground_1;Artillery
structures/uk_87mm_mkII_noground_2;Artillery
structures/uk_bunker_with_naval_cannon_0;Pillbox
structures/uk_bunker_with_naval_cannon_1;Pillbox
structures/uk_bunker_with_naval_cannon_2;Pillbox
structures/uk_bunker_0;Pillbox
structures/uk_bunker_1;Pillbox
structures/uk_bunker_2;Pillbox
structures/uk_bunker_extra_heavy_0;Heavy Pillbox
structures/uk_bunker_extra_heavy_1;Heavy Pillbox
structures/uk_bunker_extra_heavy_2;Heavy Pillbox
structures/uk_bunker_light_0;Light Pillbox
structures/uk_bunker_light_1;Light Pillbox
structures/uk_bunker_light_2;Light Pillbox
structures/uk_bunker_light_fat_0;Light Pillbox
structures/uk_bunker_light_fat_1;Light Pillbox
structures/uk_bunker_light_fat_2;Light Pillbox
structures/us_105mm_m2a1_0;Artillery
structures/us_105mm_m2a1_1;Artillery
structures/us_105mm_m2a1_2;Artillery
structures/us_105mm_m2a1_noground_0;Artillery
structures/us_105mm_m2a1_noground_1;Artillery
structures/us_105mm_m2a1_noground_2;Artillery
structures/us_155mm_m114_0;Artillery
structures/us_155mm_m114_1;Artillery
structures/us_155mm_m114_2;Artillery
structures/us_155mm_m114_ultimate_0;Artillery
structures/us_155mm_m114_ultimate_1;Artillery
structures/us_155mm_m114_ultimate_2;Artillery
structures/us_37mm_m3_0;Artillery
structures/us_37mm_m3_1;Artillery
structures/us_37mm_m3_2;Artillery
structures/us_37mm_m3_noground_0;Artillery
structures/us_37mm_m3_noground_1;Artillery
structures/us_37mm_m3_noground_2;Artillery
structures/us_57mm_m1_0;Artillery
structures/us_57mm_m1_1;Artillery
structures/us_57mm_m1_2;Artillery
structures/us_57mm_m1_noground_0;Artillery
structures/us_57mm_m1_noground_1;Artillery
structures/us_57mm_m1_noground_2;Artillery
structures/ussr_152mm_ml20_0;Artillery
structures/ussr_152mm_ml20_1;Artillery
structures/ussr_152mm_ml20_2;Artillery
structures/ussr_152mm_ml20_large_0;Artillery
structures/ussr_152mm_ml20_large_1;Artillery
structures/ussr_152mm_ml20_large_2;Artillery
structures/ussr_152mm_d1_illum_0;Artillery
structures/ussr_152mm_d1_illum_1;Artillery
structures/ussr_152mm_d1_illum_2;Artillery
wheeled_vehicles/us_m_270_mlrs_0;M270 MLRS
wheeled_vehicles/us_m_270_mlrs_1;M270 MLRS
wheeled_vehicles/us_m_270_mlrs_2;MLRS
wheeled_vehicles/ussr_bm_21_grad_0;BM-21 MLRS
wheeled_vehicles/ussr_bm_21_grad_1;BM-21 MLRS
wheeled_vehicles/ussr_bm_21_grad_2;MLRS
structures/ussr_quest_large_art_0;Howitzer
structures/ussr_quest_large_art_1;Howitzer
structures/ussr_quest_large_art_2;Howitzer
structures/ussr_quest_large_art_noground_0;Howitzer
structures/ussr_quest_large_art_noground_1;Howitzer
structures/ussr_quest_large_art_noground_2;Howitzer
structures/ussr_57mm_zis2_0;Artillery
structures/ussr_57mm_zis2_1;Artillery
structures/ussr_57mm_zis2_2;Artillery
structures/ussr_57mm_zis2_noground_0;Artillery
structures/ussr_57mm_zis2_noground_1;Artillery
structures/ussr_57mm_zis2_noground_2;Artillery
structures/ussr_76mm_zis3_0;Artillery
structures/ussr_76mm_zis3_1;Artillery
structures/ussr_76mm_zis3_2;Artillery
structures/ussr_76mm_zis3_noground_0;Artillery
structures/ussr_76mm_zis3_noground_1;Artillery
structures/ussr_76mm_zis3_noground_2;Artillery
structures/ussr_122mm_m30_0;Artillery
structures/ussr_122mm_m30_1;Artillery
structures/ussr_122mm_m30_2;Artillery
structures/ussr_122mm_m30_event_0;Artillery
structures/ussr_122mm_m30_event_1;Artillery
structures/ussr_122mm_m30_event_2;Artillery
structures/ussr_122mm_m30_noground_0;Artillery
structures/ussr_122mm_m30_noground_1;Artillery
structures/ussr_122mm_m30_noground_2;Artillery
structures/ussr_152mm_d1_0;Artillery
structures/ussr_152mm_d1_1;Artillery
structures/ussr_152mm_d1_2;Artillery
structures/203mm_artillery_event_0;Carriage, Traveling, Howitzer, B.L., 8-inch, Mk. VI
structures/203mm_artillery_event_1;B.L., 8-inch, Mk. VI
structures/203mm_artillery_event_2;Howitzer
structures/swe_120mm_coastal_0;Coastal artillery
structures/swe_120mm_coastal_1;Coastal artillery
structures/swe_120mm_coastal_2;Coastal artillery
structures/swe_152mm_coastal_0;Coastal artillery
structures/swe_152mm_coastal_1;Coastal artillery
structures/swe_152mm_coastal_2;Coastal artillery
structures/us_152mm_coastal_0;Coastal artillery
structures/us_152mm_coastal_1;Coastal artillery
structures/us_152mm_coastal_2;Coastal artillery
structures/heavy_lasgun_carrier_shop;Orbital lasgun
tracked_vehicles/germ_hummel_0;SPG
tracked_vehicles/germ_hummel_1;SPG
tracked_vehicles/germ_hummel_2;SPG
tracked_vehicles/germ_jagdpanther_0;SPG
tracked_vehicles/germ_jagdpanther_1;SPG
tracked_vehicles/germ_jagdpanther_2;SPG
tracked_vehicles/germ_marderIII_0;SPG
tracked_vehicles/germ_marderIII_1;SPG
tracked_vehicles/germ_marderIII_2;SPG
tracked_vehicles/germ_pzIIf_0;Light Tank
tracked_vehicles/germ_pzIIf_1;Light Tank
tracked_vehicles/germ_pzIIf_2;Light Tank
tracked_vehicles/germ_pzIIIj_0;Medium Tank
tracked_vehicles/germ_pzIIIj_1;Medium Tank
tracked_vehicles/germ_pzIIIj_2;Medium Tank
tracked_vehicles/germ_pzIVc_0;Medium Tank
tracked_vehicles/germ_pzIVc_1;Medium Tank
tracked_vehicles/germ_pzIVc_2;Medium Tank
tracked_vehicles/germ_pzIVh_0;Medium Tank
tracked_vehicles/germ_pzIVh_1;Medium Tank
tracked_vehicles/germ_pzIVh_2;Medium Tank
tracked_vehicles/italy_semovente_75_18_0;Medium Tank
tracked_vehicles/italy_semovente_75_18_1;Medium Tank
tracked_vehicles/italy_semovente_75_18_2;Medium Tank
tracked_vehicles/germ_pzV_a_panter_0;Heavy Tank
tracked_vehicles/germ_pzV_a_panter_1;Heavy Tank
tracked_vehicles/germ_pzV_a_panter_3;Heavy Tank
tracked_vehicles/germ_pzV_g_panter_0;Heavy Tank
tracked_vehicles/germ_pzV_g_panter_1;Heavy Tank
tracked_vehicles/germ_pzV_g_panter_3;Heavy Tank
tracked_vehicles/germ_stugIII_0;SPG
tracked_vehicles/germ_stugIII_1;SPG
tracked_vehicles/germ_stugIII_2;SPG
tracked_vehicles/germ_stugIIID_0;SPG
tracked_vehicles/germ_stugIIID_1;SPG
tracked_vehicles/germ_stugIIID_2;SPG
tracked_vehicles/germ_stugIV_0;SPG
tracked_vehicles/germ_stugIV_1;SPG
tracked_vehicles/germ_stugIV_2;SPG
tracked_vehicles/germ_tigerI_0;Heavy Tank
tracked_vehicles/germ_tigerI_1;Heavy Tank
tracked_vehicles/germ_tigerI_2;Heavy Tank
tracked_vehicles/germ_tigerII_0;Heavy Tank
tracked_vehicles/germ_tigerII_1;Heavy Tank
tracked_vehicles/germ_tigerII_2;Heavy Tank
tracked_vehicles/germ_wespe_0;Light Tank
tracked_vehicles/germ_wespe_1;Light Tank
tracked_vehicles/germ_wespe_2;Light Tank
tracked_vehicles/jpn_t89_IGo_0;Light Tank
tracked_vehicles/jpn_t89_IGo_1;Light Tank
tracked_vehicles/jpn_t89_IGo_2;Light Tank
tracked_vehicles/jpn_t95_HaGo_0;Armored Car
tracked_vehicles/jpn_t95_HaGo_1;Armored Car
tracked_vehicles/jpn_t95_HaGo_2;Armored Car
tracked_vehicles/jpn_t97_ChiHa_0;Light Tank
tracked_vehicles/jpn_t97_ChiHa_1;Light Tank
tracked_vehicles/jpn_t97_ChiHa_2;Light Tank
tracked_vehicles/jpn_t97_Shinhoto_ChiHa_0;Light Tank
tracked_vehicles/jpn_t97_Shinhoto_ChiHa_1;Light Tank
tracked_vehicles/jpn_t97_Shinhoto_ChiHa_2;Light Tank
tracked_vehicles/jpn_t97_ChiHa_Med_0;Medium Tank
tracked_vehicles/jpn_t97_ChiHa_Med_1;Medium Tank
tracked_vehicles/jpn_t97_ChiHa_Med_2;Medium Tank
tracked_vehicles/uk_matilda_mkII_0;Medium Tank
tracked_vehicles/uk_matilda_mkII_1;Medium Tank
tracked_vehicles/uk_matilda_mkII_2;Medium Tank
tracked_vehicles/us_m10_0;Medium Tank
tracked_vehicles/us_m10_1;Medium Tank
tracked_vehicles/us_m10_2;Medium Tank
tracked_vehicles/us_m3_lee_0;Medium Tank
tracked_vehicles/us_m3_lee_1;Medium Tank
tracked_vehicles/us_m3_lee_2;Medium Tank
tracked_vehicles/us_m4a1_0;Medium Tank
tracked_vehicles/us_m4a1_1;Medium Tank
tracked_vehicles/us_m4a1_2;Medium Tank
tracked_vehicles/us_m4a1_calliope_0;Medium Tank
tracked_vehicles/us_m4a1_calliope_1;Medium Tank
tracked_vehicles/us_m4a1_calliope_2;Medium Tank
tracked_vehicles/us_m4a2_0;Medium Tank
tracked_vehicles/us_m4a2_1;Medium Tank
tracked_vehicles/us_m4a2_2;Medium Tank
tracked_vehicles/us_m4a2_76w_0;Medium Tank
tracked_vehicles/us_m4a2_76w_1;Medium Tank
tracked_vehicles/us_m4a2_76w_2;Medium Tank
tracked_vehicles/us_m5a1_stuart6_0;Light Tank
tracked_vehicles/us_m5a1_stuart6_1;Light Tank
tracked_vehicles/us_m5a1_stuart6_2;Light Tank
tracked_vehicles/us_priest_m7_0;Medium Tank
tracked_vehicles/us_priest_m7_1;Medium Tank
tracked_vehicles/us_priest_m7_2;Medium Tank
tracked_vehicles/ussr_bt7_0;Light Tank
tracked_vehicles/ussr_bt7_1;Light Tank
tracked_vehicles/ussr_bt7_2;Light Tank
tracked_vehicles/ussr_is2_0;Heavy Tank
tracked_vehicles/ussr_is2_1;Heavy Tank
tracked_vehicles/ussr_is2_2;Heavy Tank
tracked_vehicles/ussr_kv1_0;Heavy Tank
tracked_vehicles/ussr_kv1_1;Heavy Tank
tracked_vehicles/ussr_kv1_2;Heavy Tank
tracked_vehicles/ussr_kv1s_0;Heavy Tank
tracked_vehicles/ussr_kv1s_1;Heavy Tank
tracked_vehicles/ussr_kv1s_2;Heavy Tank
tracked_vehicles/ussr_kv2_0;Heavy Tank
tracked_vehicles/ussr_kv2_1;Heavy Tank
tracked_vehicles/ussr_kv2_2;Heavy Tank
tracked_vehicles/ussr_isu152_0;SPG
tracked_vehicles/ussr_isu152_1;SPG
tracked_vehicles/ussr_isu152_2;SPG
tracked_vehicles/ussr_su100_0;SPG
tracked_vehicles/ussr_su100_1;SPG
tracked_vehicles/ussr_su100_2;SPG
tracked_vehicles/ussr_su76_0;SPG
tracked_vehicles/ussr_su76_1;SPG
tracked_vehicles/ussr_su76_2;SPG
tracked_vehicles/ussr_su85_0;SPG
tracked_vehicles/ussr_su85_1;SPG
tracked_vehicles/ussr_su85_2;SPG
tracked_vehicles/ussr_t34_85_0;Medium Tank
tracked_vehicles/ussr_t34_85_1;Medium Tank
tracked_vehicles/ussr_t34_85_2;Medium Tank
tracked_vehicles/ussr_t34_mode41_0;Medium Tank
tracked_vehicles/ussr_t34_mode41_1;Medium Tank
tracked_vehicles/ussr_t34_mode41_2;Medium Tank
tracked_vehicles/ussr_t34_mode43_0;Medium Tank
tracked_vehicles/ussr_t34_mode43_1;Medium Tank
tracked_vehicles/ussr_t34_mode43_2;Medium Tank
tracked_vehicles/ussr_t60_0;Light Tank
tracked_vehicles/ussr_t60_1;Light Tank
tracked_vehicles/ussr_t60_2;Light Tank
tracked_vehicles/ussr_t70m_0;Light Tank
tracked_vehicles/ussr_t70m_1;Light Tank
tracked_vehicles/ussr_t70m_2;Light Tank
structures/berlin_bridge_01_0;Bridge
structures/berlin_bridge_01_1;Bridge
structures/berlin_bridge_01_2;Bridge
structures/berlin_bridge_02_0;Bridge
structures/berlin_bridge_02_1;Bridge
structures/berlin_bridge_02_2;Bridge
structures/berlin_bridge_03_0;Bridge
structures/berlin_bridge_03_1;Bridge
structures/berlin_bridge_03_2;Bridge
structures/berlin_bridge_04_0;Bridge
structures/berlin_bridge_04_1;Bridge
structures/berlin_bridge_04_2;Bridge
structures/berlin_bridge_05_0;Bridge
structures/berlin_bridge_05_1;Bridge
structures/berlin_bridge_05_2;Bridge
structures/berlin_bridge_06_0;Bridge
structures/berlin_bridge_06_1;Bridge
structures/berlin_bridge_06_2;Bridge
structures/beton_rail_br_0;Bridge
structures/beton_rail_br_1;Bridge
structures/beton_rail_br_2;Bridge
structures/beton_road_br_0;Bridge
structures/beton_road_br_1;Bridge
structures/beton_road_br_2;Bridge
structures/beton_simple_br_0;Bridge
structures/beton_simple_br_1;Bridge
structures/beton_simple_br_2;Bridge
structures/wood_simple_br_0;Bridge
structures/wood_simple_br_1;Bridge
structures/wood_simple_br_2;Bridge
structures/bridge_rail_br_0;Bridge
structures/bridge_rail_br_1;Bridge
structures/bridge_rail_br_2;Bridge
structures/bridge_road_br_0;Bridge
structures/bridge_road_br_1;Bridge
structures/bridge_road_br_2;Bridge
structures/bridge_sample_0;Bridge
structures/bridge_sample_1;Bridge
structures/bridge_sample_2;Bridge
structures/bridge_stone_bu_0;Bridge
structures/bridge_stone_bu_1;Bridge
structures/bridge_stone_bu_2;Bridge
structures/city_bridge_br_0;Bridge
structures/city_bridge_br_1;Bridge
structures/city_bridge_br_2;Bridge
structures/mission_beton_simple_br_0;Bridge
structures/mission_beton_simple_br_1;Bridge
structures/mission_beton_simple_br_2;Bridge
structures/mission_beton_rail_br_0;Bridge
structures/mission_beton_rail_br_1;Bridge
structures/mission_beton_rail_br_2;Bridge
structures/mission_beton_road_br_0;Bridge
structures/mission_beton_road_br_1;Bridge
structures/mission_beton_road_br_2;Bridge
structures/bridge_mound_dynmodel_0;Bridge
structures/bridge_mound_dynmodel_1;Bridge
structures/bridge_mound_dynmodel_2;Bridge
structures/rail_simple_br_0;Bridge
structures/rail_simple_br_1;Bridge
structures/rail_simple_br_2;Bridge
fir_ny;Christmas tree
fir_ny_0;Christmas tree
fir_ny_1;Christmas tree
fir_ny_2;Christmas tree
giftbox_ny;Present
giftbox_ny_0;Present
giftbox_ny_1;Present
giftbox_ny_2;Present
giftbox;Present
giftbox_0;Present
giftbox_1;Present
giftbox_2;Present
ussr_freight_car_1926_shop;Railway carriage
ussr_freight_car_1926_0;Railway carriage
ussr_freight_car_1926_1;Railway carriage
ussr_freight_car_1926_2;Railway carriage
ussr_locomotive_e_1298_shop;Locomotive
ussr_locomotive_e_1298_0;Locomotive
ussr_locomotive_e_1298_1;Locomotive
ussr_locomotive_e_1298_2;Locomotive
structures/germ_380mm_skc34_0;Battleship artillery
structures/germ_380mm_skc34_1;Battleship artillery
structures/germ_380mm_skc34_2;Battleship artillery
germ_truck_sdkfz_6_2_tent_0;Sd.Kfz. 6
germ_truck_sdkfz_6_2_tent_1;Sd.Kfz. 6
germ_truck_sdkfz_6_2_tent_2;Vehicle
uk_truck_us6_studebaker_tent_0;Studebaker US6
uk_truck_us6_studebaker_tent_1;Studebaker US6
uk_truck_us6_studebaker_tent_2;Vehicle
uk_truck_us6_studebaker_board_0;Studebaker US6
uk_truck_us6_studebaker_board_1;Studebaker US6
uk_truck_us6_studebaker_board_2;Vehicle
us_truck_us6_studebaker_tent_0;Studebaker US6
us_truck_us6_studebaker_tent_1;Studebaker US6
us_truck_us6_studebaker_tent_2;Vehicle
us_truck_us6_studebaker_board_0;Studebaker US6
us_truck_us6_studebaker_board_1;Studebaker US6
us_truck_us6_studebaker_board_2;Vehicle
jp_truck_type_94_isuzu_0;Isuzu Type-94
jp_truck_type_94_isuzu_1;Isuzu Type-94
jp_truck_type_94_isuzu_2;Vehicle
ussr_truck_gaz_aaa_0;GAZ-AAA
ussr_truck_gaz_aaa_1;GAZ-AAA
ussr_truck_gaz_aaa_2;Vehicle
ussr_apc_btr_152_0;BTR-152
ussr_apc_btr_152_1;BTR-152
ussr_apc_btr_152_2;APC
us_apc_m113_0;M113
us_apc_m113_1;M113
us_apc_m113_2;APC
germ_apc_m113_0;M113
germ_apc_m113_1;M113
germ_apc_m113_2;APC
ussr_apc_bmp_1_0;BMP-1P
ussr_apc_bmp_1_1;BMP-1P
ussr_apc_bmp_1_2;IFV
germ_at_gun_flak36_shop;3.7 cm FlaK 36
germ_at_gun_flak36_0;3.7 cm anti-aircraft gun FlaK 36
germ_at_gun_flak36_1;3.7 cm FlaK 36
germ_at_gun_flak36_2;Anti-aircraft gun
germ_at_gun_pak36_0;3.7 cm anti-tank gun mod. 1935/1936 (PaK)
germ_at_gun_pak36_1;3.7 cm AT PaK
germ_at_gun_pak36_2;Anti-tank gun
germ_at_gun_pak38_0;5 cm anti-tank gun PaK 38
germ_at_gun_pak38_1;5 cm AT PaK 38
germ_at_gun_pak38_2;Anti-tank gun
germ_at_gun_pak40_shop;7.5 cm PaK 40
germ_at_gun_pak40_0;7.5 cm anti-tank gun PaK 40
germ_at_gun_pak40_1;7.5 cm AT PaK 40
germ_at_gun_pak40_2;Anti-tank gun
uk_at_gun_qf6pounder_0;6-pounder anti-tank gun
uk_at_gun_qf6pounder_1;6pdr AT
uk_at_gun_qf6pounder_2;Anti-tank gun
uk_at_gun_qf17pounder_0;17-pounder anti-tank gun
uk_at_gun_qf17pounder_1;17pdr AT
uk_at_gun_qf17pounder_2;Anti-tank gun
us_at_gun_m1_0;57 mm anti-tank gun M1
us_at_gun_m1_1;57 mm AT M1
us_at_gun_m1_2;Anti-tank gun
us_at_m40_0;106 mm anti-tank gun М40
us_at_m40_1;106 mm AT М40
us_at_m40_2;Anti-tank gun
ussr_at_gun_53k_0;45 mm anti-tank gun mod. 1937 (53-K)
ussr_at_gun_53k_1;45 mm AT 53-K
ussr_at_gun_53k_2;Anti-tank gun
ussr_at_spg_9_0;73 mm anti-tank gun SPG-9
ussr_at_spg_9_1;73 mm AT SPG-9
ussr_at_spg_9_2;Anti-tank gun
germ_machinegun_mg_08_0;Maschinengewehr 08
germ_machinegun_mg_08_1;MG 08
germ_machinegun_mg_08_2;Machine Gun
uk_machinegun_hotchkiss_mle_1914_0;Hotchkiss Mle 1909
uk_machinegun_hotchkiss_mle_1914_1;Hotchkiss Mle 1909
uk_machinegun_hotchkiss_mle_1914_2;Machine Gun
jp_at_37mm_type_1_0;37 mm anti-tank gun Type 1
jp_at_37mm_type_1_1;37 mm AT Type 1
jp_at_37mm_type_1_2;Anti-tank gun
structures/ship_target_mine_char_0;Target «Naval mine»
structures/ship_target_mine_char_1;Target «Naval mine»
structures/ship_target_mine_char_2;Target «Naval mine»
structures/ship_target_1_char_0;Target «Destroyer»
structures/ship_target_1_char_1;Target «Destroyer»
structures/ship_target_1_char_2;Target «Destroyer»
structures/ship_target_2_char_0;Target «Boat»
structures/ship_target_2_char_1;Target «Boat»
structures/ship_target_2_char_2;Target «Boat»
air_defence/aa_127mm_test_0;AAA
air_defence/aa_127mm_test_1;AAA
air_defence/aa_127mm_test_2;AAA
air_defence/us_ground_12mm_m2_noground_0;Machine Gun
air_defence/us_ground_12mm_m2_noground_1;Machine Gun
air_defence/us_ground_12mm_m2_noground_2;Machine Gun
wheeled_vehicles/germ_horch_0;Vehicle
wheeled_vehicles/germ_horch_1;Vehicle
wheeled_vehicles/germ_horch_2;Vehicle
wheeled_vehicles/germ_kubelwagen_0;Vehicle
wheeled_vehicles/germ_kubelwagen_1;Vehicle
wheeled_vehicles/germ_kubelwagen_2;Vehicle
wheeled_vehicles/germ_motobike_0;Vehicle
wheeled_vehicles/germ_motobike_1;Vehicle
wheeled_vehicles/germ_motobike_2;Vehicle
wheeled_vehicles/ussr_motobike_0;Vehicle
wheeled_vehicles/ussr_motobike_1;Vehicle
wheeled_vehicles/ussr_motobike_2;Vehicle
germ_opelBlitz_radio_0;Mobile radiostation
germ_opelBlitz_radio_1;Mobile radiostation
germ_opelBlitz_radio_2;Mobile radiostation
wheeled_vehicles/germ_opelBlitz_fuel_0;Vehicle
wheeled_vehicles/germ_opelBlitz_fuel_1;Vehicle
wheeled_vehicles/germ_opelBlitz_fuel_2;Vehicle
wheeled_vehicles/germ_opelBlitz_fuel_tutorial_0;Vehicle
wheeled_vehicles/germ_opelBlitz_fuel_tutorial_1;Vehicle
wheeled_vehicles/germ_opelBlitz_fuel_tutorial_2;Vehicle
wheeled_vehicles/germ_opelBlitz_radio_0;Vehicle
wheeled_vehicles/germ_opelBlitz_radio_1;Vehicle
wheeled_vehicles/germ_opelBlitz_radio_2;Vehicle
wheeled_vehicles/germ_opelBlitz_tent_0;Vehicle
wheeled_vehicles/germ_opelBlitz_tent_1;Vehicle
wheeled_vehicles/germ_opelBlitz_tent_2;Vehicle
wheeled_vehicles/germ_sdKfz_222_light_0;Light AC
wheeled_vehicles/germ_sdKfz_222_light_1;Light AC
wheeled_vehicles/germ_sdKfz_222_light_2;Light AC
wheeled_vehicles/germ_sdKfz_222_0;Armored Car
wheeled_vehicles/germ_sdKfz_222_1;Armored Car
wheeled_vehicles/germ_sdKfz_222_2;Armored Car
wheeled_vehicles/germ_sdKfz_232_0;Armored Car
wheeled_vehicles/germ_sdKfz_232_1;Armored Car
wheeled_vehicles/germ_sdKfz_232_2;Armored Car
wheeled_vehicles/germ_sdKfz_251_0;Armored Car
wheeled_vehicles/germ_sdKfz_251_1;Armored Car
wheeled_vehicles/germ_sdKfz_251_2;Armored Car
wheeled_vehicles/germ_sdKfz_7_0;Vehicle
wheeled_vehicles/germ_sdKfz_7_1;Vehicle
wheeled_vehicles/germ_sdKfz_7_2;Vehicle
wheeled_vehicles/jpn_halftrack_ho_ha_0;Vehicle
wheeled_vehicles/jpn_halftrack_ho_ha_1;Vehicle
wheeled_vehicles/jpn_halftrack_ho_ha_2;Vehicle
wheeled_vehicles/jpn_scout_car_kurogane_0;Vehicle
wheeled_vehicles/jpn_scout_car_kurogane_1;Vehicle
wheeled_vehicles/jpn_scout_car_kurogane_2;Vehicle
wheeled_vehicles/jpn_truck_0;Vehicle
wheeled_vehicles/jpn_truck_1;Vehicle
wheeled_vehicles/jpn_truck_2;Vehicle
wheeled_vehicles/uk_daimler_mk1_0;Armored Car
wheeled_vehicles/uk_daimler_mk1_1;Armored Car
wheeled_vehicles/uk_daimler_mk1_2;Armored Car
wheeled_vehicles/uk_ford_fat2_0;Vehicle
wheeled_vehicles/uk_ford_fat2_1;Vehicle
wheeled_vehicles/uk_ford_fat2_2;Vehicle
wheeled_vehicles/uk_t17e1_0;Vehicle
wheeled_vehicles/uk_t17e1_1;Vehicle
wheeled_vehicles/uk_t17e1_2;Vehicle
wheeled_vehicles/uk_universal_carrier_mkI_0;Vehicle
wheeled_vehicles/uk_universal_carrier_mkI_1;Vehicle
wheeled_vehicles/uk_universal_carrier_mkI_2;Vehicle
wheeled_vehicles/us_ambulance_0;Vehicle
wheeled_vehicles/us_ambulance_1;Vehicle
wheeled_vehicles/us_ambulance_2;Vehicle
wheeled_vehicles/us_cargo_truck_0;Vehicle
wheeled_vehicles/us_cargo_truck_1;Vehicle
wheeled_vehicles/us_cargo_truck_2;Vehicle
wheeled_vehicles/us_dodge_wc51_0;Vehicle
wheeled_vehicles/us_dodge_wc51_1;Vehicle
wheeled_vehicles/us_dodge_wc51_2;Vehicle
wheeled_vehicles/us_m3_halftrack_0;Vehicle
wheeled_vehicles/us_m3_halftrack_1;Vehicle
wheeled_vehicles/us_m3_halftrack_2;Vehicle
wheeled_vehicles/us_m8_greyhound_0;Armored Car
wheeled_vehicles/us_m8_greyhound_1;Armored Car
wheeled_vehicles/us_m8_greyhound_2;Armored Car
wheeled_vehicles/us_motobike_0;Vehicle
wheeled_vehicles/us_motobike_1;Vehicle
wheeled_vehicles/us_motobike_2;Vehicle
wheeled_vehicles/us_willys_mb_7mm_0;Vehicle
wheeled_vehicles/us_willys_mb_7mm_1;Vehicle
wheeled_vehicles/us_willys_mb_7mm_2;Vehicle
wheeled_vehicles/ussr_ba10_0;Armored Car
wheeled_vehicles/ussr_ba10_1;Armored Car
wheeled_vehicles/ussr_ba10_2;Armored Car
wheeled_vehicles/ussr_ba64_0;Armored Car
wheeled_vehicles/ussr_ba64_1;Armored Car
wheeled_vehicles/ussr_ba64_2;Armored Car
wheeled_vehicles/ussr_gaz_67_0;Vehicle
wheeled_vehicles/ussr_gaz_67_1;Vehicle
wheeled_vehicles/ussr_gaz_67_2;Vehicle
wheeled_vehicles/ussr_gaz_m1_0;Vehicle
wheeled_vehicles/ussr_gaz_m1_1;Vehicle
wheeled_vehicles/ussr_gaz_m1_2;Vehicle
wheeled_vehicles/ussr_katusha_0;MLRS
wheeled_vehicles/ussr_katusha_1;MLRS
wheeled_vehicles/ussr_katusha_2;MLRS
wheeled_vehicles/ger_panzerwerfer_42_a_0;MLRS
wheeled_vehicles/ger_panzerwerfer_42_a_1;MLRS
wheeled_vehicles/ger_panzerwerfer_42_a_2;MLRS
wheeled_vehicles/ussr_zis5_fuel_0;Vehicle
wheeled_vehicles/ussr_zis5_fuel_1;Vehicle
wheeled_vehicles/ussr_zis5_fuel_2;Vehicle
wheeled_vehicles/ussr_zis5_med_0;Vehicle
wheeled_vehicles/ussr_zis5_med_1;Vehicle
wheeled_vehicles/ussr_zis5_med_2;Vehicle
wheeled_vehicles/ussr_zis5_0;Vehicle
wheeled_vehicles/ussr_zis5_1;Vehicle
wheeled_vehicles/ussr_zis5_2;Vehicle
wheeled_vehicles/ussr_zis5_cargo_0;Vehicle
wheeled_vehicles/ussr_zis5_cargo_1;Vehicle
wheeled_vehicles/ussr_zis5_cargo_2;Vehicle
TribalDestroyer_0;Tribal Destroyer
TribalDestroyer_1;Tribal Destroyer
TribalDestroyer_2;Tribal Destroyer
low_case;low case
germ_3x280mm_sk_c34_for_land_battles_0;Pillbox
germ_3x280mm_sk_c34_for_land_battles_1;Pillbox
germ_3x280mm_sk_c34_for_land_battles_2;Pillbox
swe_120mm_for_land_battles_0;Pillbox
swe_120mm_for_land_battles_1;Pillbox
swe_120mm_for_land_battles_2;Pillbox
swe_152mm_for_land_battles_0;Pillbox
swe_152mm_for_land_battles_1;Pillbox
swe_152mm_for_land_battles_2;Pillbox
us_152mm_for_land_battles_0;Pillbox
us_152mm_for_land_battles_1;Pillbox
us_152mm_for_land_battles_2;Pillbox
air_defence/us_ground_12mm_m2_noground_0;Machine Gun
air_defence/us_ground_12mm_m2_noground_1;Machine Gun
air_defence/us_ground_12mm_m2_noground_2;Machine Gun
us_ai_aew_radar_tps_59_0;Radar Set, Lightweight, 3D, AN/TPS-59
us_ai_aew_radar_tps_59_1;AN/TPS-59
us_ai_aew_radar_tps_59_2;Radar
us_ai_sam_radar_cwar_0;Radar Set, AN/MPQ-55 Continuous Wave Acquisition Radar
us_ai_sam_radar_cwar_1;AN/MPQ-55
us_ai_sam_radar_cwar_2;Radar
us_ai_sam_radar_an_mpq_53_0;Radar Set, Semitrailer Mounted: AN/MPQ-53
us_ai_sam_radar_an_mpq_53_1;AN/MPQ-53
us_ai_sam_radar_an_mpq_53_2;Radar
us_ai_sam_radar_an_mpq_46_0;Radar Set, AN/MPQ-46
us_ai_sam_radar_an_mpq_46_1;AN/MPQ-46
us_ai_sam_radar_an_mpq_46_2;Radar
us_ai_mlrs_m270_0;Launcher, Rocket, Armored Vehicle Mounted: M270
us_ai_mlrs_m270_1;M270
us_ai_mlrs_m270_2;MLRS
us_ai_tbm_m752_lance_0;Carrier, Guided Missile Equipment: Self-Propelled, M752
us_ai_tbm_m752_lance_1;M752
us_ai_tbm_m752_lance_2;TBM
us_ai_sam_launcher_m901_0;Launching Station, Guided Missile, Semitrailer Mounted: M901
us_ai_sam_launcher_m901_1;M901
us_ai_sam_launcher_m901_2;SAM
us_ai_sam_launcher_m192_0;Launcher, Zero Length, Guided Missile, Semitrailer Mounted: M192
us_ai_sam_launcher_m192_1;M192
us_ai_sam_launcher_m192_2;SAM
wheeled_vehicles/us_m939_awning_ammo_carrier_0;Truck, Chassis: 5-Ton, 6x6, M939
wheeled_vehicles/us_m939_awning_ammo_carrier_1;M939
wheeled_vehicles/us_m939_awning_ammo_carrier_2;Transport
wheeled_vehicles/us_m978_fuel_carrier_0;Truck, Tank: Fuel Servicing, 8x8, 2,500 gal, HEMTT, M978
wheeled_vehicles/us_m978_fuel_carrier_1;M978
wheeled_vehicles/us_m978_fuel_carrier_2;Transport
ussr_ai_sam_launcher_s_75_0;SM-90
ussr_ai_sam_launcher_s_75_1;SM-90
ussr_ai_sam_launcher_s_75_2;SAM
ussr_ai_sam_radar_p_12_0;P-12
ussr_ai_sam_radar_p_12_1;P-12
ussr_ai_sam_radar_p_12_2;Radar
ussr_ai_sam_radar_snr_75_0;SNR-75
ussr_ai_sam_radar_snr_75_1;SNR-75
ussr_ai_sam_radar_snr_75_2;Radar
ussr_ai_aew_radar_55j6_0;Radiolokaczionnaâ stancziâ 55Ž6 «Nyebo»
ussr_ai_aew_radar_55j6_1;55Ž6
ussr_ai_aew_radar_55j6_2;Radar
ussr_ai_sam_radar_5n64s_0;Radiolokator obnaružyeniâ 5N64S
ussr_ai_sam_radar_5n64s_1;5N64S
ussr_ai_sam_radar_5n64s_2;Radar
ussr_ai_sam_radar_5n63s_0;Komandnyj punkt 5N63S
ussr_ai_sam_radar_5n63s_1;5N63S
ussr_ai_sam_radar_5n63s_2;Radar
ussr_ai_sam_radar_9s18_0;"Stancziâ obnaružyeniâ i czyelyeukazaniâ 9S18 ""Kupol"""
ussr_ai_sam_radar_9s18_1;9S18
ussr_ai_sam_radar_9s18_2;Radar
ussr_ai_mlrs_9a52_2_smerch_0;"Boyevaâ mašina 9A52-2 ""Smyerč-M"""
ussr_ai_mlrs_9a52_2_smerch_1;9A52-2
ussr_ai_mlrs_9a52_2_smerch_2;MLRS
ussr_ai_tbm_9k79_tochka_0;"Taktičyeskij rakyetnyj komplyeks 9P129 ""Točka"""
ussr_ai_tbm_9k79_tochka_1;9P129
ussr_ai_tbm_9k79_tochka_2;TBM
ussr_ai_sam_launcher_5p85se_0;Samokhodnaâ ognyevaâ ustanovka 5P85S
ussr_ai_sam_launcher_5p85se_1;5P85S
ussr_ai_sam_launcher_5p85se_2;SPAAM
ussr_ai_sam_launcher_9a310_0;"Samokhodnaâ ognyevaâ ustanovka 9S18 ""Kupol"""
ussr_ai_sam_launcher_9a310_1;9A310
ussr_ai_sam_launcher_9a310_2;SPAAM
wheeled_vehicles/ussr_kamaz_4310_awning_ammo_carrier_0;KAMAZ-4310
wheeled_vehicles/ussr_kamaz_4310_awning_ammo_carrier_1;KAMAZ-4310
wheeled_vehicles/ussr_kamaz_4310_awning_ammo_carrier_2;Transport
ussr_g5_mtb_landing_craft_0;G-5
ussr_g5_mtb_landing_craft_1;G-5
ussr_g5_mtb_landing_craft_2;Landing craft

us_aircraftcarrier_lexington_shop;USS Lexington (CV-2)
us_aircraftcarrier_lexington_0;"<color=#fffa62>Lexington-class</color>
USS Lexington (CV-2)
<color=#adadad>(1942)</color>"
us_aircraftcarrier_lexington_1;USS Lexington
us_aircraftcarrier_lexington_2;Carrier

us_aircraftcarrier_enterprise_shop;USS Enterprise (CV-6)
us_aircraftcarrier_enterprise_0;"<color=#fffa62>Yorktown-class</color>
USS Enterprise (CV-6)
<color=#adadad>(1942)</color>"
us_aircraftcarrier_enterprise_1;USS Enterprise
us_aircraftcarrier_enterprise_2;Carrier

us_aircraftcarrier_saratoga_shop;USS Saratoga (CV-3)
us_aircraftcarrier_saratoga_0;"<color=#fffa62>Lexington-class</color>
USS Saratoga (CV-3)
<color=#adadad>(1942)</color>"
us_aircraftcarrier_saratoga_1;USS Saratoga
us_aircraftcarrier_saratoga_2;Carrier

us_aircraftcarrier_forrestal_shop;USS Forrestal (CVA-59)
us_aircraftcarrier_forrestal_0;USS Forrestal (CVA-59)
us_aircraftcarrier_forrestal_1;USS Forrestal
us_aircraftcarrier_forrestal_2;Carrier

ussr_aircraftcarrier_baku_shop;Baku
ussr_aircraftcarrier_baku_0;"<color=#fffa62>Proyekt 11434</color>
Baku"
ussr_aircraftcarrier_baku_1;Baku
ussr_aircraftcarrier_baku_2;Carrier

ships/ussr_aircraftcarrier_admiral_kuznetsov_shop;Admiral Flota Sovyetskogo Soûza Kuznyeczov
ships/ussr_aircraftcarrier_admiral_kuznetsov_0;"<color=#81c3fc>Čyernomorskij sudostroityel'nyj zavod</color>
<color=#fffa62>Tâžëlyj Avianyesuŝij Kryejsyer Proyekt 1143.5 Kryečyet</color>
Admiral Flota Sovyetskogo Soûza Kuznyeczov"
ships/ussr_aircraftcarrier_admiral_kuznetsov_1;Admiral Flota Sovyetskogo Soûza Kuznyeczov
ships/ussr_aircraftcarrier_admiral_kuznetsov_2;Destroyer

ussr_aircraftcarrier_admiral_kuznetsov_shop;Admiral Flota Sovyetskogo Soûza Kuznyeczov
ussr_aircraftcarrier_admiral_kuznetsov_0;"<color=#81c3fc>Čyernomorskij sudostroityel'nyj zavod</color>
<color=#fffa62>Tâžëlyj Avianyesuŝij Kryejsyer Proyekt 1143.5 Kryečyet</color>
Admiral Flota Sovyetskogo Soûza Kuznyeczov"
ussr_aircraftcarrier_admiral_kuznetsov_1;Admiral Flota Sovyetskogo Soûza Kuznyeczov
ussr_aircraftcarrier_admiral_kuznetsov_2;Destroyer

uk_aircraftcarrier_illustrious_shop;HMS Illustrious (87)
uk_aircraftcarrier_illustrious_0;"<color=#fffa62>Illustrious-class</color>
HMS Illustrious (87)"
uk_aircraftcarrier_illustrious_1;HMS Illustrious
uk_aircraftcarrier_illustrious_2;Carrier

uk_aircraftcarrier_ark_royal_shop;HMS Ark Royal (R 09)
uk_aircraftcarrier_ark_royal_0;HMS Ark Royal (R 09)
uk_aircraftcarrier_ark_royal_1;HMS Ark Royal
uk_aircraftcarrier_ark_royal_2;Carrier

//NON-NATIONAL GROUPS
shop/group/md_btr_80_group;Armadillo
shop/group/md_bosvark_group;Boar
shop/group/md_vickers_group;Rhino
shop/group/md_m53_59_group;Reptile
shop/group/md_flarakrad_group;Mule
shop/group/md_ystervark_group;Porcupine
shop/group/md_tgdgb_group;Echidna

//GROUPS
shop/group/us_sherman_group;M4A1 / 4 / 4A2
shop/group/us_m19_m42_group;M19 / 42
shop/group/us_sherman_76w_group;M4A2 / 3E8
shop/group/us_t26_t25_group;M4 (M3) / T25
shop/group/us_m47_48_group;M47 / 48A1
shop/group/us_m60_group;M60A1 AOS / R/PE
shop/group/us_m6_group;M6A1 / T1E1
shop/group/us_t26_group;T26E5 / E4-1
shop/group/us_m44_55_group;M44 / 55
shop/group/us_m56_m50_group;M56 / M50
shop/group/us_t32_group;T32 / 32E1
shop/group/us_abrams_group;M1A1 / 1IP
shop/group/us_abrams_a2_group;M1A2 SEPv1 / SEPv2
shop/group/us_m36_group;M36 / 36B2
shop/group/us_kit_3rank_group;"""Hell on Wheels"""
shop/group/us_m46_m47_group;M46 / 47
shop/group/us_mbt_xm_group;XM803 / MBT70
shop/group/us_m48_m60_group;M48 / 60
shop/group/us_m247_mim72_group;M247 / 48A2 GMSIA
shop/group/us_sl_amraam_fcs_group;SLAMRAAM
shop/group/us_nasams_fcs_group;▃◢ NASAMS 3
shop/group/p-26_group;P-26A (1933) / B
shop/group/tbd_group;TBD-1 / B-18
shop/group/tbf_group;TBF-1 / SBD-3
shop/group/os2u_group;OS2U-1 / 3
shop/group/sb2u_group;SB2U-2 / 3
shop/group/pby_group;PBY-5 / 5A
shop/group/p-39_group;P-39N-0 / Q-5
shop/group/f4f_group;F4F-3 / 4 / 6F-5
shop/group/p-40_group;P-40E-1 / F-10
shop/group/f6f_group;F6F-5N / F4U-4B
shop/group/f4u_group;F4U-1A / 1A (USMC) / 1D
shop/group/sb2c_group;SB2C-1C / 4
shop/group/pbj_group;PBJ-1J / H
shop/group/p-63_group;P-63A-10 / C-5
shop/group/p-38_group;P-38E / G-1
shop/group/p-38_late_group;P-38J-15 / L-5
shop/group/p-51_early_group;P-51 / 51D-5
shop/group/p-47_ealy_group;P-47D-22 / 25
shop/group/p-47_group;P-47D-28 / N
shop/group/a-26b_group;A-26B-15 / 50
shop/group/b-17_group;B-17E (early) / (late)
shop/group/b-17_late_group;B-17G-60 / B-24D-25
shop/group/f4u_late_group;F4U-1C / 4B
shop/group/f8f1_group;F8F-1B / F7F-1
shop/group/douglas_ad_group;AD-2 / 4 / AM-1
shop/group/f-84_group;F-84B-26 / G-21
shop/group/b_57_group;B-57A / B-0
shop/group/f9f_group;F9F-2 / 5 / F-9J
shop/group/a_4b_group;A-4B / AF-1
shop/group/f_86_group;F-86A-5 / F-25
shop/group/f-104_group;F-104A-10 / C-5
shop/group/a_7_group;A-7D-8 / E-4
shop/group/f_16_group;F-16A-15OCU / ADF
shop/group/f_18_group;F/A-18A-18 / C-52
shop/group/f_14_group;F-14A-110 / B-150
shop/group/us_cruiser_fargo_brooklyn_group;USS Fargo / Brooklyn

shop/group/germ_pzkpfw_38t_group;Pz.Kpfw. 38 (t) F / n.A.
shop/group/germ_pzkpfw_II_early_group;Pz.Kpfw. II C / F
shop/group/germ_sturer_flak_group;Sturer Emil / Flak 37 Sfl.
shop/group/germ_dicker_sturer_group;Sturer Emil / Pz.Sfl. IVa
shop/group/germ_flak_m44_group;Flak 37 Sfl. / ◄ PzH M 44
shop/group/germ_m44_55_group;◄ PzH M 44 / 55
shop/group/germ_waffentrager_group;Nashorn / Waffenträger
shop/group/germ_marder_bmp_group;Marder 1 A1 (-) / BMP-1P
shop/group/germ_marder_group;Marder 1 A3 / ◄ DF 105
shop/group/germ_tam_sk_group;VC TAM / ⛯ SK 105
shop/group/germ_radpanzer_tam_group;EFz-Rad 8x8 / VC TAM 2C
shop/group/germ_leopard_1_late_group;Leopard 1 A1 A1 / 1 A5
shop/group/germ_prewar_pz_III_group;Pz.Kpfw. III E / B
shop/group/germ_Marder_III_group;Marder III / III H
shop/group/germ_pzkpfw_III_late_group;Pz.Kpfw. III L / M
shop/group/germ_kpz_super_group;KPz 70 / ◄ Super M 48
shop/group/germ_pzkpfw_4_early_group;Pz.Kpfw. IV E / F
shop/group/germ_pz_4_fg_group;Pz.Kpfw. IV F2 / G
shop/group/germ_pz_4_late_group;Pz.Kpfw. IV H / J
shop/group/germ_pzkpfw_V_a_f_group;Panther A / G / F
shop/group/germ_leopard_2_group;KPz Leopard 2 A5 / A6
shop/group/germ_flakpanzer_1_group;Pz.Kpfw. I A (2cm Fla.K. 38) / Flak.Pz. 38
shop/group/germ_flakpanzer_4_group;Ostwind / Wirbelwind
shop/group/germ_tiger_east_west_group;"""Two Fronts"""
shop/group/germ_wiesel_gepard_group;Ozelot / Gepard 1 A2
shop/group/germ_sturmpanzer_221_group;15cm s.I.G. 33 (Sfl) / Sd.Kfz. 221
shop/group/germ_panzerjager_251_group;Pz.Jgr. I / m.S.P.W. D (7,5cm K.)
shop/group/germ_marder_stug_a_group;Marder III / StuG III A
shop/group/germ_marder_stuh_group;Marder III H / StuH 42 / StuG III F
shop/group/germ_jagdpanzer_group;Jagdpanzer IV / 38 (t)
shop/group/germ_jagdpanther_group;Pz.Jgr. Panther G1 / JPz 4-5
shop/group/germ_panzerjager_tiger_group;Pz.Jgr. Tiger (P) / B
shop/group/germ_raketen_group;SPz 12-3 (Typ 3Z 8DLa) / RakJPz 2
shop/group/germ_puma_group;SPz Puma S0 / VJTF
shop/group/germ_roland_osa_group;FlaRakPz 1 / ◊ 9A33BM2
shop/group/germ_iris_slm_fcs_group;LV IRIS-T SLM
shop/group/he51_group;He 51 A / B / C-1 / C-1 (spät)
shop/group/he_112_group;He 112 V-5 / A-0
shop/group/do_17_group;Do 17 E-1 / Z-2
shop/group/ju-87br_group;Ju 87 B / R
shop/group/fiat_group;▀ CR.42 / G.50 II / AS VII / C.200 III / VII / C. 202
shop/group/sm_79_group;▀ S.M.79 I / VIII / AS / bis/T.M. / S. 79 B / IV / bis/N
shop/group/he-111h_group;He 111 H-6 / 16
shop/group/he_111_bv_138_group;He 115 / BV 138
shop/group/bf_110cf_group;Bf 110 C / F
shop/group/bf_110g_group;Bf 110 G-2 / 4
shop/group/me_210_410_group;Me 210 A-1 / 410 A-1 / B-2
shop/group/ju-88a_group;Ju 88 A-1 / 4
shop/group/do_217k_group;Do 217 K / M
shop/group/me-410a-1_group;Me 410 A-1/U4 / B-2/U4
shop/group/me-410a_u2_group;Me 410 A-1/U2 / B-1/U2
shop/group/bf-109e_group;Bf 109 E-3 / 4
shop/group/bf-109f_early_group;Bf 109 F-1 / 2
shop/group/bf-109f_group;Bf 109 F-4 / 4 (Trop.)
shop/group/bf-109g_2_group;Bf 109 G-2 (Trop.) / G-6
shop/group/bf-109g_group;Bf 109 G-14 / 10
shop/group/fw-190d_group;Fw 190 A-5/U12 / D-12
shop/group/me-410a_group;Me 410 A-1 / B-1
shop/group/ju-87g_group;Ju 87 G-1 / 2
shop/group/ju-87d_group;Ju 87 D-3 / 5
shop/group/hs-129_group;Hs 129 B-3 / 2
shop/group/do_217e_group;Do 217 E-2 / 4
shop/group/do_217n_group;Do 217 N-1 / 2
shop/group/do_217j_group;Do 217 J-1 / 2
shop/group/do_335_group;Do 335 A-1 / 0
shop/group/fw-190a-4_group;Fw 190 A-4 / A-5/U2
shop/group/fw-190a-5_group;Fw 190 A-5 / 8
shop/group/ta-152_group;Ta 152 H / C
shop/group/arado_234_group;Ar 234 B-2 / C-3
shop/group/me-262a_group;Me 262 A / C
shop/group/me-163_group;Me 163 B-1 / 0
shop/group/f-86_german_group;◄ Sabre Mk. 5 / 6
shop/group/germ_cruiser_leipzig_nurnberg_group;Leipzig / Nürnberg
shop/group/germ_westfalen_helgoland_group;S.M.S. Westfalen / Helgoland
shop/group/mig_21_germany_group;MiG-21MF / bis (SAU)
shop/group/mig-21_hungary_group;◔ MiG-21MF / Bisz

shop/group/ussr_t_34_40_41_group;T-34 (Dec 1940) / (May 1941)
shop/group/ussr_t_34_42_group;T-34 (Sep 1942) / (Èkran.) (STZ)
shop/group/ussr_btr_zis_group;BTR-152A / ZiS-43
ussr_su_85_group;SU-85 / 85M
shop/group/ussr_is_2_1944_group;IS-2 (2-j) / (2-j) (No. 321)
shop/group/ussr_t_54_group;T-54
shop/group/ussr_t_55_group;T-55A / 62
shop/group/ussr_t_62_group;T-55AD-1 / 62M-1
shop/group/ussr_t_72b_group;T-72B (Kontakt-1) / (5)
shop/group/ussr_t_64_t_80_group;T-64BV / 80B
shop/group/ussr_kv_1_2_group;KV-1 (Feb 1940) / 2 (Jan 1940)
shop/group/ussr_kv_1_85_group;KV-1 (Jul 1941) / 85
shop/group/ussr_t_34_85_group;T-34-85 (Mar 1944) / (Sep 1944)
shop/group/ussr_t_64_group;T-64A / BV
shop/group/ussr_bmp_1_group;BMP-1P / PT-85
shop/group/ussr_su_object_group;SU-122-54 / Ob. 268
shop/group/ussr_bmp_2_group;BMP-2D / Ob. 685
shop/group/ussr_bmp_3_group;BMP-3 / 2S25
shop/group/ussr_zis_su_group;ZiS-30 / SU-57B
shop/group/ussr_su_isu_152_group;SU-152 (Mar 1943) / 85 / ISU-152
shop/group/ussr_su_isu_122_group;SU-85M / ISU-122 / 122S
shop/group/ussr_kit_3rank_group;"""In May 1945"""
shop/group/ussr_isu_su_group;ISU-122S / SU-100
shop/group/ussr_2s_group;2S1 / 3M
shop/group/ussr_zis_group;ZiS-12 (94-KM) / ZSU-37
shop/group/ussr_it_9p149_group;IT-1 / 9P149M
shop/group/ussr_9a33_35_group;9A33BM3 / 35M2
shop/group/ussr_buk_m3_fcs_group;9K317M
shop/group/i-15_group;I-15 (SGR) / (M-22) / (M-25)
shop/group/i-16_group;I-16 Tip 10 / 18 / 24
shop/group/i-153_group;I-15bis / I-153
shop/group/sb_group;SB 2M-100 / 103
shop/group/ar_group;Ar-2 / SB 2M-103U / 105
shop/group/db_3_group;DB-3 / Il-4
shop/group/lagg-3_group;LaGG-3-8 / 11
shop/group/il-2i_group;Il-2 (1942) / M (NS-37)
shop/group/la_5_group;La-5-37 / 39
shop/group/er-2_group;Yer-2 (M-105) / (M-105R)
shop/group/pe-3_group;Pye-3-1 / 2
shop/group/su-2_group;BB-1 / Su-2 MV-5 / TSS-1 / (M-82)
shop/group/mig-3_group;MiG-3-15 (UBK) / 34
shop/group/yak-1_group;Âk-1-1 / 127
shop/group/yak-9_group;Âk-9 / 9B
shop/group/yak-3_group;Âk-3 / 9U
shop/group/yak-9tk_group;Âk-9T / K
shop/group/yak-3up_group;Âk-3U / 9UT
shop/group/il-2m_group;Il-2M (1943) / (1944)
shop/group/er-2_late_group;Yer-2-3 / 4
shop/group/lagg-3_late_group;LaGG-3-35 / 66
shop/group/il-10_group;Il-10 / 10 (1947)
shop/group/pe-2_early_group;Pye-2-1 / 31 / 83
shop/group/pe-2_late_group;Pye-2-110 / 359
shop/group/yak-9up_group;Âk-3P / 9P
shop/group/tu-2_group;Tu-2S / S-44 / S-59
shop/group/yak-15_group;Âk-15 (1946) / 15 / 17
shop/group/mig-9_group;MiG-9 / I-307
shop/group/il_28_group;Il-28 / 28Š
shop/group/la_200_group;200 / La-15
shop/group/mig-15_group;MiG-15 / 15bis
shop/group/mig-19_group;MiG-19PT / 21F
shop/group/su-7_group;Su-7B / BKL
shop/group/mig-21_group;MiG-21SMT / bis
shop/group/mig-23m_group;MiG-23M / MLD
shop/group/mig_27_group;MiG-27M / K
shop/group/mig_29_group;MiG-29 (9-12) / (9-13)
shop/group/ussr_cruiser_chapaev_kutuzov_group;Čapayev / Sverdlov / Mikhail Kutuzov

shop/group/uk_crusader_group;Crusader, Mk. II / III
shop/group/uk_cromwell_group;Cromwell, Mk. V / I
shop/group/uk_valentine_group;Valentine, Mk. I / XI / IX
shop/group/uk_chieftain_mk_3_5_group;Chieftain, Mk. 3 / 5
shop/group/uk_chieftain_mk_10_900_group;Chieftain, Mk. 10 / 900
shop/group/uk_challenger_comet_group;Challenger, Mk. I / Comet
shop/group/uk_cromwell_sherman_group;Cromwell, Mk. V / I / Sherman, Mk. II
shop/group/uk_caernarvon_conqueror_group;Caernarvon / Conqueror
shop/group/uk_scimitar_fox_group;Scimitar / Fox
shop/group/uk_challenger_group;Challenger 1, Mk. 2 / 3
shop/group/uk_challenger_2_group;Challenger 2 (2E) / (2F) / (TES)
shop/group/uk_challenger_bn_e_group;"Challenger 2, Mk. 2 ""BN"" / 2E"
shop/group/uk_churchill_group;Churchill, Mk. III / IV, N.A.75
shop/group/uk_fv_m109_group;Centaur / ▄ M109A1
shop/group/uk_tortoise_conway_group;Tortoise / Conway
shop/group/uk_g6_tortoise_group;GV6 Mk 1 / Tortoise
shop/group/uk_fv510_zt3_group;Warrior / Ratel ZT3-A2
shop/group/uk_vickers_olifant_group;Vickers Mk. 3 / Olifant Mk 1A
shop/group/uk_vickers_rooikat_group;Vickers Mk. 11 / Rooikat Mk 1D
shop/group/uk_vfm_mttd_group;VFM5 / MTTD
shop/group/uk_ystervark_crusader_group;Ystervark / Crusader, Mk. III, A.A., Mk. II
shop/group/uk_kit_3rank_group;Echoes of Overlord
shop/group/uk_marksman_za_group;Chieftain Mk. 10 Marksman / ZA-35
shop/group/uk_ratel_group;Ratel 90 / 20
shop/group/uk_g6_eland_group;GV6 Mk 1 / Eland 90
shop/group/uk_rooikat_olifant_group;Rooikat / Olifant Mk1
shop/group/uk_mttd_olifant_group;MTTD / Olifant Mk2
shop/group/uk_stormer_group;Stormer / F.V.4333 (HVM)
shop/group/uk_9a33_35_group;☸ 9A33BM2 / 35M
shop/group/uk_stormer_9a33_group;Stormer / ☸ Osā-Eke
shop/group/uk_stormer_9a35_group;F.V.4333 (HVM) / ☸ Sṭrelā-10 Em
shop/group/uk_sky_sabre_fcs_group;Sky Sabre
shop/group/fury_group;Fury Mk. I / II
shop/group/gladiator_mk2_group;Gladiator Mk. II / II (Silver) / II (BEF)
shop/group/hampden_group;Hampden Mk. I / T.B. Mk. I
shop/group/blenheim_group;Blenheim / Beaufort
shop/group/sunderland_group;Sunderland Mk. IIIa / V
shop/group/beaufighter_group;Beaufighter Mk. VIc / T.F. Mk. X / ▄ 21
shop/group/mosquito_group;Mosquito F.B. Mk. VI / XVIII / N.F. Mk. II / T.R. Mk. 33
shop/group/lancaster_group;Lancaster B. Mk. I / III
shop/group/wellington_group;Wellington Mk. Ic / Ic (late)
shop/group/wellington_late_group;Wellington Mk. III / X
shop/group/spitfire_mk1_group;Spitfire Mk. Ia / IIa
shop/group/spitfire_mk5b_group;Spitfire F. Mk. Vb (trop.) / Vb
shop/group/spitfire_mk5c_group;Spitfire F. Mk. Vc (trop.) / Vc
shop/group/spitfire_mk9_group;Spitfire F. Mk. IX / XVI
shop/group/spitfire_mk9e_group;Spitfire F. Mk. XIV (e) / XVIII (e) / L.F. Mk. IX
shop/group/spitfire_griffon_group;Spitfire F. Mk. 22 / 24
shop/group/hurricane_group;Hurricane Mk. IIb (trop.) / I
shop/group/stirling_group;Stirling B. Mk. I / III
shop/group/brigand_group;Brigand / Whirlwind
shop/group/firefly_group;Firefly F. Mk. I / F.R. Mk. 5
shop/group/lincoln_group;Lincoln / Shackleton
shop/group/seafire_group;Seafire F. Mk. XVII / F.R. Mk. 47
shop/group/sea_hawk_group;Sea Hawk F.G.A. Mk. 6 / Sea Venom
shop/group/meteor3_group;Meteor F. Mk. 3 / 3 (EE337)
shop/group/meteor4_group;Meteor F. Mk. 3/4 / 4 / 8
shop/group/canberra_group;Canberra B. Mk. 2 / B.(I) Mk. 6
shop/group/hawk_200_group;Hawk 200 (ZH200) / (RDA)
shop/group/f_111c_tornado_group;▄ F-111C / Tornado G.R. Mk. 1
shop/group/fa_18a_raaf_group;▄ F/A-18A / A (HUG 2.4)
shop/group/uk_destroyer_battle_group;HMS Armada / HMAS Tobruk
shop/group/uk_destroyer_daring_group;HMS Diana / Daring
shop/group/uk_cruiser_kent_norfolk_group;HMS Kent / Norfolk / London

shop/group/jp_ro_ni_group;Ho Ro / Ni II
shop/group/jp_type_60_group;60SP / APC (ATM-1)
shop/group/jp_type_87_89_group;87RCV / 89FV
shop/group/jp_chi_to_group;Chi To (Shi 2 Gō) / Chi To
shop/group/jp_type_61_sta_group;61TK / ST-A3
shop/group/jp_type_74_stb_group;STB-0002 / 74TK (C)
shop/group/jp_type_74_group;74TK (E) / (F)
shop/group/jp_type_90_group;90TK / TK (B)
shop/group/jp_type_10_group;10TK / Shin TK 3 Gō
shop/group/jp_type_81_tansam_fcs_group;81 Shiki (C)
shop/group/jp_type_03_chusam_fcs_group;03 Shiki
shop/group/jp_ho_ni_group;Ho Ni I / III
shop/group/jp_st_group;ST-A1 / 2
shop/group/ki-10_group;Ki 10-I / II / I (1 Sentai) / II (77 Sentai)
shop/group/b6n_group;B6N2 / 2 Kō
shop/group/d4y_group;D4Y1 / 2
shop/group/ki-45_eraly_group;Ki 45 Kai Hei (Tei) / Otsu
shop/group/a6m2_n1k1_group;A6M2-N / N1K1
shop/group/ki-45_group;Ki 45 Kai Kō / Hei
shop/group/a6m2_group;A6M2 (11 Gata) / (21 Gata)
shop/group/a6m3_mod22_group;A6M3 (32 Gata) / (22 Gata) / 3 Kō
shop/group/a6m5_group;A6M5 Otsu / Hei
shop/group/ki_44_group;Ki 44-I / 61-I Kō
shop/group/ki_61_late_group;Ki 61-I Tei / II Kai Kō
shop/group/n1k2_group;N1K1-J Kō / 2-J / 2-J Kō
shop/group/ki-43_group;Ki 43-I Hei / II (late)
shop/group/ki_49_1_group;Ki 49-I / II Kō
shop/group/ki_49_2_group;Ki 49-II Otsu / Otsu (late)
shop/group/ki_61_group;Ki 44-II Hei / 61-I Otsu
shop/group/ki_67_group;Ki 67-I Kō / Otsu
shop/group/ki_84_group;Ki 84-I Kō / Otsu
shop/group/j2m_group;J2M3 / 5
shop/group/r2y2_group;R2Y2-G (11 Gata) / (22 Gata) / (32 Gata)
shop/group/f-86_japan_group;▅ F-86F-30 / 40
shop/group/f_15j_group;▅ F-15J (C4) / J(M)
shop/group/f_5_f_16_thailand_group;B.Kh.18Kh (2014) / 19
shop/group/jp_cruiser_furutaka_aoba_group;Furutaka / Aoba

shop/group/ki_27_group;☀ 97 Shì Zhàn / 1 Shì Zhàndòujī 3 Xíng
shop/group/i-16_china_group;Zhōng 28 / ☀ E-16-5
shop/group/p_40_china_group;☀ P-40E / 43
shop/group/db_3_china_group;☀ D.B.3 / SB
shop/group/p_47_china_group;☀ P-47D-23 / F-47D-30
shop/group/p_51_china_group;☀ F-51D-20 / K
shop/group/f_86_china_group;☀ F-86F-30 / 40
shop/group/mig-9_china_group;␗ Migé 9 / I-307
shop/group/mig-15_china_group;␗ Migé 15 Bisī / 17
shop/group/mig-19_china_group;J6A / 7II
shop/group/f_5a_china_group;☀ F-5A-25 / E
shop/group/j_11_group;J11 / 11A
shop/group/cn_m3_m5_stuart_group;☀ M3A3 / 5A1
shop/group/cn_76_211_group;211 / ␗ PT-76
shop/group/cn_t_34_m4_group;␗ Tè 34 / ☀ M4A1
shop/group/cn_t_34_85_group;␗ Tè 34 (1944) / (1960)
shop/group/cn_m36_isu_group;☀ M36 / ␗ ISU-122
shop/group/cn_type_63_62_group;ZTS63 / ZTQ62
shop/group/cn_is_2_group;␗ Sī 2 (1943) / (1944)
shop/group/cn_zts_type_group;ZTS63 (1979) / ZBD86
shop/group/cn_type_59_69_group;ZTZ59 / 69
shop/group/cn_ztz_88_group;ZTZ88B / A
shop/group/cn_cm_ptz_group;CM25 / PTZ89
shop/group/cn_ptl_aft_group;PTL02 / AFT09
shop/group/cn_ztz_99_group;ZTZ99 (1 Qí) / (2 Qí)
shop/group/cn_tor_hq_group;␗ 9A331 / ADK17

shop/group/it_fiat_group;Fiat 6616 / 6614
shop/group/it_centauro_105_group;Centauro (preserie) / ROMOR
shop/group/it_m15_pz_3_group;M. 42 / Pz.Kpfw. III
shop/group/it_ariete_group;Ariete (PSO) / (WAR)
shop/group/it_semovente_stug_group;90/53 M. 41. M / ⛨ StuG III
shop/group/it_semovente_m41_group;75/18 M. 41 / 75/32 M. 41 / 75/34 M. 42
shop/group/it_semovente_m43_105_75_group;105/25 M. 43 / 75/34 M. 43
shop/group/it_m13_40_group;M. 40 I / III
shop/group/it_of_leo_group;OF 40 Mk. 1 / ⛨ Leopard 1 A2
shop/group/it_dardo_group;VCC-80 Dardo / Dardo (HITFIST 30)
shop/group/it_9a33_35_group;╏ 9A33BM3 / ◔ 35M
shop/group/it_samp_t_fcs_group;⛨ SAMP/T
shop/group/sm_79_1941_group;S.M.79 AS / bis/T.M. / S. 79 B
shop/group/cr_32_group;CR.32 / 32quarter
shop/group/ba_65_group;Ba. 65 (K-14fc) (L) / ⛨ Ju 87 R-2
shop/group/breda_group;Ba.88 / P.108A
shop/group/br_20_dr_group;BR.20 DR / 20M M1
shop/group/fiat_g50_italy_group;G.50 II / AS VII
shop/group/mc_200_italy_group;C. 200 III / VII
shop/group/mc_202_italy_group;C. 202 VII / 205 I
shop/group/sm_79_italy_group;S.M.79 I / VIII
shop/group/me_210ca_1_hungary_group;◐ Me 210 Ca-1 / 1 (36 M.)
shop/group/z_1007_group;Z.1007bis III / V
shop/group/re_2000_group;Re.2000 I / GA III
shop/group/re_2001_group;Re.2001 I / CB I
shop/group/p_108_group;P.108B I / II
shop/group/g_55_serie_group;G.55 I / Re.2005
shop/group/fiat_g91_group;G.91 pre-serie / R/1
shop/group/fiat_g91y_group;G.91 Y / YS
shop/group/tornado_ids_it_group;A-200A (1995) / C (RET8)

shop/group/fr_hotchkiss_fcm_group;A.M.C. 34 / H. 35 / F.C.M. 36
shop/group/fr_mars_hot_group;MARS 15 / A.M.X. 13t-75 (HOT)
shop/group/fr_amx_sk_group;A.M.X. 10 RC / JaPzKA2
shop/group/fr_lorraine_bat_group;Lorraine 40t / B.C. 25t
shop/group/fr_amx_30_group;A.M.X. 30 B2 / B2 BRENUS
shop/group/fr_leclerc_group;Leclerc S1 / S2
shop/group/fr_b1_2c_group;B. 1 bis / 2 C
shop/group/fr_arl_jumbo_group;C.D.C. 48t / ☨ M4A3E2
shop/group/fr_m44_55_group;▄ M44 / 55
shop/group/fr_auf_acra_group;CN 155 Au F1 / A.M.X. 10M
shop/group/fr_amx_32_group;AMX 32 (P1) / (P2)
shop/group/fr_lorraine_elc_group;C.A. 100 / E.L.C. bis
shop/group/fr_foch_acra_group;C.A. 120 / A.M.X. 10 M
shop/group/fr_aml_amx_group;A.M.L. 90 / A.M.X. 13t-90
shop/group/fr_samp_t_fcs_group;☨ SAMP/T Mamba
shop/group/d_371_group;D.371 / 373
shop/group/d_500_group;D.500 / 501
shop/group/ms_405_406_group;M.S.405 / 406
shop/group/maryland_group;Martin 167 / M.B.174
shop/group/potez_group;Potez 630 / 631
shop/group/leo_451_group;LeO 451 (early) / (late)
shop/group/h-75_france_group;☨ H75-C1 (1ère) / (4ème)
shop/group/vg_33_group;VG 33 / D.520
shop/group/md_450b_group;Ouragan / Barougan
shop/group/md_452_group;Mystère II A / C
shop/group/md_454_group;Mystère IV / Super Mystère B2
shop/group/so_4050_vautour_group;Vautour II B / A
shop/group/mirage_3_group;Mirage III C / E
shop/group/tiger_group;☨ Tigre HAD/F / HAC
shop/group/fr_vtb_group;VTB 8 / 11 / 14

shop/group/sw_pvkv_ikv_group;pvkv m/43 / ikv 103
shop/group/sw_udes_pbv_group;UDES 33 / pbv 302A
shop/group/sw_t_34_pz_4_group;26 psv T 34 / 25 psv PZ IV
shop/group/sw_pt_76_comet_group;▄ PT-76 / psv Comet
shop/group/sw_cv_90_ifv_group;rpsv CV9030 / strf 9040B
shop/group/sw_strv_101_103a_group;strv 101 / 103A
shop/group/sw_strv_104_103c_group;strv 104 / 103C
shop/group/sw_strv_122_group;strv 122A / B (PLSS)
shop/group/sw_lvkv_asrad_group;lvkv 9040C / ♛ M113A2 (ASRAD-R)
shop/group/sw_eldenhet_nomads_group;elde 98 / NOMADS
shop/group/sw_nasams_fcs_group;◢ NASAMS 3
shop/group/gladiator_j8a_group;J 8 A / 6 B
shop/group/mosquito_norway_group;◢ Mosquito F.B. Mk. VI / VI (A.S.V. Mk. IV)
shop/group/saab_b17a_group;B 17 B / A
shop/group/saab_t18b_group;T 18 B / B (57 mm akan m/47)
shop/group/saab_j21a_group;J 21 A-1 / 2
shop/group/bf_109g_sweden_group;MT (G-2) / (G-6/R6 Erla)
shop/group/vampire_fb_group;J 28 B / VA
shop/group/saab_ja37d_group;JA 37 D / DI
shop/group/saab_jas39_group;JAS 39 A / C

shop/group/il_magach_1_2_group;Magaḥ 1 / 2
shop/group/il_rochev_tager_group;Rokhev A / Zaḥalam (Tager)
shop/group/il_magach_3_6_group;Magaḥ 3 / 6
shop/group/il_magach_6a_5_group;Magaḥ 6A / 5
shop/group/il_magach_6m_c_group;Magaḥ 6M / G
shop/group/il_magach_batash_7_group;Magaḥ 6B Gal Baṭaš / 7G
shop/group/il_tiran_4_group;Ṭiran 4 / 4 Š
shop/group/il_gimel_tiran_group;Šoṭ Kal G / Ṭiran 6
shop/group/il_merkava_1_2_group;Merkavah 1 Mešupar / 2B
shop/group/il_merkava_3_group;Merkavah 3 Ramaḥ / B Baz
shop/group/il_merkava_4_group;"Merkavah 4B / B Baṭaš"
shop/group/il_magach_6_6a_group;Magaḥ 6 / 6A
shop/group/il_magach_6_group;Magaḥ 6B / R / R (M261)
shop/group/md_460_iaf_group; Super Misṭer B-2 / Sa'ar
shop/group/a_4_iaf_group; A-4H / E (AFC 418-II)
shop/group/so_4050_vautour_iaf_group; Vuṭur A / N
shop/group/f_4e_f_15_iaf_group; F-4E Kurnas 2000 / 15A-18
shop/group/f_16d_iaf_group; F-16D-40 / I

//NON-NATIONAL VEHICLES
ucav_recon_micro_shop;ZALA 421-16EM (Z-16FM/Bk)
ucav_recon_micro_0;"<color=#81c3fc>ZALA Aero Group 421-16EM</color>
<color=#adadad>(Z-16FM/Bk)</color>"
ucav_recon_micro_1;ZALA 421-16EM
ucav_recon_micro_2;ZALA 421

ucav_recon_micro_flir_shop;ZALA 421-16EM (Z-16FM/Bk)
ucav_recon_micro_flir_0;"<color=#81c3fc>ZALA Aero Group 421-16EM</color>
<color=#adadad>(Z-16FM/Bk)</color>"
ucav_recon_micro_flir_1;ZALA 421-16EM
ucav_recon_micro_flir_2;ZALA 421

us_m551_football_shop;
us_m551_football_0;
us_m551_football_1;
us_m551_football_2;
ussr_m551_football_shop;
ussr_m551_football_0;
ussr_m551_football_1;
ussr_m551_football_2;
dummy_plane_shop;...
dummy_plane_0;...
dummy_plane_1;...
dummy_plane_2;...
us_mk_5_aa_combat_exoskeleton_shop;AA Gunner
us_mk_5_aa_combat_exoskeleton_0;AA Gunner
us_mk_5_aa_combat_exoskeleton_1;Air Defence
us_mk_5_aa_combat_exoskeleton_2;Air Defence
us_mk_5_assault_combat_exoskeleton_shop;Assault
us_mk_5_assault_combat_exoskeleton_0;Assault
us_mk_5_assault_combat_exoskeleton_1;Assault
us_mk_5_assault_combat_exoskeleton_2;Assault
us_mk_5_at_combat_exoskeleton_shop;Anti-tank
us_mk_5_at_combat_exoskeleton_0;Anti-tank
us_mk_5_at_combat_exoskeleton_1;Anti-tank
us_mk_5_at_combat_exoskeleton_2;Anti-tank
us_mk_5_sniper_combat_exoskeleton_shop;Sniper
us_mk_5_sniper_combat_exoskeleton_0;Sniper
us_mk_5_sniper_combat_exoskeleton_1;Sniper
us_mk_5_sniper_combat_exoskeleton_2;Sniper
ussr_mk_5_aa_combat_exoskeleton_shop;AA Gunner
ussr_mk_5_aa_combat_exoskeleton_0;AA Gunner
ussr_mk_5_aa_combat_exoskeleton_1;Air Defence
ussr_mk_5_aa_combat_exoskeleton_2;Air Defence
ussr_mk_5_assault_combat_exoskeleton_shop;Assault
ussr_mk_5_assault_combat_exoskeleton_0;Assault
ussr_mk_5_assault_combat_exoskeleton_1;Assault
ussr_mk_5_assault_combat_exoskeleton_2;Assault
ussr_mk_5_at_combat_exoskeleton_shop;Anti-tank
ussr_mk_5_at_combat_exoskeleton_0;Anti-tank
ussr_mk_5_at_combat_exoskeleton_1;Anti-tank
ussr_mk_5_at_combat_exoskeleton_2;Anti-tank
ussr_mk_5_sniper_combat_exoskeleton_shop;Sniper
ussr_mk_5_sniper_combat_exoskeleton_0;Sniper
ussr_mk_5_sniper_combat_exoskeleton_1;Sniper
ussr_mk_5_sniper_combat_exoskeleton_2;Sniper
atomic_pchela_ussr_shop;▂ WSP-9 (Repair)
atomic_pchela_ussr_0;▂ WSP-9 Repair Pchela
atomic_pchela_ussr_1;▂ WSP-9
atomic_pchela_ussr_2;▂ WSP-9
atomic_pchela_lazer_ussr_shop;▂ WSP-9 (Laser)
atomic_pchela_lazer_ussr_0;▂ WSP-9 Laser Pchela
atomic_pchela_lazer_ussr_1;▂ WSP-9
atomic_pchela_lazer_ussr_2;▂ WSP-9
atomic_pchela_usa_shop;▃ WSP-9 (Repair)
atomic_pchela_usa_0;▃ WSP-9 Repair Pchela
atomic_pchela_usa_1;▃ WSP-9
atomic_pchela_usa_2;▃ WSP-9
atomic_pchela_lazer_usa_shop;▃ WSP-9 (Laser)
atomic_pchela_lazer_usa_0;▃ WSP-9 Laser Pchela
atomic_pchela_lazer_usa_1;▃ WSP-9
atomic_pchela_lazer_usa_2;▃ WSP-9
ussr_atomic_hedgie_shop;▂ HOG-7
ussr_atomic_hedgie_0;▂ HOG-7 Hedgie
ussr_atomic_hedgie_1;▂ HOG-7
ussr_atomic_hedgie_2;▂ HOG-7
us_atomic_hedgie_shop;▃ HOG-7
us_atomic_hedgie_0;▃ HOG-7 Hedgie
us_atomic_hedgie_1;▃ HOG-7
us_atomic_hedgie_2;▃ HOG-7
unit_grif_char_shop;Hawk
unit_grif_char_0;Hawk
unit_grif_char_1;Hawk
unit_grif_char_2;Hawk
md_btr_80a_shop;Armadillo
md_btr_80a_0;Armadillo
md_btr_80a_1;Armadillo
md_btr_80a_2;Armadillo
md_btr_80a_uparmor_shop;Solid Armadillo
md_btr_80a_uparmor_0;Solid Armadillo
md_btr_80a_uparmor_1;Solid Armadillo
md_btr_80a_uparmor_2;Solid Armadillo
md_btr_80a_projector_shop;Strong Armadillo
md_btr_80a_projector_0;Strong Armadillo
md_btr_80a_projector_1;Strong Armadillo
md_btr_80a_projector_2;Strong Armadillo
md_btr_80a_uparmor_projector_shop;Powerful Armadillo
md_btr_80a_uparmor_projector_0;Powerful Armadillo
md_btr_80a_uparmor_projector_1;Powerful Armadillo
md_btr_80a_uparmor_projector_2;Powerful Armadillo
md_m53_59_shop;Reptile
md_m53_59_0;Reptile
md_m53_59_1;Reptile
md_m53_59_2;Reptile
md_m53_59_uparmor_shop;Solid Reptile
md_m53_59_uparmor_0;Solid Reptile
md_m53_59_uparmor_1;Solid Reptile
md_m53_59_uparmor_2;Solid Reptile
md_m53_59_rocket_shop;Strong Reptile
md_m53_59_rocket_0;Strong Reptile
md_m53_59_rocket_1;Strong Reptile
md_m53_59_rocket_2;Strong Reptile
md_m53_59_uparmor_rocket_shop;Powerful Reptile
md_m53_59_uparmor_rocket_0;Powerful Reptile
md_m53_59_uparmor_rocket_1;Powerful Reptile
md_m53_59_uparmor_rocket_2;Powerful Reptile
md_flarakrad_shop;Mule
md_flarakrad_0;Mule
md_flarakrad_1;Mule
md_flarakrad_2;Mule
md_flarakrad_uparmor_shop;Solid Mule
md_flarakrad_uparmor_0;Solid Mule
md_flarakrad_uparmor_1;Solid Mule
md_flarakrad_uparmor_2;Solid Mule
md_tgdgb_m40_lv_shop;Echidna
md_tgdgb_m40_lv_0;Echidna
md_tgdgb_m40_lv_1;Echidna
md_tgdgb_m40_lv_2;Echidna
md_tgdgb_m40_lv_uparmor_shop;Solid Echidna
md_tgdgb_m40_lv_uparmor_0;Solid Echidna
md_tgdgb_m40_lv_uparmor_1;Solid Echidna
md_tgdgb_m40_lv_uparmor_2;Solid Echidna
md_ystervark_spaa_shop;Porcupine
md_ystervark_spaa_0;Porcupine
md_ystervark_spaa_1;Porcupine
md_ystervark_spaa_2;Porcupine
md_ystervark_spaa_uparmor_shop;Solid Porcupine
md_ystervark_spaa_uparmor_0;Solid Porcupine
md_ystervark_spaa_uparmor_1;Solid Porcupine
md_ystervark_spaa_uparmor_2;Solid Porcupine
md_ystervark_spaa_flamer_shop;Strong Porcupine
md_ystervark_spaa_flamer_0;Strong Porcupine
md_ystervark_spaa_flamer_1;Strong Porcupine
md_ystervark_spaa_flamer_2;Strong Porcupine
md_ystervark_spaa_uparmor_flamer_shop;Powerful Porcupine
md_ystervark_spaa_uparmor_flamer_0;Powerful Porcupine
md_ystervark_spaa_uparmor_flamer_1;Powerful Porcupine
md_ystervark_spaa_uparmor_flamer_2;Powerful Porcupine
md_bosvark_shop;Boar
md_bosvark_0;Boar
md_bosvark_1;Boar
md_bosvark_2;Boar
md_bosvark_uparmor_shop;Solid Boar
md_bosvark_uparmor_0;Solid Boar
md_bosvark_uparmor_1;Solid Boar
md_bosvark_uparmor_2;Solid Boar
md_bosvark_recoiless_rifle_shop;Strong Boar
md_bosvark_recoiless_rifle_0;Strong Boar
md_bosvark_recoiless_rifle_1;Strong Boar
md_bosvark_recoiless_rifle_2;Strong Boar
md_bosvark_uparmor_recoiless_rifle_shop;Powerful Boar
md_bosvark_uparmor_recoiless_rifle_0;Powerful Boar
md_bosvark_uparmor_recoiless_rifle_1;Powerful Boar
md_bosvark_uparmor_recoiless_rifle_2;Powerful Boar
md_vickers_mk_11_shop;Rhino
md_vickers_mk_11_0;Rhino
md_vickers_mk_11_1;Rhino
md_vickers_mk_11_2;Rhino
md_vickers_mk_11_uparmor_shop;Solid Rhino
md_vickers_mk_11_uparmor_0;Solid Rhino
md_vickers_mk_11_uparmor_1;Solid Rhino
md_vickers_mk_11_uparmor_2;Solid Rhino
md_vickers_mk_11_rearmed_shop;Strong Rhino
md_vickers_mk_11_rearmed_0;Strong Rhino
md_vickers_mk_11_rearmed_1;Strong Rhino
md_vickers_mk_11_rearmed_2;Strong Rhino
md_vickers_mk_11_uparmor_rearmed_shop;Powerful Rhino
md_vickers_mk_11_uparmor_rearmed_0;Powerful Rhino
md_vickers_mk_11_uparmor_rearmed_1;Powerful Rhino
md_vickers_mk_11_uparmor_rearmed_2;Powerful Rhino

germ_garford_putilov_event_shop;◄ Pzw. Garford (Beute)
germ_garford_putilov_event_0;"<color=#81c3fc>Garford Motor Truck Company <color=@commonTextColor>/</color> Putilovskij zavod</color>
◄ Panzerwagen Garford (Beute)"
germ_garford_putilov_event_1;◄ Pzw. Garford (Beute)
germ_garford_putilov_event_2;Armored Car

germ_beutepanzer_mk_iv_event_shop;s.Kpfw. (Beute)
germ_beutepanzer_mk_iv_event_0;"<color=#81c3fc>William Foster & Co.</color>
schwerer Kampfwagen (Beute)"
germ_beutepanzer_mk_iv_event_1;s.Kpfw. (Beute)
germ_beutepanzer_mk_iv_event_2;Medium Tank

germ_a7v_event_shop;s.Kpfw. A7V
germ_a7v_event_0;"<color=#81c3fc>Daimler Motoren Gesellschaft</color>
schwerer Kampfwagen A7V"
germ_a7v_event_1;s.Kpfw. A7V
germ_a7v_event_2;Medium Tank

uk_garford_putilov_shop;Garford
uk_garford_putilov_0;"<color=#81c3fc>Garford Motor Truck Company <color=@commonTextColor>/</color> Putilovskij zavod</color>
Bronirovannyj 4-tonnyj avtomobil' ""Garford"""
uk_garford_putilov_1;Garford
uk_garford_putilov_2;Armored Car

uk_garford_putilov_event_shop;Garford
uk_garford_putilov_event_0;"<color=#81c3fc>Garford Motor Truck Company <color=@commonTextColor>/</color> Putilovskij zavod</color>
Bronirovannyj 4-tonnyj avtomobil' ""Garford"""
uk_garford_putilov_event_1;Garford
uk_garford_putilov_event_2;Armored Car

uk_mark_v_event_shop;Mk. V (Male)
uk_mark_v_event_0;"<color=#81c3fc>Metropolitan Amalgamated Railway Carriage and Wagon Company</color>
Tank, Mk. V
<color=#adadad>(Male)</color>"
uk_mark_v_event_1;Mk. V (Male)
uk_mark_v_event_2;Medium Tank

uk_saint_chamond_shop;St-Chamond mle. 1918
uk_saint_chamond_0;"<color=#81c3fc>Compagnie des forges et aciéries de la marine et d'Homécourt</color>
Char d'assaut Saint-Chamond modèle 1918"
uk_saint_chamond_1;St-Chamond
uk_saint_chamond_2;Medium Tank

uk_saint_chamond_event_shop;St-Chamond mle. 1918
uk_saint_chamond_event_0;"<color=#81c3fc>Compagnie des forges et aciéries de la marine et d'Homécourt</color>
Char d'assaut Saint-Chamond modèle 1918"
uk_saint_chamond_event_1;St-Chamond
uk_saint_chamond_event_2;Medium Tank

zeppelin_shop;L 30
zeppelin_0;"<color=#81c3fc>Luftschiffbau Zeppelin LZ 62</color>
<color=#fffa62>Militärluftschiff Typ R</color>
L 30"
zeppelin_1;L 30
zeppelin_2;L 30

fokker_d7_shop;D.VII
fokker_d7_0;"<color=#81c3fc>Fokker-Flugzeugwerke</color>
D.VII"
fokker_d7_1;D.VII
fokker_d7_2;D.VII

spad_13_shop;S.XIII-C1
spad_13_0;"<color=#81c3fc>Société pour l'aviation et ses dérivés</color>
S.XIII-C1"
spad_13_1;S.XIII-C1
spad_13_2;S.XIII

germ_s_100_class_us_shop;S 204
germ_s_100_class_us_0;"<color=#fffa62>Schnellboot Typ 1939/40</color>
S 204
<color=@currencyGoldColor>""Lang""</color>"
germ_s_100_class_us_1;S 204
germ_s_100_class_us_2;Motor Torpedo Boat

germ_s_100_class_uk_shop;S 204
germ_s_100_class_uk_0;"<color=#fffa62>Schnellboot Typ 1939/40</color>
S 204
<color=@currencyGoldColor>""Lang""</color>"
germ_s_100_class_uk_1;S 204
germ_s_100_class_uk_2;Motor Torpedo Boat

germ_s_100_class_germany_shop;S 204
germ_s_100_class_germany_0;"<color=#fffa62>Schnellboot Typ 1939/40</color>
S 204
<color=@currencyGoldColor>""Lang""</color>"
germ_s_100_class_germany_1;S 204
germ_s_100_class_germany_2;Motor Torpedo Boat

germ_s_100_class_japan_shop;S 204
germ_s_100_class_japan_0;"<color=#fffa62>Schnellboot Typ 1939/40</color>
S 204
<color=@currencyGoldColor>""Lang""</color>"
germ_s_100_class_japan_1;S 204
germ_s_100_class_japan_2;Motor Torpedo Boat

us_pt810_us_shop;PT-810
us_pt810_us_0;"<color=#fffa62>94 ft aluminum motor torpedo boat</color>
USS PT-810"
us_pt810_us_1;PT-810
us_pt810_us_2;Motor Torpedo Boat

us_pt810_uk_shop;PT-810
us_pt810_uk_0;"<color=#fffa62>94 ft aluminum motor torpedo boat</color>
USS PT-810"
us_pt810_uk_1;PT-810
us_pt810_uk_2;Motor Torpedo Boat

us_pt810_germany_shop;PT-810
us_pt810_germany_0;"<color=#fffa62>94 ft aluminum motor torpedo boat</color>
USS PT-810"
us_pt810_germany_1;PT-810
us_pt810_germany_2;Motor Torpedo Boat

us_pt810_japan_shop;PT-810
us_pt810_japan_0;"<color=#fffa62>94 ft aluminum motor torpedo boat</color>
USS PT-810"
us_pt810_japan_1;PT-810
us_pt810_japan_2;Motor Torpedo Boat

test_aircraft_2_engine_shop;Test Aircraft 2
test_aircraft_2_engine_0;Test Aircraft 2
test_aircraft_2_engine_1;Test Aircraft 2
test_aircraft_2_engine_2;Test Aircraft 2
dragonfly_a_shop;TOPTER
dragonfly_a_0;TOPTER
dragonfly_a_1;TOPTER
dragonfly_a_2;TOPTER
dragonfly_h_shop;TOPTER
dragonfly_h_0;TOPTER
dragonfly_h_1;TOPTER
dragonfly_h_2;TOPTER
dragonfly_99_na_shop;Dragonfly AB-99 (N)
dragonfly_99_na_0;Dragonfly AB-99 (N)
dragonfly_99_na_1;Dragonfly (N)
dragonfly_99_na_2;Dragonfly (N)
dragonfly_99_rda_shop;Dragonfly AB-99 (R)
dragonfly_99_rda_0;Dragonfly AB-99 (R)
dragonfly_99_rda_1;Dragonfly (R)
dragonfly_99_rda_2;Dragonfly (R)

//KILLSTREAK VEHICLES
b-29_killstreak_shop;☢ B-29A-45-BN
b-29_killstreak_0;☢ B-29A-45-BN Superfortress
b-29_killstreak_1;☢ B-29A
b-29_killstreak_2;☢ B-29
b-29_france_killstreak_shop;☢☨ B-29A-45-BN
b-29_france_killstreak_0;☢☨ B-29A-45-BN Superfortress
b-29_france_killstreak_1;☢☨ B-29A
b-29_france_killstreak_2;☢☨ B-29
b-29_japan_killstreak_shop;☢▅ B-29A-45-BN
b-29_japan_killstreak_0;☢▅ B-29A-45-BN Superfortress
b-29_japan_killstreak_1;☢▅ B-29A
b-29_japan_killstreak_2;☢▅ B-29
b-29_sweden_killstreak_shop;☢♛ B-29A-45-BN
b-29_sweden_killstreak_0;☢♛ B-29A-45BN Superfortress
b-29_sweden_killstreak_1;☢♛ B-29A
b-29_sweden_killstreak_2;☢♛ B-29

b-29_uk_killstreak_shop;☢▄ Washington B. Mk. 1
b-29_uk_killstreak_0;"<color=#81c3fc>Boeing Airplane Company Model 345</color>
☢▄ Washington B. Mk. 1"
b-29_uk_killstreak_1;☢▄ Washington B. Mk. 1
b-29_uk_killstreak_2;☢▄ Washington

b-29_italy_killstreak_shop;☢⛨ B-29A-45-BN
b-29_italy_killstreak_0;☢⛨ B-29A-45-BN Superfortress
b-29_italy_killstreak_1;☢⛨ B-29A
b-29_italy_killstreak_2;☢⛨ B-29
b-29_germany_killstreak_shop;☢◄ B-29A-45-BN
b-29_germany_killstreak_0;☢◄ B-29A-45-BN Superfortress
b-29_germany_killstreak_1;☢◄ B-29A
b-29_germany_killstreak_2;☢◄ B-29
b-29_iaf_killstreak_shop;☢ B-29A-45-BN
b-29_iaf_killstreak_0;☢ B-29A-45-BN Superfortress
b-29_iaf_killstreak_1;☢ B-29A
b-29_iaf_killstreak_2;☢ B-29
tu_4_killstreak_shop;☢ Tu-4
tu_4_killstreak_0;☢ Tu-4
tu_4_killstreak_1;☢ Tu-4
tu_4_killstreak_2;☢ Tu-4
tu_4_china_killstreak_shop;☢␗ Tu-4
tu_4_china_killstreak_0;☢␗ Tu-4
tu_4_china_killstreak_1;☢␗ Tu-4
tu_4_china_killstreak_2;☢␗ Tu-4
il_28_killstreak_shop;☢ Il-28A
il_28_killstreak_0;☢ Il-28A
il_28_killstreak_1;☢ Il-28A
il_28_killstreak_2;☢ Il-28
il_28_china_killstreak_shop;☢␗ Il-28A
il_28_china_killstreak_0;☢␗ Il-28A
il_28_china_killstreak_1;☢␗ Il-28A
il_28_china_killstreak_2;☢␗ Il-28
il_28_german_killstreak_shop;☢◊ Il-28A
il_28_german_killstreak_0;☢◊ Il-28A
il_28_german_killstreak_1;☢◊ Il-28A
il_28_german_killstreak_2;☢◊ Il-28

canberra_bimk6_killstreak_shop;☢ Canberra B.(I.) Mk. 6
canberra_bimk6_killstreak_0;"<color=#81c3fc>The English Electric Company A.1</color>
☢ Canberra B.(I.) Mk. 6"
canberra_bimk6_killstreak_1;☢ Canberra B.(I.) Mk. 6
canberra_bimk6_killstreak_2;☢ Canberra

canberra_bimk6_france_killstreak_shop;☢☨ Canberra B.(I.) Mk. 6
canberra_bimk6_france_killstreak_0;"<color=#81c3fc>The English Electric Company A.1</color>
☢☨ Canberra B.(I.) Mk. 6"
canberra_bimk6_france_killstreak_1;☢☨ Canberra B.(I.) Mk. 6
canberra_bimk6_france_killstreak_2;☢☨ Canberra

canberra_bimk6_germany_killstreak_shop;☢◄ Canberra B.(I.) Mk. 6
canberra_bimk6_germany_killstreak_0;"<color=#81c3fc>The English Electric Company A.1</color>
☢◄ Canberra B.(I.) Mk. 6"
canberra_bimk6_germany_killstreak_1;☢◄ Canberra B.(I.) Mk. 6
canberra_bimk6_germany_killstreak_2;☢◄ Canberra

canberra_bimk6_italy_killstreak_shop;☢⛨ Canberra B.(I.) Mk. 6
canberra_bimk6_italy_killstreak_0;"<color=#81c3fc>The English Electric Company A.1</color>
☢⛨ Canberra B.(I.) Mk. 6"
canberra_bimk6_italy_killstreak_1;☢⛨ Canberra B.(I.) Mk. 6
canberra_bimk6_italy_killstreak_2;☢⛨ Canberra

canberra_bimk6_japan_killstreak_shop;☢▅ Canberra B.(I.) Mk. 6
canberra_bimk6_japan_killstreak_0;"<color=#81c3fc>The English Electric Company A.1</color>
☢▅ Canberra B.(I.) Mk. 6"
canberra_bimk6_japan_killstreak_1;☢▅ Canberra B.(I.) Mk. 6
canberra_bimk6_japan_killstreak_2;☢▅ Canberra

canberra_bimk6_sweden_killstreak_shop;☢♛ Canberra B.(I.) Mk. 6
canberra_bimk6_sweden_killstreak_0;"<color=#81c3fc>The English Electric Company A.1</color>
☢♛ Canberra B.(I.) Mk. 6"
canberra_bimk6_sweden_killstreak_1;☢♛ Canberra B.(I.) Mk. 6
canberra_bimk6_sweden_killstreak_2;☢♛ Canberra

canberra_bimk6_usa_killstreak_shop;☢▃ Canberra B.(I.) Mk. 6
canberra_bimk6_usa_killstreak_0;"<color=#81c3fc>The English Electric Company A.1</color>
☢▃ Canberra B.(I.) Mk. 6"
canberra_bimk6_usa_killstreak_1;☢▃ Canberra B.(I.) Mk. 6
canberra_bimk6_usa_killstreak_2;☢▃ Canberra

canberra_bimk6_iaf_killstreak_shop;☢ Canberra B.(I.) Mk. 6
canberra_bimk6_iaf_killstreak_0;"<color=#81c3fc>The English Electric Company A.1</color>
☢ Canberra B.(I.) Mk. 6"
canberra_bimk6_iaf_killstreak_1;☢ Canberra B.(I.) Mk. 6
canberra_bimk6_iaf_killstreak_2;☢ Canberra

su-7bkl_killstreak_shop;☢ Su-7BKL
su-7bkl_killstreak_0;"<color=#5cae63>izd. S-22KL</color>
☢ Su-7BKL"
su-7bkl_killstreak_1;☢ Su-7BKL
su-7bkl_killstreak_2;☢ Su-7

su-7bkl_china_killstreak_shop;☢␗ Su-7BKL
su-7bkl_china_killstreak_0;"<color=#5cae63>izd. S-22KL</color>
☢␗ Su-7BKL"
su-7bkl_china_killstreak_1;☢␗ Su-7BKL
su-7bkl_china_killstreak_2;☢␗ Su-7

jaguar_a_killstreak_shop;☢☨ Jaguar A
jaguar_a_killstreak_0;"<color=#81c3fc>SEPECAT Jaguar A</color>
☢☨ Jaguar Type A"
jaguar_a_killstreak_1;☢☨ Jaguar A
jaguar_a_killstreak_2;☢☨ Jaguar

jaguar_a_germany_killstreak_shop;☢◄ Jaguar A
jaguar_a_germany_killstreak_0;"<color=#81c3fc>SEPECAT Jaguar A</color>
☢◄ Jaguar Type A"
jaguar_a_germany_killstreak_1;☢◄ Jaguar A
jaguar_a_germany_killstreak_2;☢◄ Jaguar

jaguar_a_italy_killstreak_shop;☢▄ Jaguar A
jaguar_a_italy_killstreak_0;"<color=#81c3fc>SEPECAT Jaguar A</color>
☢▄ Jaguar Type A"
jaguar_a_italy_killstreak_1;☢▄ Jaguar A
jaguar_a_italy_killstreak_2;☢▄ Jaguar

jaguar_a_japan_killstreak_shop;☢▅ Jaguar A
jaguar_a_japan_killstreak_0;"<color=#81c3fc>SEPECAT Jaguar A</color>
☢▅ Jaguar Type A"
jaguar_a_japan_killstreak_1;☢▅ Jaguar A
jaguar_a_japan_killstreak_2;☢▅ Jaguar

jaguar_a_sweden_killstreak_shop;☢♛ Jaguar A
jaguar_a_sweden_killstreak_0;"<color=#81c3fc>SEPECAT Jaguar A</color>
☢♛ Jaguar Type A"
jaguar_a_sweden_killstreak_1;☢♛ Jaguar A
jaguar_a_sweden_killstreak_2;☢♛ Jaguar

jaguar_a_uk_killstreak_shop;☢▄ Jaguar A
jaguar_a_uk_killstreak_0;"<color=#81c3fc>SEPECAT Jaguar A</color>
☢▄ Jaguar Type A"
jaguar_a_uk_killstreak_1;☢▄ Jaguar A
jaguar_a_uk_killstreak_2;☢▄ Jaguar

jaguar_a_usa_killstreak_shop;☢▃ Jaguar A
jaguar_a_usa_killstreak_0;"<color=#81c3fc>SEPECAT Jaguar A</color>
☢▃ Jaguar Type A"
jaguar_a_usa_killstreak_1;☢▃ Jaguar A
jaguar_a_usa_killstreak_2;☢▃ Jaguar

jaguar_a_iaf_killstreak_shop;☢ Jaguar A
jaguar_a_iaf_killstreak_0;"<color=#81c3fc>SEPECAT Jaguar A</color>
☢ Jaguar Type A"
jaguar_a_iaf_killstreak_1;☢ Jaguar A
jaguar_a_iaf_killstreak_2;☢ Jaguar

su_24m_killstreak_shop;☢ Su-24M2
su_24m_killstreak_0;☢ "<color=#81c3fc>Kompaniâ «Sukhoj»</color>
<color=#5cae63>izd. T-6M2</color>
☢ Samolyot Su-24M2"
su_24m_killstreak_1;☢ Su-24M
su_24m_killstreak_2;☢ Su-24

su_24m_china_killstreak_shop;☢␗ Su-24M2
su_24m_china_killstreak_0;☢␗ "<color=#81c3fc>Kompaniâ «Sukhoj»</color>
<color=#5cae63>izd. T-6M2</color>
☢␗ Samolyot Su-24M2"
su_24m_china_killstreak_1;☢␗ Su-24M
su_24m_china_killstreak_2;☢␗ Su-24

f_111f_killstreak_shop;☢ F-111F
f_111f_killstreak_0;"<color=#81c3fc>General Dynamics Corporation <color=@commonTextColor>+</color> Grumman Aerospace Corporation</color>
☢ F-111F ""Aardvark"""
f_111f_killstreak_1;☢ F-111F
f_111f_killstreak_2;☢ F-111

f_111f_japan_killstreak_shop;☢▅ F-111F
f_111f_japan_killstreak_0;"<color=#81c3fc>General Dynamics Corporation <color=@commonTextColor>+</color> Grumman Aerospace Corporation</color>
☢▅ F-111F ""Aardvark"""
f_111f_japan_killstreak_1;☢▅ F-111F
f_111f_japan_killstreak_2;☢▅ F-111

f_111f_iaf_killstreak_shop;☢ F-111F
f_111f_iaf_killstreak_0;"<color=#81c3fc>General Dynamics Corporation <color=@commonTextColor>+</color> Grumman Aerospace Corporation</color>
☢ F-111F ""Aardvark"""
f_111f_iaf_killstreak_1;☢ F-111F
f_111f_iaf_killstreak_2;☢ F-111

tornado_ids_de_assta1_killstreak_shop;☢◄ IDS-Tornado (ASSTA 1)
tornado_ids_de_assta1_killstreak_0;"<color=#81c3fc>Panavia Aircraft PA-200</color>
☢◄ IDS-Tornado
<color=#adadad>(Avionics System Software Tornado in ADA 1)</color>"
tornado_ids_de_assta1_killstreak_1;☢◄ IDS-Tornado
tornado_ids_de_assta1_killstreak_2;☢◄ IDS-Tornado

tornado_ids_de_assta1_britain_killstreak_shop;☢▄ IDS-Tornado (ASSTA 1)
tornado_ids_de_assta1_britain_killstreak_0;"<color=#81c3fc>Panavia Aircraft PA-200</color>
☢▄ IDS-Tornado
<color=#adadad>(Avionics System Software Tornado in ADA 1)</color>"
tornado_ids_de_assta1_britain_killstreak_1;☢▄ IDS-Tornado
tornado_ids_de_assta1_britain_killstreak_2;☢▄ IDS-Tornado

tornado_ids_de_assta1_italy_killstreak_shop;☢⛨ IDS-Tornado (ASSTA 1)
tornado_ids_de_assta1_italy_killstreak_0;"<color=#81c3fc>Panavia Aircraft PA-200</color>
☢⛨ IDS-Tornado
<color=#adadad>(Avionics System Software Tornado in ADA 1)</color>"
tornado_ids_de_assta1_italy_killstreak_1;☢⛨ IDS-Tornado
tornado_ids_de_assta1_italy_killstreak_2;☢⛨ IDS-Tornado

tornado_ids_de_assta1_france_killstreak_shop;☢☨ IDS-Tornado (ASSTA 1)
tornado_ids_de_assta1_france_killstreak_0;"<color=#81c3fc>Panavia Aircraft PA-200</color>
☢☨ IDS-Tornado
<color=#adadad>(Avionics System Software Tornado in ADA 1)</color>"
tornado_ids_de_assta1_france_killstreak_1;☢☨ IDS-Tornado
tornado_ids_de_assta1_france_killstreak_2;☢☨ IDS-Tornado

tornado_ids_de_assta1_sweden_killstreak_shop;☢♛ IDS-Tornado (ASSTA 1)
tornado_ids_de_assta1_sweden_killstreak_0;"<color=#81c3fc>Panavia Aircraft PA-200</color>
☢♛ IDS-Tornado
<color=#adadad>(Avionics System Software Tornado in ADA 1)</color>"
tornado_ids_de_assta1_sweden_killstreak_1;☢♛ IDS-Tornado
tornado_ids_de_assta1_sweden_killstreak_2;☢♛ IDS-Tornado

ucav_mq_1_predator_shop;MQ-1A
ucav_mq_1_predator_0;MQ-1A
ucav_mq_1_predator_1;MQ-1A
ucav_mq_1_predator_2;MQ-1
ucav_mq_1_predator_france_killstreak_shop;☨ MQ-1A
ucav_mq_1_predator_france_killstreak_0;☨ MQ-1A
ucav_mq_1_predator_france_killstreak_1;☨ MQ-1A
ucav_mq_1_predator_france_killstreak_2;☨ MQ-1
ucav_mq_1_predator_germany_killstreak_shop;◄ MQ-1A
ucav_mq_1_predator_germany_killstreak_0;◄ MQ-1A
ucav_mq_1_predator_germany_killstreak_1;◄ MQ-1A
ucav_mq_1_predator_germany_killstreak_2;◄ MQ-1
ucav_mq_1_predator_iaf_killstreak_shop; MQ-1A
ucav_mq_1_predator_iaf_killstreak_0; MQ-1A
ucav_mq_1_predator_iaf_killstreak_1; MQ-1A
ucav_mq_1_predator_iaf_killstreak_2; MQ-1
ucav_mq_1_predator_italy_killstreak_shop;⛨ MQ-1A
ucav_mq_1_predator_italy_killstreak_0;⛨ MQ-1A
ucav_mq_1_predator_italy_killstreak_1;⛨ MQ-1A
ucav_mq_1_predator_italy_killstreak_2;⛨ MQ-1
ucav_mq_1_predator_japan_killstreak_shop;▅ MQ-1A
ucav_mq_1_predator_japan_killstreak_0;▅ MQ-1A
ucav_mq_1_predator_japan_killstreak_1;▅ MQ-1A
ucav_mq_1_predator_japan_killstreak_2;▅ MQ-1
ucav_mq_1_predator_sweden_killstreak_shop;♛ MQ-1A
ucav_mq_1_predator_sweden_killstreak_0;♛ MQ-1A
ucav_mq_1_predator_sweden_killstreak_1;♛ MQ-1A
ucav_mq_1_predator_sweden_killstreak_2;♛ MQ-1
ucav_mq_1_predator_uk_killstreak_shop;▄ MQ-1A
ucav_mq_1_predator_uk_killstreak_0;▄ MQ-1A
ucav_mq_1_predator_uk_killstreak_1;▄ MQ-1A
ucav_mq_1_predator_uk_killstreak_2;▄ MQ-1
ucav_mq_1_predator_usa_killstreak_shop;MQ-1A
ucav_mq_1_predator_usa_killstreak_0;MQ-1A
ucav_mq_1_predator_usa_killstreak_1;MQ-1A
ucav_mq_1_predator_usa_killstreak_2;MQ-1
ucav_orion_killstreak_shop;Orion
ucav_orion_killstreak_0;Orion
ucav_orion_killstreak_1;Orion
ucav_orion_killstreak_2;Orion
ucav_orion_shop;Orion
ucav_orion_0;Orion
ucav_orion_1;Orion
ucav_orion_2;Orion

ucav_wing_loong_i_shop;GJ1
ucav_wing_loong_i_0;"<color=#81c3fc>Chéngdū Fēijī Gōngyè (Jítuán)</color>
GJ1 Xíng Wúrénjī"
ucav_wing_loong_i_1;GJ1
ucav_wing_loong_i_2;GJ1

ucav_wing_loong_i_killstreak_shop;GJ1
ucav_wing_loong_i_killstreak_0;"<color=#81c3fc>Chéngdū Fēijī Gōngyè (Jítuán)</color>
GJ1 Xíng Wúrénjī"
ucav_wing_loong_i_killstreak_1;GJ1
ucav_wing_loong_i_killstreak_2;GJ1

//SHIP-LAUNCHED FLOATPLANES
sc_1_shop;SC-1
sc_1_0;"<color=#81c3fc>Curtiss-Wright Corporation Model 97B</color>
SC-1 Seahawk"
sc_1_1;SC-1
sc_1_2;SC-1

//USA AIRCRAFT - VEHICLE/FAMILY START: RANK 1
p-26a_34_m2_shop;P-26C (M2)
p-26a_34_m2_0;"P-26C Peashooter
<color=#adadad>(M2)</color>"
p-26a_34_m2_1;P-26C
p-26a_34_m2_2;P-26

p-26a_33_shop;P-26A (1933)
p-26a_33_0;"P-26A Peashooter
<color=#adadad>(1933)</color>"
p-26a_33_1;P-26A
p-26a_33_2;P-26

p-26b_35_shop;P-26B
p-26b_35_0;P-26B Peashooter
p-26b_35_1;P-26B
p-26b_35_2;P-26

p-26a_34_shop;♢ P-26C
p-26a_34_0;♢ P-26C Peashooter
p-26a_34_1;♢ P-26C
p-26a_34_2;♢ P-26

p-26a_35_shop;P-26A (1935)
p-26a_35_0;"P-26A Peashooter
<color=#adadad>(1935)</color>"
p-26a_35_1;P-26A
p-26a_35_2;P-26

p-36a_shop;P-36A
p-36a_0;P-36A Hawk
p-36a_1;P-36A
p-36a_2;P-36

p-36c_shop;P-36C
p-36c_0;P-36C Hawk
p-36c_1;P-36C
p-36c_2;P-36

p-36c_rb_shop;○ P-36C
p-36c_rb_0;○ P-36C Hawk
p-36c_rb_1;○ P-36C
p-36c_rb_2;○ P-36

p-36a_rasmussen_shop;Rasmussen's P-36A
p-36a_rasmussen_0;"P-36A Hawk
<color=@currencyGoldColor>Philip Rasmussen's</color>"
p-36a_rasmussen_1;P-36A
p-36a_rasmussen_2;P-36

p-36g_shop;P-36G
p-36g_0;P-36G Hawk
p-36g_1;P-36G
p-36g_2;P-36

p-36a_brown_shop;Brown's P-36A
p-36a_brown_0;"<color=@currencyGoldColor>Harry Brown's</color>
P-36A Hawk"
p-36a_brown_1;P-36A
p-36a_brown_2;P-36

bf2c_1_shop;BF2C-1
bf2c_1_0;BF2C-1 Goshawk
bf2c_1_1;BF2C-1
bf2c_1_2;BF2C-1

f3f-2_shop;F3F-2
f3f-2_0;F3F-2
f3f-2_1;F3F-2
f3f-2_2;F3F

f3f-2_galer_shop;Galer's F3F-2
f3f-2_galer_0;"F3F-2
<color=@currencyGoldColor>Robert Galer's</color>"
f3f-2_galer_1;F3F-2
f3f-2_galer_2;F3F

f2a-1_shop;F2A-1
f2a-1_0;F2A-1 Buffalo
f2a-1_1;F2A-1
f2a-1_2;F2A

f2a-3_shop;F2A-3
f2a-3_0;F2A-3 Buffalo
f2a-3_1;F2A-3
f2a-3_2;F2A

f2a-1_thach_shop;Thach's F2A-1
f2a-1_thach_0;"F2A-1 Buffalo
<color=@currencyGoldColor>John Thach's</color>"
f2a-1_thach_1;F2A-1
f2a-1_thach_2;F2A

os2u_1_shop;OS2U-1
os2u_1_0;OS2U-1 Kingfisher
os2u_1_1;OS2U-1
os2u_1_2;OS2U

os2u_3_shop;OS2U-3
os2u_3_0;OS2U-3 Kingfisher
os2u_3_1;OS2U-3
os2u_3_2;OS2U

os2u_1_naval_shop;OS2U-1
os2u_1_naval_0;OS2U-1 Kingfisher
os2u_1_naval_1;OS2U-1
os2u_1_naval_2;OS2U

sb2u-2_shop;SB2U-2
sb2u-2_0;SB2U-2
sb2u-2_1;SB2U-2
sb2u-2_2;SB2U-2

sb2u-3_shop;SB2U-3
sb2u-3_0;SB2U-3
sb2u-3_1;SB2U-3
sb2u-3_2;SB2U-3

tbf-1c_shop;TBF-1C
tbf-1c_0;TBF-1C Avenger
tbf-1c_1;TBF-1C
tbf-1c_2;TBF-1

sbd-3_shop;SBD-3
sbd-3_0;SBD-3 Dauntless
sbd-3_1;SBD-3
sbd-3_2;SBD-3

b_18a_shop;B-18A-DO
b_18a_0;B-18A-DO
b_18a_1;B-18A
b_18a_2;B-18

pby-5_shop;PBY-5
pby-5_0;PBY-5 Catalina
pby-5_1;PBY-5
pby-5_2;PBY-5

pby-5a_shop;PBY-5A
pby-5a_0;PBY-5A Catalina
pby-5a_1;PBY-5A
pby-5a_2;PBY-5

tbd-1_1938_shop;TBD-1
tbd-1_1938_0;TBD-1 Devastator
tbd-1_1938_1;TBD-1
tbd-1_1938_2;TBD-1

pbm_1_shop;PBM-1
pbm_1_0;PBM-1 Mariner
pbm_1_1;PBM-1
pbm_1_2;PBM

pbm_3_shop;PBM-3
pbm_3_0;PBM-3 Mariner
pbm_3_1;PBM-3
pbm_3_2;PBM

pbm_5a_shop;PBM-5A
pbm_5a_0;PBM-5A Mariner
pbm_5a_1;PBM-5A
pbm_5a_2;PBM

b_10b_shop;B-10B
b_10b_0;B-10B
b_10b_1;B-10B
b_10b_2;B-10

//USA AIRCRAFT - VEHICLE/FAMILY START: RANK 2
p-400_shop;P-400-BE
p-400_0;P-400-BE
p-400_1;P-400
p-400_2;P-400

p-38e_shop;P-38E-LO
p-38e_0;P-38E-LO Lightning
p-38e_1;P-38E
p-38e_2;P-38

p-38g_shop;P-38G-1-LO
p-38g_0;P-38G-1-LO Lightning
p-38g_1;P-38G
p-38g_2;P-38

yp-38_shop;YP-38-LO
yp-38_0;YP-38-LO
yp-38_1;YP-38
yp-38_2;YP-38

p-38g_metal_shop;XP-38G
p-38g_metal_0;XP-38G
p-38g_metal_1;XP-38G
p-38g_metal_2;XP-38

p-38j_shop;P-38J-15-LO
p-38j_0;P-38J-15-LO Lightning
p-38j_1;P-38J
p-38j_2;P-38

p-38l_shop;P-38L-5-LO
p-38l_0;P-38L-5-LO Lightning
p-38l_1;P-38L
p-38l_2;P-38

p-38j_marge_shop;Bong's P-38J-15-LO
p-38j_marge_0;"P-38J-15-LO Lightning
<color=@currencyGoldColor>Richard Bong's</color>"
p-38j_marge_1;P-38J
p-38j_marge_2;P-38

p-38k_shop;P-38K-1-LO
p-38k_0;P-38K-1-LO Lightning
p-38k_1;P-38K
p-38k_2;P-38

p-39q_5_shop;P-39Q-5-BE
p-39q_5_0;P-39Q-5-BE Airacobra
p-39q_5_1;P-39Q
p-39q_5_2;P-39

p-39n_shop;P-39N-0-BE
p-39n_0;P-39N-0-BE Airacobra
p-39n_1;P-39N
p-39n_2;P-39

p-40e_shop;P-40E-1-CU
p-40e_0;P-40E-1-CU Warhawk
p-40e_1;P-40E
p-40e_2;P-40

p-40f_10_shop;P-40F-10-CU
p-40f_10_0;P-40F-10-CU Warhawk
p-40f_10_1;P-40F
p-40f_10_2;P-40

p-40e_td_shop;⋦ P-40E-1-CU
p-40e_td_0;⋦ P-40E-1-CU
p-40e_td_1;⋦ P-40E
p-40e_td_2;⋦ P-40

p-40c_shop;P-40C-CU
p-40c_0;P-40C-CU Warhawk
p-40c_1;P-40C
p-40c_2;P-40

p-51c-10-nt_shop;P-51C-10-NT
p-51c-10-nt_0;P-51C-10-NT Mustang
p-51c-10-nt_1;P-51C
p-51c-10-nt_2;P-51

p-51a_tl_shop;╎ P-51A-1-NA
p-51a_tl_0;╎ P-51A-1-NA Mustang
p-51a_tl_1;╎ P-51A
p-51a_tl_2;╎ P-51

p-51_mk1_shop;P-51-NA
p-51_mk1_0;P-51-NA Mustang
p-51_mk1_1;P-51
p-51_mk1_2;P-51

p-51d-5_shop;P-51D-5-NA
p-51d-5_0;P-51D-5-NA Mustang
p-51d-5_1;P-51D
p-51d-5_2;P-51

p-51d-30_usaaf_korea_shop;F-51D-30-NA
p-51d-30_usaaf_korea_0;F-51D-30-NA Mustang
p-51d-30_usaaf_korea_1;F-51D
p-51d-30_usaaf_korea_2;F-51

p-51d-10_shop;Wetmore's P-51D-10-NA
p-51d-10_0;"P-51D-10-NA Mustang
<color=@currencyGoldColor>Raymond Wetmore's</color>"
p-51d-10_1;P-51D
p-51d-10_2;P-51

p-51d-20-na_shop;P-51D-20-NA
p-51d-20-na_0;P-51D-20-NA Mustang
p-51d-20-na_1;P-51D
p-51d-20-na_2;P-51

p-51h-5_na_shop;P-51H-10-NA
p-51h-5_na_0;P-51H-10-NA
p-51h-5_na_1;P-51H
p-51h-5_na_2;P-51

p-51_mk1a_usaaf_shop;P-51-NA
p-51_mk1a_usaaf_0;P-51-NA Mustang
p-51_mk1a_usaaf_1;P-51
p-51_mk1a_usaaf_2;P-51

f4f-3_shop;F4F-3
f4f-3_0;F4F-3 Wildcat
f4f-3_1;F4F
f4f-3_2;F4F

f4f-4_shop;F4F-4
f4f-4_0;F4F-4 Wildcat
f4f-4_1;F4F-4
f4f-4_2;F4F

f6f-3_shop;F6F-5
f6f-3_0;F6F-5 Hellcat
f6f-3_1;F6F-5
f6f-3_2;F6F

f6f-5n_shop;F6F-5N
f6f-5n_0;F6F-5N Hellcat
f6f-5n_1;F6F-5
f6f-5n_2;F6F

f4u-1a_shop;F4U-1A
f4u-1a_0;F4U-1A Corsair
f4u-1a_1;F4U-1
f4u-1a_2;F4U

f4u-1a_usmc_shop;F4U-1A (USMC)
f4u-1a_usmc_0;"F4U-1A Corsair
<color=@currencyGoldColor>United States Marine Corps</color>"
f4u-1a_usmc_1;F4U-1
f4u-1a_usmc_2;F4U

f4u-1d_shop;F4U-1D
f4u-1d_0;F4U-1D Corsair
f4u-1d_1;F4U-1
f4u-1d_2;F4U

f4u-4_shop;F4U-4
f4u-4_0;F4U-4 Corsair
f4u-4_1;F4U-4
f4u-4_2;F4U

f4u-1c_shop;F4U-1C
f4u-1c_0;F4U-1C Corsair
f4u-1c_1;F4U-1
f4u-1c_2;F4U

f4u-4b_shop;F4U-4B
f4u-4b_0;F4U-4B Corsair
f4u-4b_1;F4U-4
f4u-4b_2;F4U

f4u-4b_vmf_214_shop;F4U-4B (VMF-214)
f4u-4b_vmf_214_0;"F4U-4B
<color=@currencyGoldColor>VMF-214</color>"
f4u-4b_vmf_214_1;F4U-4
f4u-4b_vmf_214_2;F4U

p-51_a-36_shop;A-36A-1-NA
p-51_a-36_0;A-36A-1-NA Apache
p-51_a-36_1;A-36A
p-51_a-36_2;A-36

a-20g_shop;A-20G-25-DO
a-20g_0;A-20G-25-DO Havoc
a-20g_1;A-20G
a-20g_2;A-20

sb2c_1c_shop;SB2C-1C
sb2c_1c_0;SB2C-1C Helldiver
sb2c_1c_1;SB2C-1
sb2c_1c_2;SB2C

sb2c_5_france_shop;☨ SB2C-5
sb2c_5_france_0;☨ SB2C-5 Helldiver
sb2c_5_france_1;☨ SB2C-5
sb2c_5_france_2;☨ SB2C

b_34_shop;B-34-VE
b_34_0;B-34-VE
b_34_1;B-34
b_34_2;B-34

b_25j_1_shop;B-25J-1-NC
b_25j_1_0;B-25J-1-NC Mitchell
b_25j_1_1;B-25J
b_25j_1_2;B-25

b_25j_20_shop;B-25J-20-NC
b_25j_20_0;B-25J-20-NC Mitchell
b_25j_20_1;B-25J
b_25j_20_2;B-25

b_25_shop;B-25-NA
b_25_0;B-25-NA Mitchell
b_25_1;B-25
b_25_2;B-25

ki_43_2_late_shop;▃ Ki 43-II (early)
ki_43_2_late_0;"<color=#81c3fc>Nakajima Hikōki</color>
<color=#7ce68f>1 Shiki Sentōki 2 Gata</color>
▃ Ki 43-II ""Hayabusa""
<color=#adadad>(early)</color>"
ki_43_2_late_1;▃ Ki 43-II
ki_43_2_late_2;▃ Ki 43

ki_61_1a_otsu_usa_shop;▃ Ki 61-I Otsu
ki_61_1a_otsu_usa_0;"<color=#81c3fc>Kawasaki Kōkūki Kōgyō</color>
<color=#7ce68f>3 Shiki Sentōki 1 Gata Otsu</color>
▃ Ki 61-I Otsu ""Hien"""
ki_61_1a_otsu_usa_1;▃ Ki 61-I
ki_61_1a_otsu_usa_2;▃ Ki 61

p-43a-1_shop;P-43A-1-RE
p-43a-1_0;P-43A-1-RE
p-43a-1_1;P-43A
p-43a-1_2;P-43

//USA AIRCRAFT - VEHICLE/FAMILY START: RANK 3
p-63a-5_shop;P-63A-5-BE
p-63a-5_0;P-63A-5-BE Kingcobra
p-63a-5_1;P-63A
p-63a-5_2;P-63

p-63a-10_shop;P-63A-10-BE
p-63a-10_0;P-63A-10-BE Kingcobra
p-63a-10_1;P-63A
p-63a-10_2;P-63

p-63c-5_shop;P-63C-5-BE
p-63c-5_0;P-63C-5-BE Kingcobra
p-63c-5_1;P-63C
p-63c-5_2;P-63

p-63c-5_kingcobra_animal_version_shop;␠ P-63C-5-BE
p-63c-5_kingcobra_animal_version_0;␠ P-63C-5-BE Kingcobra
p-63c-5_kingcobra_animal_version_1;␠ P-63C
p-63c-5_kingcobra_animal_version_2;␠ P-63

p-47d_22_re_shop;P-47D-22-RE
p-47d_22_re_0;P-47D-22-RE Thunderbolt
p-47d_22_re_1;P-47D
p-47d_22_re_2;P-47

p-47d_shop;P-47D-25-RE
p-47d_0;P-47D-25-RE Thunderbolt
p-47d_1;P-47D
p-47d_2;P-47

p-47d-28_shop;P-47D-28-RA
p-47d-28_0;P-47D-28-RA Thunderbolt
p-47d-28_1;P-47D
p-47d-28_2;P-47

p-47n-15_shop;P-47N-15-RE
p-47n-15_0;P-47N-15-RE Thunderbolt
p-47n-15_1;P-47N
p-47n-15_2;P-47

p-47m-1-re_shop;Bostwick's P-47M-1-RE
p-47m-1-re_0;"P-47M-1-RE Thunderbolt
<color=@currencyGoldColor>George Bostwick's</color>"
p-47m-1-re_1;P-47M
p-47m-1-re_2;P-47

p-47m-1-re_boxted_shop;⋠ Łanowski's P-47M-1-RE
p-47m-1-re_boxted_0;"⋠ P-47M-1-RE Thunderbolt
<color=@currencyGoldColor>Witold Łanowski's</color>"
p-47m-1-re_boxted_1;⋠ P-47M
p-47m-1-re_boxted_2;⋠ P-47

f8f1_shop;F8F-1
f8f1_0;F8F-1 Bearcat
f8f1_1;F8F-1
f8f1_2;F8F

f8f1b_shop;F8F-1B
f8f1b_0;F8F-1B Bearcat
f8f1b_1;F8F-1
f8f1b_2;F8F

pbj_1h_shop;PBJ-1H
pbj_1h_0;PBJ-1H
pbj_1h_1;PBJ-1
pbj_1h_2;PBJ

pbj_1j_shop;PBJ-1J
pbj_1j_0;PBJ-1J
pbj_1j_1;PBJ-1
pbj_1j_2;PBJ

pbj_1j_1_shop;PBJ-1J
pbj_1j_1_0;PBJ-1J Mitchell
pbj_1j_1_1;PBJ-1
pbj_1j_1_2;PBJ

p-61c_1_shop;P-61C-1-NO
p-61c_1_0;P-61C-1-NO Black Widow
p-61c_1_1;P-61C
p-61c_1_2;P-61

p-61a_1_shop;P-61A-1-NO
p-61a_1_0;P-61A-1-NO Black Widow
p-61a_1_1;P-61A
p-61a_1_2;P-61

b_26b_c_shop;B-26C-15-MA
b_26b_c_0;B-26C-15-MA Marauder
b_26b_c_1;B-26C
b_26b_c_2;B-26

b_26_shop;B-26
b_26_0;B-26 Marauder
b_26_1;B-26
b_26_2;B-26

b-17e_shop;B-17E (early)
b-17e_0;"B-17E Flying Fortress
<color=#adadad>(Sperry No. 645705-D)</color>"
b-17e_1;B-17E
b-17e_2;B-17

b-17e_late_shop;B-17E (late)
b-17e_late_0;"B-17E Flying Fortress
<color=#adadad>(Sperry No. 645849-J)</color>"
b-17e_late_1;B-17E
b-17e_late_2;B-17

b-17g_shop;B-17G-60-VE
b-17g_0;B-17G-60-VE Flying Fortress
b-17g_1;B-17G
b-17g_2;B-17

pb4y-2_shop;PB4Y-2
pb4y-2_0;PB4Y-2 Privateer
pb4y-2_1;PB4Y-2
pb4y-2_2;PB4Y

xp-55_shop;XP-55-CS
xp-55_0;XP-55-CS Ascender
xp-55_1;XP-55
xp-55_2;XP-55

a6m2_zero_usa_shop;▃ A6M2 (21 Gata)
a6m2_zero_usa_0;"<color=#81c3fc>Mitsubishi Jū Kōgyō</color>
<color=#7ce68f>0 Shiki Kanjō Sentōki 21 Gata</color>
▃ A6M2 ""Rei Sen"""
a6m2_zero_usa_1;▃ A6M2
a6m2_zero_usa_2;▃ A6M

bf-109f-4_usa_shop;▃ Bf 109 F-4
bf-109f-4_usa_0;▃ Bf 109 F-4
bf-109f-4_usa_1;▃ Bf 109 F
bf-109f-4_usa_2;▃ Bf 109

fr_1_fireball_shop;FR-1
fr_1_fireball_0;"<color=#81c3fc>Ryan Aeronautical Company Model 28-1</color>
FR-1 Fireball"
fr_1_fireball_1;FR-1
fr_1_fireball_2;FR-1

xp-50_shop;XP-50-GR
xp-50_0;XP-50-GR
xp-50_1;XP-50-GR
xp-50_2;XP-50

btd-1_shop;BTD-1
btd-1_0;BTD-1 Destroyer
btd-1_1;BTD-1
btd-1_2;BTD

pv_2d_shop;PV-2D
pv_2d_0;PV-2D Harpoon
pv_2d_1;PV-2D
pv_2d_2;PV-2

xf5f_shop;XF5F-1
xf5f_0;XF5F-1 Skyrocket
xf5f_1;XF5F-1
xf5f_2;XF5F

//USA AIRCRAFT - VEHICLE/FAMILY START: RANK 4
f-82e_shop;F-82E-NA
f-82e_0;F-82E-NA Twin Mustang
f-82e_1;F-82E
f-82e_2;F-82

f-82g_shop;F-82G-NA
f-82g_0;F-82G-NA Twin Mustang
f-82g_1;F-82G
f-82g_2;F-82

f7f1_shop;F7F-1
f7f1_0;F7F-1 Tigercat
f7f1_1;F7F-1
f7f1_2;F7F-1

f7f3_shop;F7F-3
f7f3_0;F7F-3 Tigercat
f7f3_1;F7F-3
f7f3_2;F7F-3

a-26b_10_shop;A-26B-15-DL
a-26b_10_0;A-26B-15-DL
a-26b_10_1;A-26B
a-26b_10_2;A-26B-10

a-26b_shop;A-26B-50-DL
a-26b_0;A-26B-50-DL
a-26b_1;A-26B
a-26b_2;A-26

a-26c_shop;A-26C-45-DO
a-26c_0;A-26C-45-DO Invader
a-26c_1;A-26C
a-26c_2;A-26

a-26c-45-dt_shop;B-26C-45-DT (BN) (17th B.G.)
a-26c-45-dt_0;"B-26C-45-DT Invader
<color=#adadad>(Bombardier Nose)</color>
<color=@currencyGoldColor>17th Bomb Group</color>"
a-26c-45-dt_1;B-26C
a-26c-45-dt_2;B-26

a_26c_shop;B-26C-45-DT (BN)
a_26c_0;"B-26C-45-DT Invader
<color=#adadad>(Bombardier Nose)</color>"
a_26c_1;B-26C
a_26c_2;B-26

douglas_ad_2_shop;AD-2
douglas_ad_2_0;AD-2 Skyraider
douglas_ad_2_1;AD-2
douglas_ad_2_2;AD-2

douglas_ad_4_shop;AD-4
douglas_ad_4_0;AD-4 Skyraider
douglas_ad_4_1;AD-4
douglas_ad_4_2;AD-4

am_1_mauler_shop;AM-1
am_1_mauler_0;AM-1 Mauler
am_1_mauler_1;AM-1
am_1_mauler_2;AM-1

b-29_shop;B-29A-45-BN
b-29_0;B-29A-45-BN Superfortress
b-29_1;B-29A
b-29_2;B-29

xa_38_shop;XA-38-BH
xa_38_0;XA-38-BH Grizzly
xa_38_1;XA-38
xa_38_2;XA-38

fw-190a-8_usa_shop;▃ Fw 190 A-8
fw-190a-8_usa_0;▃ Fw 190 A-8
fw-190a-8_usa_1;▃ Fw 190 A
fw-190a-8_usa_2;▃ Fw 190

spitfire_ix_usa_shop;▃ Spitfire L.F. Mk. IX
spitfire_ix_usa_0;"<color=#81c3fc>Supermarine Aviation Works (Vickers) Type 361 <color=@commonTextColor>/</color> M.A.P. Castle Bromwich
Aircraft Factory</color>
▃ Spitfire L.F. Mk. IX"
spitfire_ix_usa_1;▃ Spitfire L.F. Mk. IX
spitfire_ix_usa_2;▃ Spitfire

douglas_a_1h_shop;A-1H
douglas_a_1h_0;A-1H Skyraider
douglas_a_1h_1;A-1H
douglas_a_1h_2;A-1H

xf5u_1_shop;XF5U-1
xf5u_1_0;"<color=#81c3fc>Vought-Sikorsky Aircraft</color>
XF5U-1 ""Flying Flapjack"""
xf5u_1_1;XF5U-1
xf5u_1_2;XF5U

p-59a_shop;P-59A-1-BE
p-59a_0;"<color=#81c3fc>Bell Aircraft Corporation Model 27</color>
P-59A-1-BE Airacomet"
p-59a_1;P-59A
p-59a_2;P-59

f4u-6_au-1_shop;AU-1
f4u-6_au-1_0;AU-1 Corsair
f4u-6_au-1_1;AU-1
f4u-6_au-1_2;AU-1

f2g-1_shop;F2G-1
f2g-1_0;F2G-1 Corsair
f2g-1_1;F2G-1
f2g-1_2;F2G

//USA AIRCRAFT - VEHICLE/FAMILY START: RANK 5
f-80a_shop;F-80A-5-LO
f-80a_0;F-80A-5-LO Shooting Star
f-80a_1;F-80A
f-80a_2;F-80

f-80_shop;F-80C-10-LO
f-80_0;F-80C-10-LO Shooting Star
f-80_1;F-80C
f-80_2;F-80

f-84b_shop;F-84B-26-RE
f-84b_0;F-84B-26-RE Thunderjet
f-84b_1;F-84B
f-84b_2;F-84

f-84g_shop;F-84G-21-RE
f-84g_0;F-84G-21-RE Thunderjet
f-84g_1;F-84G-21-RE
f-84g_2;F-84G

f-84f_shop;F-84F-50-RE
f-84f_0;F-84F-50-RE Thunderstreak
f-84f_1;F-84F
f-84f_2;F-84

f-86a-5_shop;F-86A-5-NA
f-86a-5_0;F-86A-5-NA Sabre
f-86a-5_1;F-86A
f-86a-5_2;F-86

f-86f-25_shop;F-86F-25-NH
f-86f-25_0;F-86F-25-NH Sabre
f-86f-25_1;F-86F
f-86f-25_2;F-86

f-86f-2_shop;F-86F-2-NA
f-86f-2_0;F-86F-2-NA Sabre
f-86f-2_1;F-86F
f-86f-2_2;F-86

f-86f-35_shop;F-86F-35-NA
f-86f-35_0;F-86F-35-NA Sabre
f-86f-35_1;F-86F
f-86f-35_2;F-86

f2h-2_shop;F2H-2
f2h-2_0;F2H-2 Banshee
f2h-2_1;F2H-2
f2h-2_2;F2H

f9f-2_shop;F9F-2
f9f-2_0;F9F-2 Panther
f9f-2_1;F9F-2
f9f-2_2;F9F

f9f-5_shop;F9F-5
f9f-5_0;F9F-5 Panther
f9f-5_1;F9F-5
f9f-5_2;F9F

f9f-8_shop;F-9J
f9f-8_0;F-9J Cougar
f9f-8_1;F-9J
f9f-8_2;F-9

f3d_1_shop;F3D-1
f3d_1_0;"<color=#81c3fc>Douglas Aircraft Company D-561</color>
F3D-1 Skyknight"
f3d_1_1;F3D-1
f3d_1_2;F3D

b-57_shop;B-57A-MA
b-57_0;B-57A-MA Canberra
b-57_1;B-57A
b-57_2;B-57

b-57b_shop;B-57B-0-MA
b-57b_0;B-57B-0-MA Canberra
b-57b_1;B-57B
b-57b_2;B-57

f-89d_shop;F-89D-65-NO
f-89d_0;F-89D-65-NO
f-89d_1;F-89D
f-89d_2;F-89

f-89b_shop;F-89B-1-NO
f-89b_0;F-89B-1-NO
f-89b_1;F-89B
f-89b_2;F-89

a2d_shop;A2D-1
a2d_0;A2D-1 Skyshark
a2d_1;A2D-1
a2d_2;A2D-1

//USA AIRCRAFT - VEHICLE/FAMILY START: RANK 6
f_101c_shop;F-101C-55-MC
f_101c_0;"<color=#81c3fc>McDonnell Aircraft Corporation Model 36W</color>
F-101C-55-MC Voodoo"
f_101c_1;F-101C
f_101c_2;F-101

f-104a_shop;F-104A-20-LO
f-104a_0;F-104A-20-LO Starfighter
f-104a_1;F-104A
f-104a_2;F-104

f-104c_shop;F-104C-5-LO
f-104c_0;F-104C-5-LO Starfighter
f-104c_1;F-104C
f-104c_2;F-104

f-100d_shop;F-100D-66-NA
f-100d_0;F-100D-66-NA Super Sabre
f-100d_1;F-100D
f-100d_2;F-100

f3h-2_shop;F-3B
f3h-2_0;F-3B Demon
f3h-2_1;F-3B
f3h-2_2;F-3

f8u-2_shop;F-8C
f8u-2_0;F-8C Crusader
f8u-2_1;F-8C
f8u-2_2;F-8

f-8e_shop;F-8E
f-8e_0;F-8E Crusader
f-8e_1;F-8E
f-8e_2;F-8

a_4b_shop;A-4B
a_4b_0;A-4B Skyhawk
a_4b_1;A-4B
a_4b_2;A-4B

a_4e_early_shop;A-4E (AFC 418-II)
a_4e_early_0;"A-4E Skyhawk
<color=#adadad>(AFC 418-II)</color>"
a_4e_early_1;A-4E
a_4e_early_2;A-4

fj_4b_shop;AF-1E
fj_4b_0;AF-1E Fury
fj_4b_1;AF-1E
fj_4b_2;AF-1

fj_4b_agm_12b_shop;FJ-4B (VMF-232)
fj_4b_agm_12b_0;"FJ-4B Fury
<color=@currencyGoldColor>VMF-232</color>"
fj_4b_agm_12b_1;FJ-4B
fj_4b_agm_12b_2;FJ-4

av_8c_shop;AV-8C
av_8c_0;AV-8C Harrier
av_8c_1;AV-8C
av_8c_2;AV-8

av_8a_shop;AV-8A-2
av_8a_0;AV-8A-2 Harrier
av_8a_1;AV-8A
av_8a_2;AV-8

av_8b_plus_shop;AV-8B Radar
av_8b_plus_0;AV-8B Harrier II Radar
av_8b_plus_1;AV-8B
av_8b_plus_2;AV-8

av_8b_na_shop;AV-8B NA
av_8b_na_0;AV-8B Harrier II Night Attack
av_8b_na_1;AV-8B
av_8b_na_2;AV-8

b_66b_shop;B-66B-DL
b_66b_0;"<color=#81c3fc>Douglas Aircraft Company D-1327A</color>
B-66B-DL Destroyer"
b_66b_1;B-66B
b_66b_2;B-66

f_117_shop;F-117A-1-LO (MIPS)
f_117_0;"<color=#81c3fc>Lockheed Corporation</color>
F-117A-1-LO Nighthawk
<color=#adadad>(Midlife Improvement Study)</color>"
f_117_1;F-117A
f_117_2;F-117

a_10a_early_shop;A-10A (1979)
a_10a_early_0;"<color=#81c3fc>Fairchild Industries, Fairchild Republic Divison</color>
A-10A Thunderbolt II ""Warthog""
<color=#adadad>(1979)</color>"
a_10a_early_1;A-10A
a_10a_early_2;A-10

nt_a_10a_early_shop;A-10A (1979)
nt_a_10a_early_0;"<color=#81c3fc>Fairchild Industries, Fairchild Republic Divison</color>
A-10A Thunderbolt II ""Warthog""
<color=#adadad>(1979)</color>"
nt_a_10a_early_1;A-10A
nt_a_10a_early_2;A-10

a_10a_late_shop;A-10A (1983)
a_10a_late_0;"<color=#81c3fc>Fairchild Industries, Fairchild Republic Divison</color>
A-10A Thunderbolt II ""Warthog""
<color=#adadad>(1983)</color>"
a_10a_late_1;A-10A
a_10a_late_2;A-10

a_10c_shop;A-10C
a_10c_0;"<color=#81c3fc>Fairchild Industries, Fairchild Republic Divison <color=@commonTextColor>/</color> Lockheed Martin
Systems Integration - Owego</color>
A-10C Thunderbolt II ""Warthog"""
a_10c_1;A-10C
a_10c_2;A-10

f11f_1_late_shop;F11F-1
f11f_1_late_0;F11F-1 Tiger
f11f_1_late_1;F11F-1
f11f_1_late_2;F11F

f4d_1_shop;F-6A
f4d_1_0;F-6A Skyray
f4d_1_1;F-6A
f4d_1_2;F-6

f_106a_1972_shop;F-106A-100-CO (Polhemus)
f_106a_1972_0;"<color=#81c3fc>Convair Model 8-31</color>
F-106A-100-CO Delta Dart
<color=#adadad>(Project Six Shooter) (Project Speedline)
(Polhemus Helmet-Mounted Sight)</color>"
f_106a_1972_1;F-106A
f_106a_1972_2;F-106

b_52h_shop;B-52H-140-BW (1979)
b_52h_0;"<color=#81c3fc>Boeing Airplane Company Model 464-261</color>
B-52H-140-BW Stratofortress ""BUFF""
<color=#adadad>(Project Jolly Well) (Project Rivet Ace) (AN/ASQ-151)
(Project Quick Start) (AN/ALT-32 (SALT II-compliant))</color>"
b_52h_1;B-52H
b_52h_2;B-52

nt_b_52h_shop;☢ B-52H-140-BW (1979)
nt_b_52h_0;"<color=#81c3fc>Boeing Airplane Company Model 464-261</color>
☢ B-52H-140-BW Stratofortress ""BUFF""
<color=#adadad>(Project Jolly Well) (Project Rivet Ace) (AN/ASQ-151)
(Project Quick Start) (AN/ALT-32 (SALT II-compliant))</color>"
nt_b_52h_1;☢ B-52H
nt_b_52h_2;☢ B-52

//USA AIRCRAFT - VEHICLE/FAMILY START: RANK 7
f-5e_shop;F-5E-3-NO
f-5e_0;"<color=#81c3fc>Northrop Corporation F-5-21</color>
F-5E-3-NO Tiger II"
f-5e_1;F-5E
f-5e_2;F-5

f-5c_shop;F-5C-NO
f-5c_0;"<color=#81c3fc>Northrop Corporation N-156F</color>
F-5C-NO Skoshi Tiger"
f-5c_1;F-5C
f-5c_2;F-5

f-5a_shop;YF-5A-NO
f-5a_0;"<color=#81c3fc>Northrop Corporation N-156F</color>
YF-5A-NO Freedom Fighter"
f-5a_1;YF-5A-NO
f-5a_2;YF-5

f-4c_shop;F-4C-24-MC
f-4c_0;"<color=#81c3fc>McDonnell Aircraft Corporation Model 98DJ</color>
F-4C-24-MC Phantom II"
f-4c_1;F-4C
f-4c_2;F-4

f-4e_shop;F-4E-48-MC
f-4e_0;"<color=#81c3fc>McDonnell Douglas Corporation Model 98HO</color>
F-4E-48-MC Phantom II"
f-4e_1;F-4E
f-4e_2;F-4

f_4e_event_shop;F-4E-48-MC
f_4e_event_0;"<color=#81c3fc>McDonnell Douglas Corporation Model 98HO</color>
F-4E-48-MC Phantom II"
f_4e_event_1;F-4E
f_4e_event_2;F-4

nt_f_4e_shop;F-4E-48-MC
nt_f_4e_0;"<color=#81c3fc>McDonnell Douglas Corporation Model 98HO</color>
F-4E-48-MC Phantom II"
nt_f_4e_1;F-4E
nt_f_4e_2;F-4

f-4j_shop;F-4J-46-MC
f-4j_0;"<color=#81c3fc>McDonnell Douglas Corporation Model 98NC</color>
F-4J-46-MC Phantom II"
f-4j_1;F-4J
f-4j_2;F-4

f-4s_shop;F-4S-33-MC
f-4s_0;"<color=#81c3fc>McDonnell Douglas Corporation Model 98</color>
F-4S-33-MC Phantom II"
f-4s_1;F-4S
f-4s_2;F-4

a_7d_shop;A-7D-8-CV
a_7d_0;"<color=#81c3fc>LTV Aerospace, Vought Aeronautics Division</color>
A-7D-8-CV Corsair II"
a_7d_1;A-7D
a_7d_2;A-7

a_7e_shop;A-7E-4-CV
a_7e_0;"<color=#81c3fc>LTV Aerospace, Vought Aeronautics Division</color>
A-7E-4-CV Corsair II"
a_7e_1;A-7E
a_7e_2;A-7

nt_a_7e_shop;A-7E-4-CV
nt_a_7e_0;"<color=#81c3fc>LTV Aerospace, Vought Aeronautics Division</color>
A-7E-4-CV Corsair II"
nt_a_7e_1;A-7E
nt_a_7e_2;A-7

a_7k_shop;A-7K-CV
a_7k_0;"<color=#81c3fc>Vought Corporation</color>
A-7K-CV Corsair II"
a_7k_1;A-7K
a_7k_2;A-7

f-105d_shop;F-105D-31-RE
f-105d_0;"<color=#81c3fc>Republic Aviation Corporation AP-63-31</color>
F-105D-31-RE Thunderchief"
f-105d_1;F-105D
f-105d_2;F-105

f_111a_shop;F-111A
f_111a_0;"<color=#81c3fc>General Dynamics Corporation <color=@commonTextColor>+</color> Grumman Aircraft Engineering
Corporation</color>
F-111A ""Aardvark"""
f_111a_1;F-111A
f_111a_2;F-111

f_111f_shop;F-111F
f_111f_0;"<color=#81c3fc>General Dynamics Corporation <color=@commonTextColor>+</color> Grumman Aerospace Corporation</color>
F-111F ""Aardvark"""
f_111f_1;F-111F
f_111f_2;F-111

a_6e_tram_shop;A-6E (WCSI)
a_6e_tram_0;"<color=#81c3fc>Grumman Aerospace Corporation G-128S</color>
A-6E Intruder
<color=#adadad>(Weapons Control System Improvement)</color>"
a_6e_tram_1;A-6E
a_6e_tram_2;A-6

nt_a_6e_tram_shop;A-6E (WCSI)
nt_a_6e_tram_0;"<color=#81c3fc>Grumman Aerospace Corporation G-128S</color>
A-6E Intruder
<color=#adadad>(Weapons Control System Improvement)</color>"
nt_a_6e_tram_1;A-6E
nt_a_6e_tram_2;A-6

//USA AIRCRAFT - VEHICLE/FAMILY START: RANK 8
f_16a_block_10_shop;F-16A-15OCU-CF
f_16a_block_10_0;"<color=#81c3fc>General Dynamics Corporation</color>
F-16A-15OCU-CF Fighting Falcon"
f_16a_block_10_1;F-16A
f_16a_block_10_2;F-16

f_16a_block_15_adf_shop;F-16A-15ADF-CF
f_16a_block_15_adf_0;"<color=#81c3fc>General Dynamics Corporation</color>
F-16A-15ADF-CF Fighting Falcon"
f_16a_block_15_adf_1;F-16A
f_16a_block_15_adf_2;F-16

f_16a_block_15_adf_killstreak_shop;☢ F-16A-15ADF-CF
f_16a_block_15_adf_killstreak_0;"<color=#81c3fc>General Dynamics Corporation</color>
☢ F-16A-15ADF-CF Fighting Falcon"
f_16a_block_15_adf_killstreak_1;☢ F-16A
f_16a_block_15_adf_killstreak_2;☢ F-16

f_16c_block_50_shop;F-16C-50-CF (CCIP) (2007)
f_16c_block_50_0;"F-16C-50-CF Fighting Falcon
<color=#adadad>(Common Configuration Implementation Program) (2007)</color>"
f_16c_block_50_1;F-16C
f_16c_block_50_2;F-16

f_16c_block_52_aesa_shop;F-16C-52Q-MC (PoBIT)
f_16c_block_52_aesa_0;"<color=#81c3fc>Lockheed Martin Corporation</color>
F-16C-52Q-MC Fighting Falcon
<color=#adadad>(Post Block Integration Team)</color>"
f_16c_block_52_aesa_1;F-16C
f_16c_block_52_aesa_2;F-16

f_15a_shop;F-15A-18-MC (MSIP)
f_15a_0;"F-15A-18-MC Eagle
<color=#adadad>(Multistage Improvement Program)</color>"
f_15a_1;F-15A
f_15a_2;F-15

f_15c_msip2_shop;F-15C-40-MC (MSIP II)
f_15c_msip2_0;"F-15C-40-MC Eagle
<color=#adadad>(Multistage Improvement Program II)</color>"
f_15c_msip2_1;F-15C
f_15c_msip2_2;F-15

f_15c_golden_eagle_shop;F-15C-33-MC (RIP) (PASS)
f_15c_golden_eagle_0;"<color=#81c3fc>Boeing Defense, Space & Security</color>
F-15C-33-MC Eagle
<color=#adadad>(Radar Improvement Program) (Passive Attack Sensor System)</color>"
f_15c_golden_eagle_1;F-15C
f_15c_golden_eagle_2;F-15

f_15e_shop;F-15E-43-MC
f_15e_0;"<color=#81c3fc>McDonnell Douglas Corporation</color>
F-15E-43-MC Strike Eagle"
f_15e_1;F-15E
f_15e_2;F-15

fa_18a_shop;F/A-18A-18-MC
fa_18a_0;"<color=#81c3fc>McDonnell Douglas Corporation Model 267</color>
F/A-18A-18-MC Hornet"
fa_18a_1;F/A-18A
fa_18a_2;F/A-18

fa_18c_early_shop;F/A-18C-25-MC
fa_18c_early_0;"<color=#81c3fc>McDonnell Douglas Corporation Model 267</color>
F/A-18C-25-MC Hornet"
fa_18c_early_1;F/A-18C
fa_18c_early_2;F/A-18

fa_18c_late_shop;F/A-18C-52-MC
fa_18c_late_0;"<color=#81c3fc>McDonnell Douglas Corporation Model 267</color>
F/A-18C-52-MC Hornet"
fa_18c_late_1;F/A-18C
fa_18c_late_2;F/A-18

fa_18e_block_2_shop;F/A-18E-2-MC
fa_18e_block_2_0;"<color=#81c3fc>McDonnell Douglas Corporation</color>
F/A-18E-2-MC Super Hornet"
fa_18e_block_2_1;F/A-18E
fa_18e_block_2_2;F/A-18

f_14a_early_shop;F-14A-110-GR
f_14a_early_0;"<color=#81c3fc>Grumman Aerospace Corporation G-303</color>
F-14A-110-GR Tomcat"
f_14a_early_1;F-14A
f_14a_early_2;F-14

f_14b_shop;F-14B-150-GR
f_14b_0;"<color=#81c3fc>Grumman Aerospace Corporation G-303</color>
F-14B-150-GR Tomcat"
f_14b_1;F-14B
f_14b_2;F-14

f_14a_iriaf_shop;☫ F14
f_14a_iriaf_0;"<color=#81c3fc>Grumman Aerospace Corporation G-303</color>
☫ F14 Tāmkat"
f_14a_iriaf_1;☫ F14
f_14a_iriaf_2;☫ F14

f_14d_shop;F-14D-160-GR
f_14d_0;"<color=#81c3fc>Grumman Aerospace Corporation G-303</color>
F-14D-160-GR Tomcat ""Super Tomcat"""
f_14d_1;F-14D
f_14d_2;F-14

f_20a_shop;F-20A-NO
f_20a_0;F-20A-NO Tigershark
f_20a_1;F-20A
f_20a_2;F-20

//USA HELICOPTERS - VEHICLE/FAMILY START: RANK 5
ah_1g_shop;AH-1G
ah_1g_0;AH-1G Cobra
ah_1g_1;AH-1G
ah_1g_2;AH-1

ah_1f_shop;AH-1F
ah_1f_0;"<color=#81c3fc>Bell Helicopter Textron Model 209</color>
Helicopter, Attack, AH-1F Cobra"
ah_1f_1;AH-1F
ah_1f_2;AH-1

ah_1f_event_shop;AH-1F
ah_1f_event_0;"<color=#81c3fc>Bell Helicopter Textron Model 209</color>
Helicopter, Attack, AH-1F Cobra"
ah_1f_event_1;AH-1F
ah_1f_event_2;AH-1

ah_1w_shop;AH-1W
ah_1w_0;AH-1W Cobra
ah_1w_1;AH-1W
ah_1w_2;AH-1

ah_1z_shop;AH-1Z
ah_1z_0;AH-1Z Viper
ah_1z_1;AH-1Z
ah_1z_2;AH-1

uh_1b_shop;UH-1B
uh_1b_0;UH-1B Iroquois
uh_1b_1;UH-1B
uh_1b_2;UH-1

uh_1c_shop;UH-1C
uh_1c_0;UH-1C Iroquois
uh_1c_1;UH-1C
uh_1c_2;UH-1

uh_1c_xm_30_shop;UH-1C (XM30)
uh_1c_xm_30_0;UH-1C Iroquois (XM30)
uh_1c_xm_30_1;UH-1C
uh_1c_xm_30_2;UH-1

//USA HELICOPTERS - VEHICLE/FAMILY START: RANK 6
ah_6m_shop;AH-6M
ah_6m_0;AH-6M
ah_6m_1;AH-6M
ah_6m_2;AH-6

oh_58d_shop;OH-58D
oh_58d_0;Helicopter, Observation, OH-58D Kiowa Warrior
oh_58d_1;OH-58D
oh_58d_2;OH-58

ah_64a_shop;AH-64A
ah_64a_0;"<color=#81c3fc>McDonnell Douglas Helicopter Systems</color>
Helicopter, Attack, AH-64A Apache"
ah_64a_1;AH-64A
ah_64a_2;AH-64

ah_64a_killstreak_shop;AH-64A
ah_64a_killstreak_0;"<color=#81c3fc>McDonnell Douglas Helicopter Systems</color>
Helicopter, Attack, AH-64A Apache"
ah_64a_killstreak_1;AH-64A
ah_64a_killstreak_2;AH-64

ah_64d_shop;AH-64D
ah_64d_0;"<color=#81c3fc>Boeing Rotorcraft Systems</color>
Helicopter, Attack, AH-64D Longbow Apache"
ah_64d_1;AH-64D
ah_64d_2;AH-64

yah_64_shop;YAH-64A
yah_64_0;"<color=#81c3fc>Hughes Helicopters Model 77</color>
YAH-64A"
yah_64_1;YAH-64A
yah_64_2;YAH-64

ah_64a_greece_usa_shop;⚕ AH-64A
ah_64a_greece_usa_0;"<color=#81c3fc>McDonnell Douglas Helicopter Systems</color>
⚕ Helicopter, Attack, AH-64A Apache"
ah_64a_greece_usa_1;⚕ AH-64A
ah_64a_greece_usa_2;⚕ AH-64

ah_64a_peten_shop;▃ AH-64A
ah_64a_peten_0;"<color=#81c3fc>McDonnell Douglas Helicopter Systems</color>
▃ AH-64A Peten"
ah_64a_peten_1;▃ AH-64A
ah_64a_peten_2;▃ AH-64

ah_64e_shop;AH-64E (v6)
ah_64e_0;"<color=#81c3fc>Boeing Defense, Space & Security</color>
Helicopter, Attack, AH-64E Guardian Apache
<color=#adadad>(Capability Version 6)</color>"
ah_64e_1;AH-64E
ah_64e_2;AH-64

ah_56a_shop;AH-56A
ah_56a_0;"<color=#81c3fc>Lockheed Corporation CL-840</color>
Helicopter, Attack, AH-56A Cheyenne"
ah_56a_1;AH-56A
ah_56a_2;AH-56

rah_66_shop;YRAH-66A (2000)
rah_66_0;"<color=#81c3fc>Boeing Rotorcraft Systems + Sikorsky Aircraft</color>
Helicopter, Reconnaissance/Attack, YRAH-66A Comanche
<color=#adadad>(2000)</color>"
rah_66_1;YRAH-66A
rah_66_2;YRAH-66

//USA HELICOPTERS - VEHICLE/FAMILY START: RANK 7
mh_60l_dap_shop;MH-60L DAP
mh_60l_dap_0;MH-60L Direct Action Penetrator
mh_60l_dap_1;MH-60L
mh_60l_dap_2;MH-60

//USA GROUND VEHICLES - VEHICLE/FAMILY START: RANK 1
us_m2a4_shop;M2A4
us_m2a4_0;"<color=#5cae63>G-86</color>
Tank, Light, M2A4"
us_m2a4_1;M2A4
us_m2a4_2;Light Tank

us_m2_medium_shop;M2
us_m2_medium_0;"<color=#5cae63>G-81</color>
Tank, Medium, M2"
us_m2_medium_1;M2
us_m2_medium_2;Medium Tank

us_m2a2_shop;M2A2
us_m2a2_0;"<color=#5cae63>G-39</color>
Tank, Light, M2A2"
us_m2a2_1;M2A2
us_m2a2_2;Light Tank

us_m2a4_1st_armor_div_shop;M2A4 (1st Arm.Div.)
us_m2a4_1st_armor_div_0;"<color=#5cae63>G-86</color>
Tank, Light, M2A4
<color=@currencyGoldColor>1st Armored Division</color>"
us_m2a4_1st_armor_div_1;M2A4
us_m2a4_1st_armor_div_2;Light Tank

us_m3_stuart_shop;M3
us_m3_stuart_0;"<color=#5cae63>G-103</color>
Tank, Light, M3 Stuart"
us_m3_stuart_1;M3
us_m3_stuart_2;Light Tank

us_m3a1_stuart_shop;M3A1
us_m3a1_stuart_0;"<color=#5cae63>G-103</color>
Tank, Light, M3A1 Stuart"
us_m3a1_stuart_1;M3A1
us_m3a1_stuart_2;Light Tank

us_m3a1_stuart_usmc_shop;M3A1 (USMC)
us_m3a1_stuart_usmc_0;"<color=#5cae63>G-103</color>
Tank, Light, M3A1 Stuart
<color=@currencyGoldColor>United States Marine Corps</color>"
us_m3a1_stuart_usmc_1;M3A1
us_m3a1_stuart_usmc_2;Light Tank

us_lvt_a_1_shop;LVT (A) (1)
us_lvt_a_1_0;"<color=#81c3fc>Food Machinery Corporation</color>
Landing Vehicle, Tracked (Armored), Mk. I"
us_lvt_a_1_1;LVT (A) (1)
us_lvt_a_1_2;Landing Vehicle

us_lvt_a_4_shop;LVT (A) (4)
us_lvt_a_4_0;"<color=#81c3fc>Food Machinery Corporation</color>
Landing Vehicle, Tracked (Armored), Mk. IV"
us_lvt_a_4_1;LVT (A) (4)
us_lvt_a_4_2;Landing Vehicle

us_lvt_a_1_trb_shop;○ LVT (A) (1)
us_lvt_a_1_trb_0;"<color=#81c3fc>Food Machinery Corporation</color>
○ Landing Vehicle, Tracked (Armored), Mk. I"
us_lvt_a_1_trb_1;○ LVT (A) (1)
us_lvt_a_1_trb_2;Landing Vehicle

us_lvt_a1_m24_shop;LVT (A) (1) (M6)
us_lvt_a1_m24_0;"<color=#81c3fc>Food Machinery Corporation</color>
Landing Vehicle, Tracked (Armored), Mk. I
<color=#adadad>(Gun, 75mm, M6)</color>"
us_lvt_a1_m24_1;LVT (A) (1) (M6)
us_lvt_a1_m24_2;Landing Vehicle

us_lvt_4_zis_2_shop;▃␗ LVT (ZiS-2)
us_lvt_4_zis_2_0;"<color=#81c3fc>Food Machinery Corporation</color>
▃␗ LVT Shuilù Tankè
<color=#adadad>(ZiS-2 obr. 1941 g.)</color>"
us_lvt_4_zis_2_1;▃␗ LVT
us_lvt_4_zis_2_2;SPG

us_m22_locust_shop;M22
us_m22_locust_0;"<color=#5cae63>G-148</color>
Tank, Light, M22 Locust"
us_m22_locust_1;M22
us_m22_locust_2;Light Tank

us_m22_locust_race_shop;M22
us_m22_locust_race_0;"<color=#5cae63>G-148</color>
Tank, Light, M22 Locust"
us_m22_locust_race_1;M22
us_m22_locust_race_2;Light Tank

us_halftrack_m13_shop;M13 MGMC
us_halftrack_m13_0;"<color=#5cae63>G-102</color>
Carriage, Motor, Multiple Gun, M13"
us_halftrack_m13_1;M13
us_halftrack_m13_2;SPAA

us_halftrack_m15_shop;M15 CGMC
us_halftrack_m15_0;"<color=#5cae63>G-102</color>
Carriage, Motor, Combination Gun, M15"
us_halftrack_m15_1;M15
us_halftrack_m15_2;SPAA

us_m8_scott_shop;M8 HMC
us_m8_scott_0;"<color=#5cae63>G-127</color>
Carriage, Motor, 75mm Howitzer, M8 ""Scott"""
us_m8_scott_1;M8 HMC
us_m8_scott_2;SPG

us_m8_greyhound_shop;M8 LAC
us_m8_greyhound_0;"<color=#5cae63>G-136</color>
Car, Armored, Light, M8"
us_m8_greyhound_1;M8 LAC
us_m8_greyhound_2;Light Tank

us_m8a1_shop;M8A1 GMC
us_m8a1_0;"<color=#5cae63>G-127</color>
Carriage, Motor, 75mm Gun, M8A1 ""Scott"""
us_m8a1_1;M8A1
us_m8a1_2;Light Tank

us_halftrack_m3_75mm_gmc_shop;M3 GMC
us_halftrack_m3_75mm_gmc_0;"<color=#5cae63>G-102</color>
Carriage, Motor, 75mm Gun, M3"
us_halftrack_m3_75mm_gmc_1;M3 GMC
us_halftrack_m3_75mm_gmc_2;SPG

//USA GROUND VEHICLES - VEHICLE/FAMILY START: RANK 2
us_m5a1_stuart_shop;M5A1
us_m5a1_stuart_0;"<color=#5cae63>G-103</color>
Tank, Light, M5A1 Stuart"
us_m5a1_stuart_1;M5A1
us_m5a1_stuart_2;Light Tank

us_m5a1_stuart_canadian_5st_arm_shop;▃ Stuart, Mk. VI (5th Can.Arm.Div.)
us_m5a1_stuart_canadian_5st_arm_0;"▃ Tank, Light, Stuart, Mk. VI
<color=@currencyGoldColor>5th Canadian Armoured Division</color>"
us_m5a1_stuart_canadian_5st_arm_1;▃ Stuart, Mk. VI
us_m5a1_stuart_canadian_5st_arm_2;Light Tank

us_m5a1_stuart_td_shop;⋦ M5A1 (3rd T.Bat.)
us_m5a1_stuart_td_0;"<color=#5cae63>G-103</color>
⋦ Tank, Light, M5A1 Stuart
<color=@currencyGoldColor>3rd Tank Battalion</color>"
us_m5a1_stuart_td_1;⋦ M5A1
us_m5a1_stuart_td_2;Light Tank

us_m3_lee_shop;M3 MT
us_m3_lee_0;"<color=#5cae63>G-104</color>
Tank, Medium, M3 Lee"
us_m3_lee_1;M3
us_m3_lee_2;Medium Tank

us_mk1_grant_shop;▃ Grant, Mk. I
us_mk1_grant_0;"▃ Tank, Medium, Grant, Mk. I"
us_mk1_grant_1;▃ Grant, Mk. I
us_mk1_grant_2;▃ Cruiser tank

us_m4a1_1942_sherman_shop;M4A1
us_m4a1_1942_sherman_0;"<color=#5cae63>G-104</color>
Tank, Medium, M4A1 Sherman"
us_m4a1_1942_sherman_1;M4A1
us_m4a1_1942_sherman_2;Medium Tank

us_m4_sherman_shop;M4
us_m4_sherman_0;"<color=#5cae63>G-104</color>
Tank, Medium, M4 Sherman"
us_m4_sherman_1;M4
us_m4_sherman_2;Medium Tank

us_m4a2_sherman_shop;M4A2
us_m4a2_sherman_0;"<color=#5cae63>G-104</color>
Tank, Medium, M4A2 Sherman"
us_m4a2_sherman_1;M4A2
us_m4a2_sherman_2;Medium Tank

us_m4a3_105_sherman_shop;M4A3 (105) HVSS
us_m4a3_105_sherman_0;"<color=#5cae63>G-104</color>
Tank, Medium, M4A3 (105) HVSS Sherman"
us_m4a3_105_sherman_1;M4A3 (105)
us_m4a3_105_sherman_2;Medium Tank

us_m4a1_76w_sherman_shop;M4A1 (76) W
us_m4a1_76w_sherman_0;"<color=#5cae63>G-104</color>
Tank, Medium, M4A1 (76) W Sherman"
us_m4a1_76w_sherman_1;M4A1
us_m4a1_76w_sherman_2;Medium Tank

us_m4a2_76w_sherman_shop;M4A2 (76) W
us_m4a2_76w_sherman_0;"<color=#5cae63>G-104</color>
Tank, Medium, M4A2 (76) W Sherman"
us_m4a2_76w_sherman_1;M4A2
us_m4a2_76w_sherman_2;Medium Tank

us_m4a3e8_76w_sherman_shop;M4A3E8(76)W
us_m4a3e8_76w_sherman_0;"<color=#81c3fc>United States Army Ordnance Department</color>
<color=#5cae63>G-104</color>
Tank, Medium, M4A3E8(76)W Sherman"
us_m4a3e8_76w_sherman_1;M4A3E8
us_m4a3e8_76w_sherman_2;Medium Tank

us_m4a3e2_sherman_jumbo_shop;M4A3E2 (75) W
us_m4a3e2_sherman_jumbo_0;"<color=#5cae63>G-104</color>
Tank, Medium, M4A3E2 (75)  Sherman ""Jumbo"""
us_m4a3e2_sherman_jumbo_1;M4A3E2
us_m4a3e2_sherman_jumbo_2;Assault Tank

us_m4a3e8_76w_sherman_kit_3rank_shop;"M4A3E8(76)W ""Hell on Wheels"""
us_m4a3e8_76w_sherman_kit_3rank_0;"<color=#81c3fc>United States Army Ordnance Department</color>
<color=#5cae63>G-104</color>
Tank, Medium, M4A3E8(76)W Sherman
<color=@currencyGoldColor>""Hell on Wheels""</color>"
us_m4a3e8_76w_sherman_kit_3rank_1;M4A3E8
us_m4a3e8_76w_sherman_kit_3rank_2;Medium Tank

us_m4_t26_shop;M4 (M3)
us_m4_t26_0;"<color=#5cae63>G-104</color>
Tank, Medium, M4 Sherman (Gun, 90mm, M3)"
us_m4_t26_1;M4 (M3)
us_m4_t26_2;Medium Tank

us_m4a3e2_76w_sherman_jumbo_shop;M4A3E2 (76) W
us_m4a3e2_76w_sherman_jumbo_0;"<color=#5cae63>G-104</color>
Tank, Medium, M4A3E2 (76) W Sherman ""Jumbo"""
us_m4a3e2_76w_sherman_jumbo_1;M4A3E2 (76) W
us_m4a3e2_76w_sherman_jumbo_2;Assault Tank

us_m4a5_ram_2_shop;"▃ Ram, Mk. II (CT39981)"
us_m4a5_ram_2_0;"<color=#81c3fc>Montreal Locomotive Works</color>
▃ Tank, Cruiser, Ram, Mk. II
<color=@currencyGoldColor>CT39981</color>"
us_m4a5_ram_2_1;▃ Ram, Mk. II
us_m4a5_ram_2_2;Medium Tank

us_m4_sherman_promo_shop;◓ M4
us_m4_sherman_promo_0;"<color=#5cae63>G-104</color>
◓ Tank, Medium, M4 Sherman"
us_m4_sherman_promo_1;◓ M4
us_m4_sherman_promo_2;Medium Tank

us_m4_sherman_calliope_shop;M4 (T34E1)
us_m4_sherman_calliope_0;"<color=#5cae63>G-104</color>
Tank, Medium, M4 Sherman
<color=#adadad>(T34E1)</color>"
us_m4_sherman_calliope_1;M4 (T34E1)
us_m4_sherman_calliope_2;Medium Tank

us_m4a3e2_sherman_jumbo_cobra_king_shop;M4A3E2 (75) W (37th T.Bat.)
us_m4a3e2_sherman_jumbo_cobra_king_0;"<color=#5cae63>G-104</color>
Tank, Medium, M4A3E2 (75) W Sherman ""Jumbo""
<color=@currencyGoldColor>37th Tank Battalion, ""Cobra King""</color>"
us_m4a3e2_sherman_jumbo_cobra_king_1;M4A3E2
us_m4a3e2_sherman_jumbo_cobra_king_2;Assault Tank

us_m4a2_76w_sherman_tutorial_shop;M4A2 (76) W
us_m4a2_76w_sherman_tutorial_0;"<color=#5cae63>G-104</color>
Tank, Medium, M4A2 (76) W Sherman"
us_m4a2_76w_sherman_tutorial_1;M4A2
us_m4a2_76w_sherman_tutorial_2;Medium Tank

us_m4a2_1944_shop;M4A2 (1944)
us_m4a2_1944_0;"<color=#5cae63>G-104</color>
Tank, Medium, M4A2 Sherman
<color=#adadad>(1944)</color>"
us_m4a2_1944_1;M4
us_m4a2_1944_2;Medium Tank

us_halftrack_m16_shop;M16 MGMC
us_halftrack_m16_0;"<color=#5cae63>G-102</color>
Carriage, Motor, Multiple Gun, M16"
us_halftrack_m16_1;M16
us_halftrack_m16_2;SPAA

us_t77e1_shop;T77E1 MGMC
us_t77e1_0;"<color=#81c3fc>United States Army Ordnance Department</color>
Carriage, Motor, Multiple Caliber .50 Gun, T77E1"
us_t77e1_1;T77E1
us_t77e1_2;SPAA

us_m10_shop;M10 GMC
us_m10_0;"<color=#5cae63>G-130</color>
Carriage, Motor, 3-inch Gun, M10"
us_m10_1;M10
us_m10_2;Tank Destroyer

us_t18_e2_shop;T18E2 HAC
us_t18_e2_0;"<color=#5cae63>G-133</color>
Car, Armored, Heavy, T18E2 ""Boarhound"""
us_t18_e2_1;T18E2
us_t18_e2_2;Armored Car

//USA GROUND VEHICLES - VEHICLE/FAMILY START: RANK 3
us_m24_chaffee_shop;M24
us_m24_chaffee_0;"<color=#5cae63>G-200</color>
Tank, Light, M24 Chaffee"
us_m24_chaffee_1;M24
us_m24_chaffee_2;Light Tank

us_m24_chaffee_tl_shop;╎ M24
us_m24_chaffee_tl_0;"<color=#5cae63>G-200</color>
╎ Tank, Light, M24 Chaffee"
us_m24_chaffee_tl_1;╎ M24
us_m24_chaffee_tl_2;Light Tank

us_m24_chaffee_tutorial_shop;M24
us_m24_chaffee_tutorial_0;"<color=#5cae63>G-200</color>
Tank, Light, M24 Chaffee"
us_m24_chaffee_tutorial_1;M24
us_m24_chaffee_tutorial_2;Light Tank

us_m18_hellcat_shop;M18 GMC
us_m18_hellcat_0;"<color=#81c3fc>General Motors' Buick Motor Division</color>
<color=#5cae63>G-163</color>
Carriage, Motor, 76mm Gun, M18 ""Hellcat"""
us_m18_hellcat_1;M18 GMC
us_m18_hellcat_2;Light Tank

us_m18_hellcat_kit_3rank_shop;"M18 GMC ""Hell on Wheels"""
us_m18_hellcat_kit_3rank_0;"<color=#81c3fc>General Motors' Buick Motor Division</color>
<color=#5cae63>G-163</color>
Carriage, Motor, 76mm Gun, M18 ""Hellcat""
<color=@currencyGoldColor>""Hell on Wheels""</color>"
us_m18_hellcat_kit_3rank_1;M18 GMC
us_m18_hellcat_kit_3rank_2;Medium Tank

us_m18_hellcat_black_cat_shop;M18 GMC (805th TD.Bat.)
us_m18_hellcat_black_cat_0;"<color=#81c3fc>General Motors' Buick Motor Division</color>
<color=#5cae63>G-163</color>
Carriage, Motor, 76mm Gun, M18 ""Hellcat""
<color=@currencyGoldColor>805th Tank Destroyer Battalion, ""Black Cat""</color>"
us_m18_hellcat_black_cat_1;M18
us_m18_hellcat_black_cat_2;Light Tank

us_m18_super_hellcat_shop;M18 GMC (M3)
us_m18_super_hellcat_0;"<color=#81c3fc>General Motors' Buick Motor Division</color>
<color=#5cae63>G-163</color>
Carriage, Motor, 90mm Gun, M18 ""Super Hellcat"""
us_m18_super_hellcat_1;M18 GMC
us_m18_super_hellcat_2;Light Tank

us_m18_hellcat_black_cat_race_shop;"""Racing"" M18"
us_m18_hellcat_black_cat_race_0;"""Racing"" M18"
us_m18_hellcat_black_cat_race_1;"""Racing"" M18"
us_m18_hellcat_black_cat_race_2;Light Tank

us_m6a1_shop;M6A1
us_m6a1_0;"<color=#5cae63>G-118</color>
Tank, Heavy, M6A1"
us_m6a1_1;M6A1
us_m6a1_2;Heavy Tank

us_m6a2e1_shop;M6A2E1-1
us_m6a2e1_0;"<color=#5cae63>G-118</color>
Tank, Heavy, M6A2E1-1"
us_m6a2e1_1;M6A2E1
us_m6a2e1_2;Heavy Tank

us_t1e1_shop;T1E1
us_t1e1_0;"Tank, Heavy, T1E1"
us_t1e1_1;T1E1
us_t1e1_2;Heavy Tank

us_t1e1_90_shop;T1E1 (T7)
us_t1e1_90_0;"Tank, Heavy, T1E1
<color=#adadad>(Gun, 90mm, T7)</color>"
us_t1e1_90_1;T1E1
us_t1e1_90_2;Heavy Tank

us_m19_shop;M19A1
us_m19_0;"<color=#5cae63>G-248</color>
Carriage, Motor, Twin 40mm Gun, M19A1"
us_m19_1;M19A1
us_m19_2;SPAA

us_m42_duster_shop;M42
us_m42_duster_0;"<color=#5cae63>G-253</color>
Gun, Self-Propelled, Full Tracked: Twin 40mm, M42 ""Duster"""
us_m42_duster_1;M42
us_m42_duster_2;SPAA

us_m44_shop;M44
us_m44_0;"<color=#81c3fc>Massey-Harris</color>
<color=#5cae63>G-279</color>
Howitzer, Self-Propelled, Full Tracked: 155mm, M44"
us_m44_1;M44
us_m44_2;SPH

us_m55_shop;M55
us_m55_0;"<color=#81c3fc>Pacific Car and Foundry Company</color>
<color=#5cae63>G-261</color>
Howitzer, Heavy, Self-Propelled, Full Tracked: 8-Inch, M55"
us_m55_1;M55
us_m55_2;SPH

us_m36_shop;M36 GMC
us_m36_0;"<color=#5cae63>G-210</color>
Carriage, Motor, 90mm Gun, M36 ""Jackson"""
us_m36_1;M36
us_m36_2;Tank Destroyer

us_m36b2_shop;M36B2 GMC
us_m36b2_0;"<color=#5cae63>G-237</color>
Carriage, Motor, 90mm Gun, M36B2 ""Jackson"""
us_m36b2_1;M36B2
us_m36b2_2;Tank Destroyer

us_t14_shop;T14
us_t14_0;"Tank, Assault, T14"
us_t14_1;T14
us_t14_2;Assault Tank

us_skink_aa_kit_3rank_shop;"▃ Skink ""Hell on Wheels"""
us_skink_aa_kit_3rank_0;"<color=#81c3fc>Canadian Ministry of Munitions and Supply, Army Engineering Design
Branch <color=@commonTextColor>+</color> Waterloo Manufacturing Company</color>
▃ Tank, Anti-Aircraft, 20mm, Quad, Skink
<color=@currencyGoldColor>""Hell on Wheels""</color>"
us_skink_aa_kit_3rank_1;▃ Skink
us_skink_aa_kit_3rank_2;SPAA

us_skink_aa_shop;▃ Skink
us_skink_aa_0;"<color=#81c3fc>Canadian Ministry of Munitions and Supply, Army Engineering Design
Branch <color=@commonTextColor>+</color> Waterloo Manufacturing Company</color>
▃ Tank, Anti-Aircraft, 20mm, Quad, Skink"
us_skink_aa_1;▃ Skink
us_skink_aa_2;SPAA

us_t55e1_shop;T55E1 GMC
us_t55e1_0;"Carriage, Motor, 3-inch Gun, T55E1"
us_t55e1_1;T55E1 GMC
us_t55e1_2;SPG

us_t86_shop;T86 GMC (early)
us_t86_0;"<color=#81c3fc>Marmon-Herrington Company</color>
Carriage, Motor, Amphibious, 76mm Gun, T86
<color=#adadad>(early)</color>"
us_t86_1;T86 GMC
us_t86_2;Medium Tank

//USA GROUND VEHICLES - VEHICLE/FAMILY START: RANK 4
us_m41_walker_bulldog_shop;M41A1
us_m41_walker_bulldog_0;"<color=#5cae63>G-251</color>
Tank, Combat, Full Tracked: 76mm Gun, M41A1 Walker Bulldog"
us_m41_walker_bulldog_1;M41A1
us_m41_walker_bulldog_2;Light Tank

us_t92_shop;T92
us_t92_0;"Tank, Combat, Full Tracked: 76mm Gun, T92"
us_t92_1;T92
us_t92_2;Light Tank

us_t25_shop;T25
us_t25_0;"Tank, Medium, T25"
us_t25_1;T25
us_t25_2;Medium Tank

us_m26_pershing_shop;M26
us_m26_pershing_0;"<color=#5cae63>G-226</color>
Tank, Medium, M26"
us_m26_pershing_1;M26
us_m26_pershing_2;Medium Tank

us_m26_t99_shop;M26 (T99)
us_m26_t99_0;"<color=#5cae63>G-226</color>
Tank, Medium, M26
<color=#adadad>(T99)</color>"
us_m26_t99_1;M26
us_m26_t99_2;Medium Tank

us_m26e1_pershing_shop;M26E1
us_m26e1_pershing_0;"<color=#5cae63>G-226</color>
Tank, Medium, M26E1"
us_m26e1_pershing_1;M26E1
us_m26e1_pershing_2;Medium Tank

us_m26_pershing_tutorial_shop;M26
us_m26_pershing_tutorial_0;"<color=#5cae63>G-226</color>
Tank, Medium, M26"
us_m26_pershing_tutorial_1;M26
us_m26_pershing_tutorial_2;Medium Tank

us_m46_patton_shop;M46
us_m46_patton_0;"<color=#5cae63>G-244</color>
Tank, Medium, M46 Patton"
us_m46_patton_1;M46
us_m46_patton_2;Medium Tank

us_m46_patton_73_armor_bat_shop;M46 (73rd T.Bat.)
us_m46_patton_73_armor_bat_0;"<color=#5cae63>G-244</color>
Tank, Medium, M46 Patton
<color=@currencyGoldColor>73rd Tank Batalion</color>"
us_m46_patton_73_armor_bat_1;M46
us_m46_patton_73_armor_bat_2;Medium Tank

us_t26e5_shop;T26E5
us_t26e5_0;"<color=#5cae63>G-198</color>
Tank, Heavy, T26E5"
us_t26e5_1;T26E5
us_t26e5_2;Assault Tank

us_t26e4_superpershing_shop;T26E4-1
us_t26e4_superpershing_0;"Heavy Tank T26E4-1 ""Super Pershing"""
us_t26e4_superpershing_1;T26E4
us_t26e4_superpershing_2;Heavy Tank

us_t34_shop;T34
us_t34_0;"Tank, Heavy, T34"
us_t34_1;T34
us_t34_2;Heavy Tank

us_m109a1_shop;M109A1
us_m109a1_0;"<color=#5cae63>G-296</color>
Howitzer, Medium, Self-Propelled, 155mm, M109A1"
us_m109a1_1;M109A1
us_m109a1_2;SPG

us_m56_scorpion_shop;M56
us_m56_scorpion_0;"<color=#5cae63>G-289</color>
Gun, Self-Propelled, Full Tracked: 90mm Gun, M56 ""Scorpion"""
us_m56_scorpion_1;M56
us_m56_scorpion_2;SPG

us_m50_ontos_shop;M50
us_m50_ontos_0;"<color=#5cae63>G-288</color>
Rifle, Multiple, 106 mm, Self-Propelled, M50 ""Ontos"""
us_m50_ontos_1;M50
us_m50_ontos_2;SPG

us_t20_shop;T20
us_t20_0;"<color=#5cae63>G-183</color>
Tank, Medium, T20"
us_t20_1;T20
us_t20_2;Medium Tank

us_t28_shop;T28 (transport)
us_t28_0;"Tank, Super Heavy, T28
<color=#adadad>(transport)</color>"
us_t28_1;T28 (transport)
us_t28_2;SPG

us_t95_shop;T28
us_t95_0;"Tank, Super Heavy, T28"
us_t95_1;T28
us_t95_2;SPG

us_t29_shop;T29
us_t29_0;"Tank, Heavy, T29"
us_t29_1;T29
us_t29_2;Heavy Tank

us_m551_76_shop;M551 (M32A1)
us_m551_76_0;"<color=#81c3fc>Cadillac Motor Car Division</color>
<color=#5cae63>G-310</color>
Armored Reconnaissance / Airborne Assault Vehicle, Full Tracked: 76mm
Gun, M551 Sheridan"
us_m551_76_1;M551 (M32A1)
us_m551_76_2;Light Tank

us_m551_shop;M551
us_m551_0;"<color=#81c3fc>Cadillac Motor Car Division</color>
<color=#5cae63>G-310</color>
Armored Reconnaissance / Airborne Assault Vehicle, Full Tracked:
152mm Gun-Launcher, M551 Sheridan"
us_m551_1;M551
us_m551_2;Light Tank

us_t30_shop;T30
us_t30_0;"Tank, Heavy, T30"
us_t30_1;T30
us_t30_2;Heavy Tank

us_amx_13_75_shop;AMX 13
us_amx_13_75_0;"AMX 13"
us_amx_13_75_1;AMX 13
us_amx_13_75_2;Light Tank

us_amx_13_90_shop;AMX 13-90
us_amx_13_90_0;"AMX 13-90"
us_amx_13_90_1;AMX 13-90
us_amx_13_90_2;Light Tank

//USA GROUND VEHICLES - VEHICLE/FAMILY START: RANK 5
us_m47_patton_II_shop;M47
us_m47_patton_II_0;"<color=#5cae63>G-262</color>
Tank, Combat, Full Tracked: 90mm Gun, M47 Patton"
us_m47_patton_II_1;M47
us_m47_patton_II_2;Medium Tank

us_m48a1_patton_III_shop;M48A1
us_m48a1_patton_III_0;"<color=#5cae63>G-254</color>
Tank, Combat, Full Tracked: 90mm Gun, M48A1"
us_m48a1_patton_III_1;M48
us_m48a1_patton_III_2;Medium Tank

us_m60_shop;M60
us_m60_0;"<color=#5cae63>G-292</color>
Tank, Combat, Full Tracked: 105mm Gun, M60"
us_m60_1;M60
us_m60_2;MBT

us_m60a1_shop;M60A1 AOS
us_m60a1_0;"Tank, Combat, Full Tracked: 105mm Gun, M60A1 Add-On Stabilizer"
us_m60a1_1;M60A1
us_m60a1_2;MBT

us_m60a1_rise_passive_era_shop;M60A1 R/PE
us_m60a1_rise_passive_era_0;"<color=#81c3fc>Detroit Arsenal Tank Plant</color>
Tank, Combat, Full Tracked: 105mm Gun, M60A1 Reliability Improvement
of Selected Equipment Passive"
us_m60a1_rise_passive_era_1;M60A1
us_m60a1_rise_passive_era_2;MBT

us_m60a3_tts_shop;M60A3 TTS
us_m60a3_tts_0;"Tank, Combat, Full Tracked: 105mm Gun, M60A3 Tank Thermal Sight"
us_m60a3_tts_1;M60A3
us_m60a3_tts_2;MBT

us_m60a2_shop;M60A2
us_m60a2_0;"Tank, Combat, Full Tracked: 152mm Gun-Launcher, M60A2"
us_m60a2_1;M60A2
us_m60a2_2;Medium Tank

us_m60a1_rise_mod_shop;M60A1 R/PE «Predator»
us_m60a1_rise_mod_0;"<color=#81c3fc>Detroit Arsenal Tank Plant</color>
Tank, Combat, Full Tracked: 105mm Gun, M60A1 Reliability Improvement
of Selected Equipment Passive
<color=@currencyGoldColor>«Predator»</color>"
us_m60a1_rise_mod_1;M60A1 R/PE
us_m60a1_rise_mod_2;MBT

us_m60a3_slep_shop;☪ M60 AMBT
us_m60a3_slep_0;"<color=#81c3fc>StandartBio <color=@commonTextColor>+</color> L3 Combat Propulsion Systems
☪ M60 Affordable Main Battle Tank</color>"
us_m60a3_slep_1;☪ M60 AMBT
us_m60a3_slep_2;MBT

us_t32_shop;T32
us_t32_0;"Tank, Heavy, T32"
us_t32_1;T32
us_t32_2;Heavy Tank

us_t32e1_shop;T32E1
us_t32e1_0;"Tank, Heavy, T32E1"
us_t32e1_1;T32E1
us_t32e1_2;Heavy Tank

us_t32_tutorial_shop;T32
us_t32_tutorial_0;"Tank, Heavy, T32"
us_t32_tutorial_1;T32
us_t32_tutorial_2;Heavy Tank

us_m103_shop;M103
us_m103_0;"Tank, Combat, Full Tracked: 120mm Gun, M103"
us_m103_1;M103
us_m103_2;Heavy Tank

us_m163_vulcan_shop;M163
us_m163_vulcan_0;"Gun, Air Defence Artillery, Self-Propelled: 20 mm, M163"
us_m163_vulcan_1;M163
us_m163_vulcan_2;SPAA

us_m728_shop;M728 CEV
us_m728_0;"<color=#5cae63>G-303</color>
Vehicle, Combat Engineer, Full Tracked: 165mm Gun, M728"
us_m728_1;M728
us_m728_2;MBT

us_t54e2_shop;T54E2
us_t54e2_0;"Tank, Combat, Full Tracked: 105mm Gun, T54E2"
us_t54e2_1;T54E2
us_t54e2_2;Medium Tank

us_t54e1_shop;T54E1
us_t54e1_0;"Tank, Combat, Full Tracked: 105mm Gun, T54E1"
us_t54e1_1;T54E1
us_t54e1_2;Medium Tank

us_t114_shop;T114 BAT
us_t114_0;"Vehicle, Armored, Full Tracked: Battalion Anti-Tank, T114"
us_t114_1;T114
us_t114_2;Light Tank

us_magach_3_shop;▃ Magaḥ 3 (Balṭan)
us_magach_3_0;"<color=#81c3fc>Chrysler Defense <color=@commonTextColor>/</color> Merkaz Šikum ve-'Aḥzakah 7000</color>
<color=#7ce68f>Ṭank M48 A3</color>
▃ Ṭank Magaḥ 3
<color=#adadad>(Balṭan)</color>"
us_magach_3_1;▃ Magaḥ 3
us_magach_3_2;MBT

us_t58_shop;T58
us_t58_0;"<color=#81c3fc>United Shoe Machinery Corporation</color>
Tank, Combat, Full Tracked: 155mm Gun, T58"
us_t58_1;T58
us_t58_2;Heavy Tank

//USA GROUND VEHICLES - VEHICLE/FAMILY START: RANK 6
us_xm_800t_shop;XM800T
us_xm_800t_0;"Armored Reconnaissance Scout Vehicle XM800T"
us_xm_800t_1;XM800T
us_xm_800t_2;Light Tank

us_stingray_shop;Stingray
us_stingray_0;<color=#81c3fc>Cadillac Gage Stingray</color>
us_stingray_1;Stingray
us_stingray_2;Light Tank

us_m1296_dragoon_shop;M1296 ICVD
us_m1296_dragoon_0;"<color=#81c3fc>General Dynamics Land Systems</color>
Combat Vehicle, Infantry, Dragoon, M1296"
us_m1296_dragoon_1;M1296
us_m1296_dragoon_2;ICV

us_t95e1_shop;T95E1
us_t95e1_0;"Tank, Combat, Full Tracked: 90mm Gun, T95E1"
us_t95e1_1;T95E1
us_t95e1_2;Medium Tank

us_xm_803_shop;XM803
us_xm_803_0;"Tank, Combat, Full Tracked: 152mm Gun-Launcher, XM803"
us_xm_803_1;XM803
us_xm_803_2;MBT

us_mbt_70_shop;MBT70
us_mbt_70_0;"Main Battle Tank, Armored, Full Tracked, 152mm, MBT70"
us_mbt_70_1;MBT70
us_mbt_70_2;MBT

us_xm246_shop;XM246
us_xm246_0;"<color=#81c3fc>General Dynamics Land Systems</color>
Gun, Air Defence Artillery, Self-Propelled: 35 mm, XM246"
us_xm246_1;XM246
us_xm246_2;SPAAG

us_m247_shop;M247
us_m247_0;"Gun, Air Defence Artillery, Self-Propelled, 40 mm, M247 Sergeant York"
us_m247_1;M247
us_m247_2;SPAA

us_mim_72_chaparral_shop;M48A2 GMSIA
us_mim_72_chaparral_0;"<color=#81c3fc>Ford Aerospace & Communications Corporation</color>
Guided Missile System, Intercept-Aerial, Carrier-Mounted, M48A2"
us_mim_72_chaparral_1;M48A2 GMSIA
us_mim_72_chaparral_2;SPAAM

us_m3_bradley_shop;M3 CFV
us_m3_bradley_0;"Fighting Vehicle, Cavalry, Full Tracked, M3 Bradley"
us_m3_bradley_1;M3 CFV
us_m3_bradley_2;Light Tank

us_m3a3_bradley_shop;M3A3 CFV
us_m3a3_bradley_0;"Fighting Vehicle, Cavalry, Full Tracked, M3A3 Bradley"
us_m3a3_bradley_1;M3A3 CFV
us_m3a3_bradley_2;Light Tank

us_m901_itv_shop;M901
us_m901_itv_0;"Combat Vehicle, Anti-tank, Improved TOW Vehicle, M901"
us_m901_itv_1;M901
us_m901_itv_2;SPG

us_xm1_chrysler_shop;XM1 (C)
us_xm1_chrysler_0;"<color=#81c3fc>Chrysler Defense</color>
Tank, Combat, Full Tracked: 105mm Gun, XM1"
us_xm1_chrysler_1;XM1
us_xm1_chrysler_2;MBT

us_xm1_gm_shop;XM1 (GM)
us_xm1_gm_0;"<color=#81c3fc>General Motors Defense</color>
Tank, Combat, Full Tracked: 105mm Gun, XM1"
us_xm1_gm_1;XM1
us_xm1_gm_2;MBT

us_efv_p1_shop;EFV-P1 (SDD-2) (M82)
us_efv_p1_0;"<color=#81c3fc>General Dynamics Land Systems Expeditionary Fighting Vehicle
Personnel Variant 1</color>
<color=#adadad>(System Development and Demonstration 2)
(Grenade, Launcher, Smoke: Simulant Screening, M82)</color>"
us_efv_p1_1;EFV-P1
us_efv_p1_2;IFV

us_merkava_mk_1_shop;▃ Merkavah 1
us_merkava_mk_1_0;"<color=#81c3fc>Merkaz Šikum ve-'Aḥzakah 7000</color>
▃ Ṭanḳ Merkavah Siman 1"
us_merkava_mk_1_1;▃ Merkavah 1
us_merkava_mk_1_2;MBT

us_merkava_mk_2b_late_shop;▃ Merkavah 2B (late)
us_merkava_mk_2b_late_0;"<color=#81c3fc>Merkaz Šikum ve-'Aḥzakah 7000</color>
▃ Ṭank Merkavah Siman 2 Bet
<color=#adadad>(late)</color>"
us_merkava_mk_2b_late_1;▃ Merkavah 2B
us_merkava_mk_2b_late_2;MBT

us_merkava_mk_3d_shop;▃ Merkavah 3D
us_merkava_mk_3d_0;"<color=#81c3fc>Merkaz Šikum ve-'Aḥzakah 7000</color>
▃ Ṭank Merkavah Siman 3 Dalet Baz"
us_merkava_mk_3d_1;▃ Merkavah 3D
us_merkava_mk_3d_2;MBT

us_xm_8_shop;XM8 AGS
us_xm_8_0;"105mm Armored Gun System, XM8"
us_xm_8_1;XM8
us_xm_8_2;Light Tank

//USA GROUND VEHICLES - VEHICLE/FAMILY START: RANK 7
us_m1128_mgs_shop;M1128 MGS
us_m1128_mgs_0;"Mobile Gun System, M1128 Stryker"
us_m1128_mgs_1;M1128
us_m1128_mgs_2;Light Tank

us_m1128_wolfpack_shop;M1128 MGS (3rd Sqd. 2nd Cav.Reg.)
us_m1128_wolfpack_0;"Mobile Gun System, M1128 Stryker
<color=@currencyGoldColor>3rd Squadron 2nd Cavalry Regiment</color>"
us_m1128_wolfpack_1;M1128
us_m1128_wolfpack_2;Light Tank

us_m10_booker_late_shop;M10
us_m10_booker_late_0;"<color=#81c3fc>General Dynamics Land Systems</color>
Combat Vehicle, Tracked, Light Armored, M10 Booker"
us_m10_booker_late_1;M10
us_m10_booker_late_2;Light Tank

us_hstv_l_shop;HSTV(L)
us_hstv_l_0;"<color=#81c3fc>AAI Corperation</color>
<color=#ff8c80>Armored Combat Vehicle Technology</color>
High Survivability Test Vehicle (Lightweight)"
us_hstv_l_1;HSTV(L)
us_hstv_l_2;Light Tank

us_m60_120s_shop;120S
us_m60_120s_0;<color=#81c3fc>General Dynamics Land Systems 120S Main Battle Tank</color>
us_m60_120s_1;120S
us_m60_120s_2;MBT

us_m1a1_hc_abrams_shop;M1A1HC
us_m1a1_hc_abrams_0;"<color=#81c3fc>General Dynamics Land Systems</color>
Tank, Combat, Full Tracked, 120mm Gun, M1A1 Abrams, Heavy Common"
us_m1a1_hc_abrams_1;M1A1
us_m1a1_hc_abrams_2;MBT

us_m1_abrams_shop;M1
us_m1_abrams_0;"<color=#81c3fc>General Dynamics Land Systems</color>
Tank, Combat, Full Tracked: 105mm Gun, M1 Abrams"
us_m1_abrams_1;M1
us_m1_abrams_2;MBT

us_m1a1_abrams_shop;M1A1
us_m1a1_abrams_0;"<color=#81c3fc>General Dynamics Land Systems</color>
Tank, Combat, Full Tracked: 120mm Gun, M1A1 Abrams"
us_m1a1_abrams_1;M1A1
us_m1a1_abrams_2;MBT

us_m1_ip_abrams_shop;M1IP
us_m1_ip_abrams_0;"<color=#81c3fc>General Dynamics Land Systems</color>
Tank, Combat, Full Tracked: 105mm Gun, M1 Abrams, Improved
Performance"
us_m1_ip_abrams_1;M1IP
us_m1_ip_abrams_2;MBT

us_m1a2_abrams_shop;M1A2
us_m1a2_abrams_0;"<color=#81c3fc>General Dynamics Land Systems</color>
Tank, Combat, Full Tracked: 120mm Gun, M1A2 Abrams"
us_m1a2_abrams_1;M1A2
us_m1a2_abrams_2;MBT

us_m1a2_sep_abrams_shop;M1A2 SEP (TUSK 1)
us_m1a2_sep_abrams_0;"<color=#81c3fc>General Dynamics Land Systems</color>
Tank, Combat, Full Tracked: 120mm Gun, M1A2 Abrams, System
Enhancement Package, Tank Urban Survival Kit 1"
us_m1a2_sep_abrams_1;M1A2
us_m1a2_sep_abrams_2;MBT

us_m1a2_sep2_abrams_shop;M1A2 SEPv2 (TUSK 2)
us_m1a2_sep2_abrams_0;"<color=#81c3fc>General Dynamics Land Systems</color>
Tank, Combat, Full Tracked: 120mm Gun, M1A2 Abrams, System
Enhancement Package Version 2, Tank Urban Survival Kit 2"
us_m1a2_sep2_abrams_1;M1A2
us_m1a2_sep2_abrams_2;MBT

us_m1a2_sep2_abrams_trophy_shop;M1A2 SEPv2 (Trophy HV)
us_m1a2_sep2_abrams_trophy_0;"<color=#81c3fc>General Dynamics Land Systems</color>
Tank, Combat, Full Tracked: 120mm Gun, M1A2 Abrams, System
Enhancement Package Version 2, Tank Urban Survival Kit 2
<color=#adadad>(Trophy HV)</color>"
us_m1a2_sep2_abrams_trophy_1;M1A2 SEPv2
us_m1a2_sep2_abrams_trophy_2;MBT

us_m1a2_sep3_abrams_shop;M1A2 SEPv3
us_m1a2_sep3_abrams_0;"<color=#81c3fc>General Dynamics Land Systems</color>
Tank, Combat, Full Tracked: 120mm Gun, M1A2 Abrams, System
Enhancement Package Version 3"
us_m1a2_sep3_abrams_1;M1A2 SEPv3
us_m1a2_sep3_abrams_2;MBT

us_m1_abrams_kvt_shop;M1 (KVT)
us_m1_abrams_kvt_0;"<color=#81c3fc>General Dynamics Land Systems</color>
Tank, Combat, Full Tracked: 105mm Gun, M1 Abrams
<color=#adadad>(Krasnovian Variant Tank)</color>"
us_m1_abrams_kvt_1;M1
us_m1_abrams_kvt_2;MBT

us_m1a1_abrams_yt_cup_2019_shop;␙ M1A1
us_m1a1_abrams_yt_cup_2019_0;"<color=#81c3fc>General Dynamics Land Systems</color>
␙ Tank, Combat, Full Tracked: 120mm Gun, M1A1 Abrams"
us_m1a1_abrams_yt_cup_2019_1;␙ M1A1
us_m1a1_abrams_yt_cup_2019_2;MBT

us_m1a1_aim_abrams_shop;▃▄ M1A1 AIM SA
us_m1a1_aim_abrams_0;"<color=#81c3fc>General Dynamics Land Systems</color>
▃▄ Tank, Combat, Full Tracked: 120mm Gun, M1A1 Abrams, Abrams
Integrated Management, Situational Awareness"
us_m1a1_aim_abrams_1;▃▄ M1A1 AIM SA
us_m1a1_aim_abrams_2;MBT

us_m1a1_hc_usmc_shop;M1A1HC «Click-Bait»
us_m1a1_hc_usmc_0;"<color=#81c3fc>General Dynamics Land Systems</color>
Tank, Combat, Full Tracked: 120mm Gun, M1A1 Abrams, Heavy Common
<color=@currencyGoldColor>«Click-Bait»</color>"
us_m1a1_hc_usmc_1;M1A1
us_m1a1_hc_usmc_2;MBT

us_m1a1_hc_usmc_sm_shop;◍ Kate's M1A1HC
us_m1a1_hc_usmc_sm_0;"<color=#81c3fc>General Dynamics Land Systems</color>
◍ Tank, Combat, Full Tracked: 120mm Gun, M1A1 Abrams, Heavy
Common
<color=@currencyGoldColor>Kate's</color>"
us_m1a1_hc_usmc_sm_1;◍ M1A1HC
us_m1a1_hc_usmc_sm_2;MBT

us_lav_ad_shop;LAV-AD
us_lav_ad_0;"Light Armored Vehicle - Air Defense"
us_lav_ad_1;LAV-AD
us_lav_ad_2;SPAA

us_xm_975_roland_shop;M975 ADMS
us_xm_975_roland_0;"Carrier, Air Defense Missile System, M975"
us_xm_975_roland_1;M975
us_xm_975_roland_2;SPAA

us_rdf_lt_shop;14.8 Ton RDF/LT
us_rdf_lt_0;<color=#81c3fc>AAI Corperation 14.8 Ton Rapid Deployment Force Light Tank</color>
us_rdf_lt_1;14.8 Ton RDF/LT
us_rdf_lt_2;Light Tank

us_ccvl_shop;CCVL
us_ccvl_0;<color=#81c3fc>Close Combat Vehicle Light</color>
us_ccvl_1;CCVL
us_ccvl_2;Light Tank

us_losat_ccv_shop;CCVL (LOSAT)
us_losat_ccv_0;"<color=#81c3fc>Close Combat Vehicle Light</color>
<color=#adadad>(Line-of-Sight Anti-Tank)</color>"
us_losat_ccv_1;CCVL (LOSAT)
us_losat_ccv_2;SPG

us_ags_teledyne_shop;ASP (late) (EX 35)
us_ags_teledyne_0;"<color=#81c3fc>Teledyne Continental Motors Armored Support Platform</color>
<color=#adadad>(late) (Gun, 105mm, EX 35 MOD 0)</color>"
us_ags_teledyne_1;ASP
us_ags_teledyne_2;Light Tank

//USA GROUND VEHICLES - VEHICLE/FAMILY START: RANK 8
us_adats_bradley_shop;XM1069 (ADATS)
us_adats_bradley_0;"XM1069
<color=#adadad>(Air Defense Anti-Tank System)</color>"
us_adats_bradley_1;XM1069
us_adats_bradley_2;SPAA

us_sl_amraam_fcs_shop;M1097A2 (AN/MPQ-64)
us_sl_amraam_fcs_0;"<color=#81c3fc>Raytheon Technologies Corporation</color>
Truck, Utility: Heavy Variant, 4x4, M1097A2
<color=#adadad>(Radar Set, AN/MPQ-64 Sentinel)</color>"
us_sl_amraam_fcs_1;M1097A2 (AN/MPQ-64)
us_sl_amraam_fcs_2;Radar

us_sl_amraam_launcher_shop;M1097A2 (SLAMRAAM)
us_sl_amraam_launcher_0;"<color=#81c3fc>Raytheon Technologies Corporation</color>
Truck, Utility: Heavy Variant, 4x4, M1097A2
<color=#adadad>(Surface-Launched Advanced Medium-Range Air-to-Air Missile)</color>"
us_sl_amraam_launcher_1;M1097A2 (SLAMRAAM)
us_sl_amraam_launcher_2;SPAAM

us_nasams_fcs_shop;M1097A2 (AN/MPQ-64)
us_nasams_fcs_0;"<color=#81c3fc>Raytheon Technologies Corporation</color>
Truck, Utility: Heavy Variant, 4x4, M1097A2
<color=#adadad>(Radar Set, AN/MPQ-64 Sentinel)</color>"
us_nasams_fcs_1;M1097A2 (AN/MPQ-64)
us_nasams_fcs_2;Radar

us_nasams_launcher_shop;▃◢ P113H 380 (NASAMS 3)
us_nasams_launcher_0;"<color=#81c3fc>▃◢ Scania 3-Series P113H 380 6x2</color>
<color=#adadad>(Norwegian Advanced Surface-to-Air Missile System 3)</color>"
us_nasams_launcher_1;▃◢ P113H 380 (NASAMS 3)
us_nasams_launcher_2;SPAAM

//USA COASTAL FLEET - VEHICLE/FAMILY START: RANK 1
us_pt6_shop;PT-6
us_pt6_0;"<color=#fffa62>Higgins 81 ft motor torpedo boat</color>
USS PT-6"
us_pt6_1;PT-6
us_pt6_2;Motor Torpedo Boat

us_nasty_ptf_shop;PTF-7
us_nasty_ptf_0;"<color=#fffa62>80 ft Nasty-class fast torpedo boat</color>
USS PTF-7"
us_nasty_ptf_1;PTF-7
us_nasty_ptf_2;Motor Gun Boat

us_elco_77ft_pt20_shop;PT-20
us_elco_77ft_pt20_0;"<color=#fffa62>Elco 77 ft motor morpedo boat</color>
USS PT-20"
us_elco_77ft_pt20_1;PT-20
us_elco_77ft_pt20_2;Motor Torpedo Boat

us_elco_77ft_pt59_shop;PT-59
us_elco_77ft_pt59_0;"<color=#fffa62>Elco 77 ft motor torpedo boat</color>
USS PT-59"
us_elco_77ft_pt59_1;PT-59
us_elco_77ft_pt59_2;Motor Gun Boat

us_huckins_78ft_pt95_shop;USS PT-95
us_huckins_78ft_pt95_0;"<color=#81c3fc>Huckins Yacht Corporation</color>
<color=#fffa62>Huckins 78'-class Motor Torpedo Boat</color>
USS PT-95"
us_huckins_78ft_pt95_1;USS PT-95
us_huckins_78ft_pt95_2;Motor Torpedo Boat

us_huckins_78ft_pt262_shop;USS PT-262
us_huckins_78ft_pt262_0;"<color=#81c3fc>Huckins Yacht Corporation</color>
<color=#fffa62>Huckins 78'-class Motor Torpedo Boat</color>
USS PT-262"
us_huckins_78ft_pt262_1;USS PT-262
us_huckins_78ft_pt262_2;Motor Torpedo Boat

us_pt3_shop;PT-3
us_pt3_0;"<color=#fffa62>58 ft Experimental motor torpedo boat</color>
USS PT-3"
us_pt3_1;PT-3
us_pt3_2;Motor Torpedo Boat

//USA COASTAL FLEET - VEHICLE/FAMILY START: RANK 2
us_elco_80ft_pt_boat_shop;PT-103
us_elco_80ft_pt_boat_0;"<color=#fffa62>Elco 80 ft motor torpedo boat</color>
USS PT-103"
us_elco_80ft_pt_boat_1;PT-103
us_elco_80ft_pt_boat_2;Motor Torpedo Boat

us_elco_80ft_pt174_shop;PT-174
us_elco_80ft_pt174_0;"<color=#fffa62>Elco 80 ft motor torpedo boat</color>
USS PT-174"
us_elco_80ft_pt174_1;PT-174
us_elco_80ft_pt174_2;Motor Torpedo Boat

us_elco_80ft_pt109_boat_shop;PT-109
us_elco_80ft_pt109_boat_0;"<color=#fffa62>Elco 80 ft</color>
PT-109"
us_elco_80ft_pt109_boat_1;PT-109
us_elco_80ft_pt109_boat_2;Motor Torpedo Boat

us_elco_80ft_pt_boat_mod01_shop;PT-314
us_elco_80ft_pt_boat_mod01_0;"<color=#fffa62>Elco 80 ft motor torpedo boat</color>
USS PT-314"
us_elco_80ft_pt_boat_mod01_1;PT-314
us_elco_80ft_pt_boat_mod01_2;Motor Torpedo Boat

us_elco_80ft_pt_boat_mod02_shop;PT-565
us_elco_80ft_pt_boat_mod02_0;"<color=#fffa62>Elco 80 ft motor torpedo boat</color>
USS PT-565"
us_elco_80ft_pt_boat_mod02_1;PT-565
us_elco_80ft_pt_boat_mod02_2;Motor Torpedo Boat

us_elco_80ft_pt_boat_thunderbolt_shop;PT-556
us_elco_80ft_pt_boat_thunderbolt_0;"<color=#fffa62>Elco 80 ft motor torpedo boat</color>
USS PT-556"
us_elco_80ft_pt_boat_thunderbolt_1;PT-556
us_elco_80ft_pt_boat_thunderbolt_2;Motor Torpedo Boat

us_higgins_78ft_pt71_shop;PT-71
us_higgins_78ft_pt71_0;"<color=#fffa62>Higgins 78 ft motor torpedo boat</color>
USS PT-71"
us_higgins_78ft_pt71_1;PT-71
us_higgins_78ft_pt71_2;Motor Torpedo Boat

us_higgins_78ft_pt625_shop;PT-625
us_higgins_78ft_pt625_0;"<color=#fffa62>Higgins 78 ft motor torpedo boat</color>
USS PT-625"
us_higgins_78ft_pt625_1;PT-625
us_higgins_78ft_pt625_2;Motor Torpedo Boat

us_higgins_78ft_pt658_shop;PT-658
us_higgins_78ft_pt658_0;"<color=#fffa62>Higgins 78 ft motor torpedo boat</color>
USS PT-658"
us_higgins_78ft_pt658_1;PT-658
us_higgins_78ft_pt658_2;Motor Torpedo Boat

us_pc_451_shop;PC-497
us_pc_451_0;"<color=#fffa62>Experimental PC-451-class submarine chaser</color>
USS PC-497"
us_pc_451_1;PC-497
us_pc_451_2;Gunboat

us_sc_497_shop;SC-497
us_sc_497_0;"<color=#fffa62>110 ft SC-497-class submarine chaser</color>
USS SC-497
<color=#adadad>(1945)</color>"
us_sc_497_1;SC-497
us_sc_497_2;Gunboat

us_pc_466_carmi_shop;PC-466
us_pc_466_carmi_0;"<color=#fffa62>173 ft PC-461-class submarine chaser</color>
USS PC-466"
us_pc_466_carmi_1;PC-466
us_pc_466_carmi_2;Gunboat

//USA COASTAL FLEET - VEHICLE/FAMILY START: RANK 3
us_pgm_59_class_shop;Kim Qui (HQ 605)
us_pgm_59_class_0;"<color=#fffa62>PGM-59-class motor gun boat</color>
Kim Qui (HQ 605)"
us_pgm_59_class_1;Kim Qui (HQ 605)
us_pgm_59_class_2;Gunboat

us_lcm_zippo_shop;USS Z-2
us_lcm_zippo_0;"<color=#81c3fc>Fincantieri Marinette Marine</color>
<color=#fffa62>Landing Craft, Mechanized, (Mk. 6) (Flamethrower) ""Zippo""</color>
USS Z-2"
us_lcm_zippo_1;USS Z-2
us_lcm_zippo_2;Monitor

us_flagstaff_pgh1_shop;USS Flagstaff (PGH-1)
us_flagstaff_pgh1_0;USS Flagstaff (PGH-1)
us_flagstaff_pgh1_1;USS Flagstaff
us_flagstaff_pgh1_2;Motor Gun Boat

//USA COASTAL FLEET - VEHICLE/FAMILY START: RANK 4
us_tucumcari_pgh2_shop;USS Tucumcari (PGH-2)
us_tucumcari_pgh2_0;"<color=#fffa62>Experimental Tucumcari-class patrol gunboat</color>
USS Tucumcari (PGH-2)"
us_tucumcari_pgh2_1;USS Tucumcari (PGH-2)
us_tucumcari_pgh2_2;Gunboat

us_pt812_shop;PT-812
us_pt812_0;"<color=#fffa62>105 ft aluminum motor torpedo boat</color>
USS PT-812"
us_pt812_1;PT-812
us_pt812_2;Motor Gun Boat

us_ashville_class_shop;USS Asheville (PGM-84)
us_ashville_class_0;"<color=#fffa62>Asheville-class gunboat</color>
USS Asheville (PGM-84)"
us_ashville_class_1;USS Asheville
us_ashville_class_2;Gunboat

us_ashville_class_douglas_shop;USS Douglas (PGM-100)
us_ashville_class_douglas_0;"<color=#fffa62>Asheville-class gunboat</color>
USS Douglas (PGM-100)"
us_ashville_class_douglas_1;USS Douglas
us_ashville_class_douglas_2;Gunboat

us_admirable_class_shop;USS Candid (AM-154)
us_admirable_class_0;"<color=#fffa62>Admirable-class minesweeper</color>
USS Candid (AM-154)"
us_admirable_class_1;USS Candid
us_admirable_class_2;Gunboat

us_pgm_9_class_shop;USS PGM-9
us_pgm_9_class_0;"<color=#81c3fc>Consolidated Shipbuilding Corporation</color>
<color=#fffa62>PGM-9-class Motor Gunboat</color>
USS PGM-9"
us_pgm_9_class_1;USS PGM-9
us_pgm_9_class_2;Motor Gunboat

us_pt811_shop;PT-811
us_pt811_0;"<color=#fffa62>94 ft aluminum motor torpedo boat</color>
USS PT-811"
us_pt811_1;PT-811
us_pt811_2;Motor Torpedo Boat

us_pt810_shop;PT-810
us_pt810_0;"<color=#fffa62>94 ft aluminum motor torpedo boat</color>
USS PT-810"
us_pt810_1;PT-810
us_pt810_2;Motor Torpedo Boat

//USA COASTAL FLEET - VEHICLE/FAMILY START: RANK 5
us_frigate_tacoma_shop;USS Hoquiam (PF-5)
us_frigate_tacoma_0;"<color=#fffa62>Tacoma-class frigate</color>
USS Hoquiam (PF-5)"
us_frigate_tacoma_1;USS Hoquiam
us_frigate_tacoma_2;Frigate

us_frigate_tacoma_sub_event_shop;USS Hoquiam (PF-5)
us_frigate_tacoma_sub_event_0;"<color=#fffa62>Tacoma-class frigate</color>
USS Hoquiam (PF-5)"
us_frigate_tacoma_sub_event_1;USS Hoquiam
us_frigate_tacoma_sub_event_2;Frigate

us_frigate_dealey_shop;USS Dealey (DE-1006)
us_frigate_dealey_0;"<color=#fffa62>Dealey-class</color>
USS Dealey (DE-1006)"
us_frigate_dealey_1;USS Dealey
us_frigate_dealey_2;Frigate

us_lcs_l_3_shop;LCS(L)(3)-1
us_lcs_l_3_0;"<color=#fffa62>Landing Craft Support (Large) (Mk. 3)</color>
USS LCS(L)(3)-1"
us_lcs_l_3_1;LCS(L)(3)-1
us_lcs_l_3_2;Gunboat

us_frigate_buckley_class_coolbaugh_shop;USS Coolbaugh (DE-217)
us_frigate_buckley_class_coolbaugh_0;"<color=#fffa62>Buckley-class</color>
USS Coolbaugh (DE-217)"
us_frigate_buckley_class_coolbaugh_1;USS Coolbaugh
us_frigate_buckley_class_coolbaugh_2;Frigate

us_cyclone_class_cyclone_shop;USS Cyclone (PC-1)
us_cyclone_class_cyclone_0;"<color=#fffa62>Cyclone-class patrol boat</color>
USS Cyclone (PC-1)"
us_cyclone_class_cyclone_1;USS Cyclone (PC-1)
us_cyclone_class_cyclone_2;Gunboat

//USA BLUEWATER FLEET - VEHICLE/FAMILY START: RANK 1
us_destroyer_clemson_litchfield_shop;USS Litchfield (DD-336)
us_destroyer_clemson_litchfield_0;"<color=#81c3fc>Mare Island Naval Shipyard</color>
<color=#fffa62>Clemson-class Destroyer</color>
USS Litchfield (DD-336)
<color=#adadad>(1922)</color>"
us_destroyer_clemson_litchfield_1;USS Litchfield
us_destroyer_clemson_litchfield_2;Destroyer

us_destroyer_clemson_barker_shop;USS Barker (DD-213)
us_destroyer_clemson_barker_0;"<color=#81c3fc>Cramp Shipbuilding <color=@commonTextColor>/</color> Mare Island Naval Shipyard</color>
<color=#fffa62>Clemson-class Destroyer</color>
USS Barker (DD-213)
<color=#adadad>(1942)</color>"
us_destroyer_clemson_barker_1;USS Barker
us_destroyer_clemson_barker_2;Destroyer

us_destroyer_clemson_welborn_c_wood_shop;USS Welborn C. Wood (DD-195)
us_destroyer_clemson_welborn_c_wood_0;"<color=#81c3fc>Newport News Shipbuilding and Dry Dock Company <color=@commonTextColor>/</color> Mare Island Naval
Shipyard</color>
<color=#fffa62>Clemson-class Destroyer</color>
USS Welborn C. Wood (DD-195)
<color=#adadad>(1922)</color>"
us_destroyer_clemson_welborn_c_wood_1;USS Welborn C. Wood
us_destroyer_clemson_welborn_c_wood_2;Destroyer

us_destroyer_farragut_1942_shop;USS Aylwin (DD-355)
us_destroyer_farragut_1942_0;"<color=#81c3fc>Philadelphia Naval Shipyard <color=@commonTextColor>/</color> Mare Island Naval Shipyard</color>
<color=#fffa62>Farragut-class Destroyer</color>
USS Aylwin (DD-355)
<color=#adadad>(1942)</color>"
us_destroyer_farragut_1942_1;USS Aylwin
us_destroyer_farragut_1942_2;Destroyer

//USA BLUEWATER FLEET - VEHICLE/FAMILY START: RANK 2
us_destroyer_fletcher_shop;USS Fletcher (DD-445)
us_destroyer_fletcher_0;"<color=#81c3fc>Federal Shipbuilding and Drydock Company</color>
<color=#fffa62>Fletcher-class Destroyer</color>
USS Fletcher (DD-445)"
us_destroyer_fletcher_1;USS Fletcher
us_destroyer_fletcher_2;Destroyer

us_destroyer_fletcher_sub_event_shop;USS Fletcher (DD-445)
us_destroyer_fletcher_sub_event_0;"<color=#81c3fc>Federal Shipbuilding and Drydock Company</color>
<color=#fffa62>Fletcher-class Destroyer</color>
USS Fletcher (DD-445)"
us_destroyer_fletcher_sub_event_1;USS Fletcher
us_destroyer_fletcher_sub_event_2;Destroyer

us_destroyer_fletcher_cowell_shop;USS Cowell (DD-547)
us_destroyer_fletcher_cowell_0;"<color=#81c3fc>Bethlehem Shipbuilding San Pedro</color>
<color=#fffa62>Fletcher-class Destroyer</color>
USS Cowell (DD-547)"
us_destroyer_fletcher_cowell_1;USS Cowell
us_destroyer_fletcher_cowell_2;Destroyer

us_destroyer_fletcher_bennion_shop;USS Bennion (DD-662)
us_destroyer_fletcher_bennion_0;"<color=#81c3fc>Boston Naval Shipyard</color>
<color=#fffa62>Fletcher-class Destroyer</color>
USS Bennion (DD-662)"
us_destroyer_fletcher_bennion_1;USS Bennion
us_destroyer_fletcher_bennion_2;Destroyer

us_destroyer_gridley_shop;USS Gridley (DD-380)
us_destroyer_gridley_0;"<color=#81c3fc>Fore River Shipyard <color=@commonTextColor>/</color> U.S. Repair Base, San Diego</color>
<color=#fffa62>Gridley-class Destroyer</color>
USS Gridley (DD-380)
<color=#adadad>(1943)</color>"
us_destroyer_gridley_1;USS Gridley
us_destroyer_gridley_2;Destroyer

us_destroyer_bagley_class_bagley_shop;USS Bagley (DD-386)
us_destroyer_bagley_class_bagley_0;"<color=#81c3fc>Norfolk Naval Shipyard</color>
<color=#fffa62>Bagley-class Destroyer</color>
USS Bagley (DD-386)"
us_destroyer_bagley_class_bagley_1;USS Bagley
us_destroyer_bagley_class_bagley_2;Destroyer

us_destroyer_bagley_class_helm_shop;USS Helm (DD-388)
us_destroyer_bagley_class_helm_0;"<color=#81c3fc>Norfolk Naval Shipyard <color=@commonTextColor>/</color> Mare Island Naval Shipyard</color>
<color=#fffa62>Bagley-class Destroyer</color>
USS Helm (DD-388)
<color=#adadad>(1944)</color>"
us_destroyer_bagley_class_helm_1;USS Helm
us_destroyer_bagley_class_helm_2;Destroyer

us_destroyer_mitscher_shop;USS Mitscher (DL-2)
us_destroyer_mitscher_0;"<color=#81c3fc>Bath Iron Works</color>
<color=#fffa62>Mitscher-class Destroyer Leader</color>
USS Mitscher (DL-2)"
us_destroyer_mitscher_1;USS Mitscher
us_destroyer_mitscher_2;Destroyer

us_destroyer_mitscher_wilkinson_shop;USS Wilkinson (DL-5)
us_destroyer_mitscher_wilkinson_0;"<color=#81c3fc>Fore River Shipyard <color=@commonTextColor>/</color> Long Beach Naval Shipyard</color>
<color=#fffa62>Mitscher-class Destroyer Leader</color>
USS Wilkinson (DL-5)
<color=#adadad>(1958)</color>"
us_destroyer_mitscher_wilkinson_1;USS Wilkinson
us_destroyer_mitscher_wilkinson_2;Destroyer

//USA BLUEWATER FLEET - VEHICLE/FAMILY START: RANK 3
us_destroyer_porter_1941_shop;USS Porter (DD-356)
us_destroyer_porter_1941_0;"<color=#81c3fc>New York Shipbuilding Corporation <color=@commonTextColor>/</color> Long Beach Naval Shipyard</color>
<color=#fffa62>Porter-class Destroyer</color>
USS Porter (DD-356)
<color=#adadad>(1939)</color>"
us_destroyer_porter_1941_1;USS Porter
us_destroyer_porter_1941_2;Destroyer

us_destroyer_porter_1942_shop;USS Moffett (DD-362)
us_destroyer_porter_1942_0;"<color=#81c3fc>Fore River Shipyard <color=@commonTextColor>/</color> Charleston Naval Shipyard</color>
<color=#fffa62>Porter-class Destroyer</color>
USS Moffett (DD-362)
<color=#adadad>(1942)</color>"
us_destroyer_porter_1942_1;USS Moffett
us_destroyer_porter_1942_2;Destroyer

us_destroyer_porter_1944_shop;USS Phelps (DD-360)
us_destroyer_porter_1944_0;"<color=#81c3fc>Fore River Shipyard <color=@commonTextColor>/</color> Charleston Naval Shipyard</color>
<color=#fffa62>Porter-class Destroyer</color>
USS Phelps (DD-360)
<color=#adadad>(1944)</color>"
us_destroyer_porter_1944_1;USS Phelps
us_destroyer_porter_1944_2;Destroyer

us_destroyer_somers_shop;USS Somers (DD-381)
us_destroyer_somers_0;"<color=#81c3fc>Federal Shipbuilding and Drydock Company</color>
<color=#fffa62>Somers-class Destroyer</color>
USS Somers (DD-381)"
us_destroyer_somers_1;USS Somers
us_destroyer_somers_2;Destroyer

us_destroyer_somers_davis_shop;USS Davis (DD-395)
us_destroyer_somers_davis_0;"<color=#81c3fc>Bath Iron Works</color>
<color=#fffa62>Somers-class Destroyer</color>
USS Davis (DD-395)"
us_destroyer_somers_davis_1;USS Davis
us_destroyer_somers_davis_2;Destroyer

us_cruiser_omaha_class_trenton_shop;USS Raleigh (CL-7) (1932)
us_cruiser_omaha_class_trenton_0;"<color=#81c3fc>Fore River Shipyard</color>
<color=#fffa62>Omaha-class Light Cruiser</color>
USS Raleigh (CL-7)
<color=#adadad>(1932)</color>"
us_cruiser_omaha_class_trenton_1;USS Raleigh
us_cruiser_omaha_class_trenton_2;Light Cruiser

us_cruiser_omaha_class_raleigh_shop;USS Raleigh (CL-7) (1942)
us_cruiser_omaha_class_raleigh_0;"<color=#81c3fc>Fore River Shipyard <color=@commonTextColor>/</color> Mare Island Naval Shipyard</color>
<color=#fffa62>Omaha-class Light Cruiser</color>
USS Raleigh (CL-7)
<color=#adadad>(1942)</color>"
us_cruiser_omaha_class_raleigh_1;USS Raleigh
us_cruiser_omaha_class_raleigh_2;Light Cruiser

us_cruiser_omaha_class_detroit_shop;USS Detroit (CL-8)
us_cruiser_omaha_class_detroit_0;"<color=#81c3fc>Fore River Shipyard <color=@commonTextColor>/</color> Mare Island Naval Shipyard</color>
<color=#fffa62>Omaha-class Light Cruiser</color>
USS Detroit (CL-8)
<color=#adadad>(1942)</color>"
us_cruiser_omaha_class_detroit_1;USS Detroit
us_cruiser_omaha_class_detroit_2;Light Cruiser

us_destroyer_sumner_shop;USS Allan M. Sumner (DD-692)
us_destroyer_sumner_0;"<color=#81c3fc>Federal Shipbuilding and Drydock Company</color>
<color=#fffa62>Allen M. Sumner-class Destroyer</color>
USS Allen M. Sumner (DD-692)"
us_destroyer_sumner_1;USS Allan M. Sumner
us_destroyer_sumner_2;Destroyer

us_destroyer_gearing_shop;USS Gearing (DD-710)
us_destroyer_gearing_0;"<color=#81c3fc>Federal Shipbuilding and Drydock Company</color>
<color=#fffa62>Gearing-class Destroyer</color>
USS Gearing (DD-710)"
us_destroyer_gearing_1;USS Gearing
us_destroyer_gearing_2;Destroyer

us_destroyer_gearing_frank_knox_shop;USS Frank Knox (DD-742)
us_destroyer_gearing_frank_knox_0;"<color=#81c3fc>Bath Iron Works</color>
<color=#fffa62>Gearing-class Destroyer</color>
USS Frank Knox (DD-742)"
us_destroyer_gearing_frank_knox_1;USS Frank Knox
us_destroyer_gearing_frank_knox_2;Destroyer

//USA BLUEWATER FLEET - VEHICLE/FAMILY START: RANK 4
us_destroyer_cf_adams_class_cf_adams_shop;USS Charles F. Adams (DDG-2)
us_destroyer_cf_adams_class_cf_adams_0;"<color=#81c3fc>Bath Iron Works</color>
<color=#fffa62>Charles F. Adams-class Guided Missile Destroyer</color>
USS Charles F. Adams (DDG-2)"
us_destroyer_cf_adams_class_cf_adams_1;USS Charles F. Adams
us_destroyer_cf_adams_class_cf_adams_2;Guided Missile Destroyer

us_destroyer_forrestsherman_class_shop;USS Forrest Sherman (DD-931)
us_destroyer_forrestsherman_class_0;"<color=#81c3fc>Bath Iron Works</color>
<color=#fffa62>Forrest Sherman-class Destroyer</color>
USS Forrest Sherman (DD-931)"
us_destroyer_forrestsherman_class_1;USS Forrest Sherman
us_destroyer_forrestsherman_class_2;Destroyer

us_cruiser_atlanta_class_atlanta_shop;USS Atlanta (CL-51)
us_cruiser_atlanta_class_atlanta_0;"<color=#81c3fc>Federal Shipbuilding and Drydock Company</color>
<color=#fffa62>Atlanta-class Light Cruiser</color>
USS Atlanta (CL-51)"
us_cruiser_atlanta_class_atlanta_1;USS Atlanta
us_cruiser_atlanta_class_atlanta_2;Light Cruiser

us_cruiser_cleveland_class_cleveland_shop;USS Cleveland (CL-55)
us_cruiser_cleveland_class_cleveland_0;"<color=#81c3fc>New York Shipbuilding Corporation</color>
<color=#fffa62>Cleveland-class Light Cruiser</color>
USS Cleveland (CL-55)"
us_cruiser_cleveland_class_cleveland_1;USS Cleveland
us_cruiser_cleveland_class_cleveland_2;Light Cruiser

us_cruiser_fargo_class_shop;USS Fargo (CL-106)
us_cruiser_fargo_class_0;"<color=#81c3fc>New York Shipbuilding Corporation</color>
<color=#fffa62>Fargo-class Light Cruiser</color>
USS Fargo (CL-106)"
us_cruiser_fargo_class_1;USS Fargo
us_cruiser_fargo_class_2;Light Cruiser

us_cruiser_portland_class_shop;USS Portland (CA-33)
us_cruiser_portland_class_0;"<color=#81c3fc>Fore River Shipyard <color=@commonTextColor>/</color> Mare Island Naval Shipyard</color>
<color=#fffa62>Portland-class Heavy Cruiser</color>
USS Portland (CA-33)
<color=#adadad>(1943)</color>"
us_cruiser_portland_class_1;USS Portland
us_cruiser_portland_class_2;Heavy Cruiser

us_cruiser_pensacola_class_shop;USS Pensacola (CA-24)
us_cruiser_pensacola_class_0;"<color=#81c3fc>Brooklyn Navy Yard</color>
<color=#fffa62>Pensacola-class Heavy Cruiser</color>
USS Pensacola (CA-24)"
us_cruiser_pensacola_class_1;USS Pensacola
us_cruiser_pensacola_class_2;Heavy Cruiser

us_cruiser_northampton_class_shop;USS Northampton (CA-26)
us_cruiser_northampton_class_0;"<color=#81c3fc>Fore River Shipyard <color=@commonTextColor>/</color> Pearl Harbor Naval Shipyard and Intermediate
Maintenance Facility</color>
<color=#fffa62>Northampton-class Heavy Cruiser</color>
USS Northampton (CA-26)
<color=#adadad>(1940)</color>"
us_cruiser_northampton_class_1;USS Northampton
us_cruiser_northampton_class_2;Heavy Cruiser

us_cruiser_new_orleans_class_shop;USS New Orleans (CA-32)
us_cruiser_new_orleans_class_0;"<color=#81c3fc>Brooklyn Navy Yard <color=@commonTextColor>/</color> Mare Island Naval Shipyard</color>
<color=#fffa62>New Orleans-class Heavy Cruiser</color>
USS New Orleans (CA-32)
<color=#adadad>(1945)</color>"
us_cruiser_new_orleans_class_1;USS New Orleans
us_cruiser_new_orleans_class_2;Heavy Cruiser

us_cruiser_brooklyn_class_helena_shop;USS Helena (CL-50)
us_cruiser_brooklyn_class_helena_0;"<color=#81c3fc>Brooklyn Navy Yard <color=@commonTextColor>/</color> Mare Island Naval Shipyard</color>
<color=#fffa62>Brooklyn-class Light Cruiser</color>
USS Helena (CL-50)
<color=#adadad>(1942)</color>"
us_cruiser_brooklyn_class_helena_1;USS Helena
us_cruiser_brooklyn_class_helena_2;Light Cruiser

us_cruiser_brooklyn_class_brooklyn_shop;USS Brooklyn (CL-40)
us_cruiser_brooklyn_class_brooklyn_0;"<color=#81c3fc>Brooklyn Navy Yard</color>
<color=#fffa62>Brooklyn-class Light Cruiser</color>
USS Brooklyn (CL-40)"
us_cruiser_brooklyn_class_brooklyn_1;USS Brooklyn
us_cruiser_brooklyn_class_brooklyn_2;Light Cruiser

//USA BLUEWATER FLEET - VEHICLE/FAMILY START: RANK 5
us_cruiser_worcester_class_roanoke_shop;USS Roanoke (CL-145)
us_cruiser_worcester_class_roanoke_0;"<color=#81c3fc>New York Shipbuilding Corporation</color>
<color=#fffa62>Worcester-class Light Cruiser</color>
USS Roanoke (CL-145)"
us_cruiser_worcester_class_roanoke_1;USS Roanoke
us_cruiser_worcester_class_roanoke_2;Light Cruiser

us_battleship_texas_shop;USS Texas (BB-35)
us_battleship_texas_0;"<color=#81c3fc>Newport News Shipbuilding and Dry Dock Company <color=@commonTextColor>/</color> Brooklyn Navy
Yard</color>
<color=#fffa62>New York-class Battleship</color>
USS Texas (BB-35)
<color=#adadad>(1945)</color>"
us_battleship_texas_1;USS Texas
us_battleship_texas_2;Battleship

us_battleship_north_dakota_shop;USS North Dakota (BB-29)
us_battleship_north_dakota_0;"<color=#81c3fc>Fore River Shipyard</color>
<color=#fffa62>Delaware-class Battleship</color>
USS North Dakota (BB-29)
<color=#adadad>(1917)</color>"
us_battleship_north_dakota_1;USS North Dakota
us_battleship_north_dakota_2;Battleship

us_battleship_wyoming_class_shop;USS Wyoming (BB-32)
us_battleship_wyoming_class_0;"<color=#81c3fc>William Cramp & Sons Ship & Engine Building Company <color=@commonTextColor>/</color> Philadelphia
Naval Shipyard</color>
<color=#fffa62>Wyoming-class Battleship</color>
USS Wyoming (BB-32)
<color=#adadad>(1927)</color>"
us_battleship_wyoming_class_1;USS Wyoming
us_battleship_wyoming_class_2;Battleship

us_battleship_arkansas_shop;USS Arkansas (BB-33)
us_battleship_arkansas_0;"<color=#81c3fc>New York Shipbuilding Corporation <color=@commonTextColor>/</color> Norfolk Naval Shipyard</color>
<color=#fffa62>Wyoming-class Battleship</color>
USS Arkansas (BB-33)
<color=#adadad>(1942)</color>"
us_battleship_arkansas_1;USS Arkansas
us_battleship_arkansas_2;Battleship

us_cruiser_baltimore_class_pittsburgh_shop;USS Pittsburgh (CA-72)
us_cruiser_baltimore_class_pittsburgh_0;"<color=#81c3fc>Fore River Shipyard <color=@commonTextColor>/</color> Norfolk Naval Shipyard</color>
<color=#fffa62>Baltimore-class Heavy Cruiser</color>
USS Pittsburgh (CA-72)
<color=#adadad>(1953)</color>"
us_cruiser_baltimore_class_pittsburgh_1;USS Pittsburgh
us_cruiser_baltimore_class_pittsburgh_2;Heavy Cruiser

us_cruiser_baltimore_class_shop;USS Baltimore (CA-68)
us_cruiser_baltimore_class_0;"<color=#81c3fc>Fore River Shipyard</color>
<color=#fffa62>Baltimore-class Heavy Cruiser</color>
USS Baltimore (CA-68)"
us_cruiser_baltimore_class_1;USS Baltimore
us_cruiser_baltimore_class_2;Heavy Cruiser

us_cruiser_oregon_class_shop;USS Oregon City (CA-122)
us_cruiser_oregon_class_0;"<color=#81c3fc>Fore River Shipyard</color>
<color=#fffa62>Oregon City-class Heavy Cruiser</color>
USS Oregon City (CA-122)"
us_cruiser_oregon_class_1;USS Oregon City
us_cruiser_oregon_class_2;Heavy Cruiser

us_cruiser_des_moines_class_newport_news_shop;USS Newport News (CA-148)
us_cruiser_des_moines_class_newport_news_0;"<color=#81c3fc>Newport News Shipbuilding and Dry Dock Company <color=@commonTextColor>/</color> Norfolk Naval
Shipyard</color>
<color=#fffa62>Des Moines-class Heavy Cruiser</color>
USS Newport News (CA-148)
<color=#adadad>(1968)</color>"
us_cruiser_des_moines_class_newport_news_1;USS Newport News
us_cruiser_des_moines_class_newport_news_2;Heavy Cruiser

us_cruiser_des_moines_class_shop;USS Des Moines (CA-134)
us_cruiser_des_moines_class_0;"<color=#81c3fc>Fore River Shipyard</color>
<color=#fffa62>Des Moines-class Heavy Cruiser</color>
USS Des Moines (CA-134)"
us_cruiser_des_moines_class_1;USS Des Moines
us_cruiser_des_moines_class_2;Heavy Cruiser

//USA BLUEWATER FLEET - VEHICLE/FAMILY START: RANK 6
us_battleship_arizona_1931_shop;USS Arizona (BB-39)
us_battleship_arizona_1931_0;"<color=#81c3fc>Brooklyn Navy Yard <color=@commonTextColor>/</color> Puget Sound Naval Shipyard and Intermediate
Maintenance Facility</color>
<color=#fffa62>Pennsylvania-class Battleship</color>
USS Arizona (BB-39)
<color=#adadad>(1938)</color>"
us_battleship_arizona_1931_1;USS Arizona
us_battleship_arizona_1931_2;Battleship

us_battleship_colorado_class_colorado_shop;USS Colorado (BB-45)
us_battleship_colorado_class_colorado_0;"<color=#81c3fc>New York Shipbuilding Corporation <color=@commonTextColor>/</color> Puget Sound Naval Shipyard and
Intermediate Maintenance Facility</color>
<color=#fffa62>Colorado-class</color>
USS Colorado (BB-45)
<color=#adadad>(1942)</color>"
us_battleship_colorado_class_colorado_1;USS Colorado
us_battleship_colorado_class_colorado_2;Battleship

us_battleship_colorado_class_maryland_shop;USS Maryland (BB-46)
us_battleship_colorado_class_maryland_0;"<color=#81c3fc>New York Shipbuilding Corporation <color=@commonTextColor>/</color> Puget Sound Naval Shipyard and
Intermediate Maintenance Facility</color>
<color=#fffa62>Colorado-class Battleship</color>
USS Maryland (BB-46)
<color=#adadad>(1945)</color>"
us_battleship_colorado_class_maryland_1;USS Maryland
us_battleship_colorado_class_maryland_2;Battleship

us_battleship_nevada_shop;USS Nevada (BB-36)
us_battleship_nevada_0;"<color=#81c3fc>New York Shipbuilding Corporation <color=@commonTextColor>/</color> Fore River Shipyard</color>
<color=#fffa62>Nevada-class Battleship</color>
USS Nevada (BB-36)
<color=#adadad>(1944)</color>"
us_battleship_nevada_1;USS Nevada
us_battleship_nevada_2;Battleship

us_battleship_oklahoma_shop;USS Oklahoma (BB-37)
us_battleship_oklahoma_0;"<color=#81c3fc>New York Shipbuilding Corporation <color=@commonTextColor>/</color> Philadelphia Naval Shipyard</color>
<color=#fffa62>Nevada-class Battleship</color>
USS Oklahoma (BB-37)
<color=#adadad>(1929)</color>"
us_battleship_oklahoma_1;USS Oklahoma
us_battleship_oklahoma_2;Battleship

us_battleship_tennessee_shop;USS Tennessee (BB-43)
us_battleship_tennessee_0;"<color=#81c3fc>Brooklyn Navy Yard <color=@commonTextColor>/</color> Puget Sound Naval Shipyard and Intermediate
Maintenance Facility</color>
<color=#fffa62>Tennessee-class Battleship</color>
USS Tennessee (BB-43)
<color=#adadad>(1943)</color>"
us_battleship_tennessee_1;USS Tennessee
us_battleship_tennessee_2;Battleship

us_battlecruiser_alaska_class_shop;USS Alaska (CB-1)
us_battlecruiser_alaska_class_0;"<color=#81c3fc>New York Shipbuilding Corporation</color>
<color=#fffa62>Alaska-class Large Cruiser</color>
USS Alaska (CB-1)"
us_battlecruiser_alaska_class_1;USS Alaska
us_battlecruiser_alaska_class_2;Battlecruiser

us_battleship_mississippi_shop;USS Mississippi (BB-41)
us_battleship_mississippi_0;"<color=#81c3fc>Newport News Shipbuilding and Dry Dock Company <color=@commonTextColor>/</color> Pearl Harbor
Naval Shipyard and Intermediate Maintenance Facility</color>
<color=#fffa62>New Mexico-class Battleship</color>
USS Mississippi (BB-41)
<color=#adadad>(1945)</color>"
us_battleship_mississippi_1;USS Mississippi
us_battleship_mississippi_2;Battleship

//USA BLUEWATER FLEET - VEHICLE/FAMILY START: RANK 7
us_battleship_south_dakota_shop;USS South Dakota (BB-57)
us_battleship_south_dakota_0;"<color=#81c3fc>New York Shipbuilding Corporation <color=@commonTextColor>/</color> Puget Sound Naval Shipyard and
Intermediate Maintenance Facility</color>
<color=#fffa62>South Dakota-class Battleship</color>
USS South Dakota (BB-57)
<color=#adadad>(1944)</color>"
us_battleship_south_dakota_1;USS South Dakota
us_battleship_south_dakota_2;Battleship

us_battleship_north_carolina_class_shop;USS North Carolina (BB-55)
us_battleship_north_carolina_class_0;"<color=#81c3fc>Brooklyn Navy Yard</color>
<color=#fffa62>North Carolina-class Battleship</color>
USS North Carolina (BB-55)
<color=#adadad>(1942)</color>"
us_battleship_north_carolina_class_1;USS North Carolina
us_battleship_north_carolina_class_2;Battleship

us_battleship_iowa_class_iowa_shop;USS Iowa (BB-61)
us_battleship_iowa_class_iowa_0;"<color=#81c3fc>Brooklyn Navy Yard <color=@commonTextColor>/</color> Hunters Point Naval Shipyard</color>
<color=#fffa62>Iowa-class Battleship</color>
USS Iowa (BB-61)
<color=#adadad>(1945)</color>"
us_battleship_iowa_class_iowa_1;USS Iowa
us_battleship_iowa_class_iowa_2;Battleship

us_cruiser_rckt_california_0;California-class Nuclear Guided Missile Cruiser | USS California (CGN-36)
us_cruiser_rckt_california_1;USS California
us_cruiser_rckt_california_2;Nuclear Guided Missile Cruiser

//GERMANY AIRCRAFT - VEHICLE/FAMILY START: RANK 1
bf-109b_2_shop;Bf 109 B-1 (spät)
bf-109b_2_0;"<color=#81c3fc>Bayerische Flugzeugwerke</color>
Bf 109 B-1
<color=#adadad>(spät)</color>"
bf-109b_2_1;Bf 109 B
bf-109b_2_2;Bf 109 

bf-109c_1_shop;Bf 109 C-1
bf-109c_1_0;"<color=#81c3fc>Bayerische Flugzeugwerke</color>
Bf 109 C-1"
bf-109c_1_1;Bf 109 C
bf-109c_1_2;Bf 109

bf-109a_1_shop;Flegel's Bf 109 A-2
bf-109a_1_0;"<color=#81c3fc>Bayerische Flugzeugwerke</color>
Bf 109 A-2
<color=@currencyGoldColor>Norbert Flegel's</color>"
bf-109a_1_1;Bf 109 A
bf-109a_1_2;Bf 109

bf-109c_1_promo_shop;◓ Bf 109 C-1
bf-109c_1_promo_0;"<color=#81c3fc>Bayerische Flugzeugwerke</color>
◓ Bf 109 C-1"
bf-109c_1_promo_1;◓ Bf 109 C
bf-109c_1_promo_2;◓ Bf 109

bf-109e-1_shop;Bf 109 E-1
bf-109e-1_0;"<color=#81c3fc>Messerschmitt</color>
Bf 109 E-1"
bf-109e-1_1;Bf 109 E
bf-109e-1_2;Bf 109

bf-109e-3_shop;Bf 109 E-3
bf-109e-3_0;"<color=#81c3fc>Messerschmitt</color>
Bf 109 E-3"
bf-109e-3_1;Bf 109 E
bf-109e-3_2;Bf 109

bf-109e-4_shop;Bf 109 E-4
bf-109e-4_0;"<color=#81c3fc>Messerschmitt</color>
Bf 109 E-4"
bf-109e-4_1;Bf 109 E
bf-109e-4_2;Bf 109

bf-109e-7_shop;Bf 109 E-7/U2
bf-109e-7_0;"<color=#81c3fc>Messerschmitt</color>
Bf 109 E-7/U2"
bf-109e-7_1;Bf 109 E
bf-109e-7_2;Bf 109

bf-109e-3-ace_shop;Bf 109 E-3
bf-109e-3-ace_0;"<color=#81c3fc>Messerschmitt</color>
Bf 109 E-3"
bf-109e-3-ace_1;Bf 109 E
bf-109e-3-ace_2;Bf 109

bf-109f-1_shop;Bf 109 F-1
bf-109f-1_0;"<color=#81c3fc>Messerschmitt</color>
Bf 109 F-1"
bf-109f-1_1;Bf 109 F
bf-109f-1_2;Bf 109

bf-109f-2_shop;Bf 109 F-2
bf-109f-2_0;"<color=#81c3fc>Messerschmitt</color>
Bf 109 F-2"
bf-109f-2_1;Bf 109 F
bf-109f-2_2;Bf 109

bf_109t_2_shop;Bf 109 T-2
bf_109t_2_0;"<color=#81c3fc>Messerschmitt</color>
Bf 109 T-2"
bf_109t_2_1;Bf 109 T
bf_109t_2_2;Bf 109

bf-109f-4_shop;Bf 109 F-4
bf-109f-4_0;"<color=#81c3fc>Messerschmitt</color>
Bf 109 F-4"
bf-109f-4_1;Bf 109 F
bf-109f-4_2;Bf 109

bf-109f-4_trop_shop;Bf 109 F-4 (Trop.)
bf-109f-4_trop_0;"<color=#81c3fc>Messerschmitt</color>
Bf 109 F-4
<color=#adadad>(Tropenausrüstung)</color>"
bf-109f-4_trop_1;Bf 109 F
bf-109f-4_trop_2;Bf 109

bf-109g-2_romania_shop;╏ Bf 109 G-2
bf-109g-2_romania_0;"╏ <color=#81c3fc>Messerschmitt</color>
Bf 109 G-2"
bf-109g-2_romania_1;╏ Bf 109 G
bf-109g-2_romania_2;╏ Bf 109

bf-109g-2_shop;Bf 109 G-2 (Trop.)
bf-109g-2_0;"<color=#81c3fc>Messerschmitt</color>
Bf 109 G-2
<color=#adadad>(Tropenausrüstung)</color>"
bf-109g-2_1;Bf 109 G
bf-109g-2_2;Bf 109

bf-109g-6_shop;Bf 109 G-6
bf-109g-6_0;"<color=#81c3fc>Messerschmitt</color>
Bf 109 G-6"
bf-109g-6_1;Bf 109 G
bf-109g-6_2;Bf 109

bf-109g-14_shop;Bf 109 G-14/AM
bf-109g-14_0;"<color=#81c3fc>Messerschmitt</color>
Bf 109 G-14/AM"
bf-109g-14_1;Bf 109 G
bf-109g-14_2;Bf 109

bf-109g-10_shop;Bf 109 G-10
bf-109g-10_0;"<color=#81c3fc>Messerschmitt</color>
Bf 109 G-10"
bf-109g-10_1;Bf 109 G
bf-109g-10_2;Bf 109

bf-109k-4_shop;Bf 109 K-4
bf-109k-4_0;"<color=#81c3fc>Messerschmitt</color>
Bf 109 K-4"
bf-109k-4_1;Bf 109 K
bf-109k-4_2;Bf 109

bf-109z_shop;Bf 109 Z
bf-109z_0;"<color=#81c3fc>Messerschmitt</color>
Bf 109 Z"
bf-109z_1;Bf 109 Z
bf-109z_2;Bf 109

he51a1_shop;He 51 A-1
he51a1_0;"He 51 A-1"
he51a1_1;He 51 A
he51a1_2;He 51

he51b1_shop;He 51 B-1
he51b1_0;"He 51 B-1"
he51b1_1;He 51 B
he51b1_2;He 51

he51c1_shop;He 51 C-1
he51c1_0;"He 51 C-1"
he51c1_1;He 51 C
he51c1_2;He 51

he51c1_late_shop;He 51 C-1 (spät)
he51c1_late_0;"He 51 C-1
<color=#adadad>(spät)</color>"
he51c1_late_1;He 51 C
he51c1_late_2;He 51

he51b_2w_shop;He 51 B-2
he51b_2w_0;"He 51 B-2"
he51b_2w_1;He 51 B
he51b_2w_2;He 51

he_112v_5_shop;He 112 V5
he_112v_5_0;"<color=#81c3fc>Heinkel Flugzeugwerke</color>
He 112 V5"
he_112v_5_1;He 112
he_112v_5_2;He 112

he_112a_0_shop;He 112 A-0
he_112a_0_0;"<color=#81c3fc>Heinkel Flugzeugwerke</color>
He 112 A-0"
he_112a_0_1;He 112 A
he_112a_0_2;He 112

he_112b_0_shop;He 112 B-0
he_112b_0_0;"<color=#81c3fc>Heinkel Flugzeugwerke</color>
He 112 B-0"
he_112b_0_1;He 112 B
he_112b_0_2;He 112

he_112b_1_shop;◐ He 112 B-1/U2
he_112b_1_0;"<color=#81c3fc>Heinkel Flugzeugwerke</color>
◐ He 112 B-1/U2 vadászrepülőgép"
he_112b_1_1;◐ He 112 B
he_112b_1_2;◐ He 112

he_112b_2_shop;╏ He 112 B-2/U2
he_112b_2_0;"<color=#81c3fc>Heinkel Flugzeugwerke</color>
╏ Avionul He 112 B-2/U2"
he_112b_2_1;╏ He 112 B
he_112b_2_2;╏ He 112

he_100d_1_shop;He 100 A-0
he_100d_1_0;"<color=#81c3fc>Heinkel Flugzeugwerke</color>
He 100 A-0"
he_100d_1_1;He 100 A
he_100d_1_2;He 100

do_17z_7_shop;Do 17 Z-7
do_17z_7_0;"Do 17 Z-7"
do_17z_7_1;Do 17 Z
do_17z_7_2;Do 17

do_17z_2_shop;Do 17 Z-2
do_17z_2_0;"Do 17 Z-2"
do_17z_2_1;Do 17 Z
do_17z_2_2;Do 17

do_17e_1_shop;Do 17 E-1
do_17e_1_0;"Do 17 E-1"
do_17e_1_1;Do 17 E
do_17e_1_2;Do 17

do_217j_1_shop;Do 217 J-1
do_217j_1_0;"Do 217 J-1"
do_217j_1_1;Do 217 J
do_217j_1_2;Do 217

do_217j_2_shop;Do 217 J-2
do_217j_2_0;"Do 217 J-2"
do_217j_2_1;Do 217 J
do_217j_2_2;Do 217

do_217n_1_shop;Do 217 N-1
do_217n_1_0;"Do 217 N-1"
do_217n_1_1;Do 217 N
do_217n_1_2;Do 217

do_217n_2_shop;Do 217 N-2
do_217n_2_0;"Do 217 N-2"
do_217n_2_1;Do 217 N
do_217n_2_2;Do 217

do_217e_2_shop;Do 217 E-2
do_217e_2_0;"Do 217 E-2"
do_217e_2_1;Do 217 E
do_217e_2_2;Do 217

do_217e_4_shop;Do 217 E-4
do_217e_4_0;"Do 217 E-4"
do_217e_4_1;Do 217 E
do_217e_4_2;Do 217

hs-123a-1_shop;Hs 123 A-1
hs-123a-1_0;"Hs 123 A-1"
hs-123a-1_1;Hs 123 A
hs-123a-1_2;Hs 123

ju-87b-2_shop;Ju 87 B-2
ju-87b-2_0;"Ju 87 B-2"
ju-87b-2_1;Ju 87 B
ju-87b-2_2;Ju 87

ju-87r-2_shop;Ju 87 R-2
ju-87r-2_0;"Ju 87 R-2"
ju-87r-2_1;Ju 87 R
ju-87r-2_2;Ju 87

ju-87r-2_snake_shop;Ju 87 R-2 (6./StG 2)
ju-87r-2_snake_0;"Ju 87 R-2
<color=@currencyGoldColor>6./Sturzkampfgeschwader 2</color>"
ju-87r-2_snake_1;Ju 87 R
ju-87r-2_snake_2;Ju 87

ju-87g_1_shop;Ju 87 G-1
ju-87g_1_0;"Ju 87 G-1"
ju-87g_1_1;Ju 87 G
ju-87g_1_2;Ju 87

ju-87g_2_shop;Ju 87 G-2
ju-87g_2_0;"Ju 87 G-2"
ju-87g_2_1;Ju 87 G
ju-87g_2_2;Ju 87

ju-87d-3_shop;Ju 87 D-3
ju-87d-3_0;"Ju 87 D-3"
ju-87d-3_1;Ju 87 D
ju-87d-3_2;Ju 87

ju-87d-5_shop;Ju 87 D-5
ju-87d-5_0;"Ju 87 D-5"
ju-87d-5_1;Ju 87 D
ju-87d-5_2;Ju 87

he_115c_1_shop;He 115 C-1
he_115c_1_0;"He 115 C-1"
he_115c_1_1;He 115 C
he_115c_1_2;He 115

bv-138c-1_shop;BV 138 C-1
bv-138c-1_0;"BV 138 C-1"
bv-138c-1_1;BV 138 C
bv-138c-1_2;BV 138

he-111h-2_shop;He 111 H-3
he-111h-2_0;"He 111 H-3"
he-111h-2_1;He 111 H
he-111h-2_2;He 111

he-111h-6_shop;He 111 H-6
he-111h-6_0;"He 111 H-6"
he-111h-6_1;He 111 H
he-111h-6_2;He 111

he-111h-16_winter_shop;He 111 H-16
he-111h-16_winter_0;"He 111 H-16"
he-111h-16_winter_1;He 111 H
he-111h-16_winter_2;He 111

he-111h-16_tropical_shop;He 111 H-16
he-111h-16_tropical_0;"He 111 H-16"
he-111h-16_tropical_1;He 111 H
he-111h-16_tropical_2;He 111

fiat_cr42_marcolin_shop;▀ Marcolin's CR.42CN
fiat_cr42_marcolin_0;"▀ CR.42CN
<color=@currencyGoldColor>Luciano Marcolin's</color>"
fiat_cr42_marcolin_1;▀ CR.42CN
fiat_cr42_marcolin_2;▀ CR.42

fiat_cr42_shop;▀ CR.42
fiat_cr42_0;"▀ CR.42 Falco"
fiat_cr42_1;▀ CR.42
fiat_cr42_2;▀ CR.42

fiat_g50_seria2_shop;▀ G.50 II
fiat_g50_seria2_0;"▀ G.50 serie II Freccia"
fiat_g50_seria2_1;▀ G.50
fiat_g50_seria2_2;▀ G.50

fiat_g50_seria7as_shop;▀ G.50 AS VII
fiat_g50_seria7as_0;"▀ G.50 AS serie VII Freccia"
fiat_g50_seria7as_1;▀ G.50
fiat_g50_seria7as_2;▀ G.50

mc200_serie3_shop;▀ C. 200 III
mc200_serie3_0;"▀ C. 200 serie III Saetta"
mc200_serie3_1;▀ C. 200
mc200_serie3_2;▀ C. 200

mc200_serie7_shop;▀ C. 200 serie VII
mc200_serie7_0;"▀ C. 200 VII Saetta"
mc200_serie7_1;▀ C. 200
mc200_serie7_2;▀ C. 200

mc-202_shop;▀ C. 202 VII
mc-202_0;"▀ C. 202 serie VII Folgore"
mc-202_1;▀ C. 202 VII
mc-202_2;▀ C. 202

arado-196a-3_shop;Ar 196 A-3
arado-196a-3_0;"Ar 196 A-3"
arado-196a-3_1;Ar 196 A
arado-196a-3_2;Ar 196

fw-189a-1_shop;Fw 189 A-1
fw-189a-1_0;"<color=#81c3fc>Focke-Wulf Flugzeugbau</color>
Fw 189 A-1 ""Uhu"""
fw-189a-1_1;Fw 189 A
fw-189a-1_2;Fw 189

fw_189c_0_shop;Fw 189 V6
fw_189c_0_0;"<color=#81c3fc>Focke-Wulf Flugzeugbau</color>
Fw 189 V6 ""Uhu"""
fw_189c_0_1;Fw 189 V6
fw_189c_0_2;Fw 189

//GERMANY AIRCRAFT - VEHICLE/FAMILY START: RANK 2
c_3604_shop;Flz. C-3604
c_3604_0;"<color=#81c3fc>Eidgenössisches Flugzeugwerk</color>
Flugzeug C-3604"
c_3604_1;Flz. C-3604
c_3604_2;Flz. C-36

fw-190a-1_shop;Fw 190 A-1
fw-190a-1_0;"Fw 190 A-1"
fw-190a-1_1;Fw 190 A
fw-190a-1_2;Fw 190

fw-190a-4_shop;Fw 190 A-4
fw-190a-4_0;"Fw 190 A-4"
fw-190a-4_1;Fw 190 A
fw-190a-4_2;Fw 190

fw-190a-5_u2_shop;Fw 190 A-5/U2
fw-190a-5_u2_0;"Fw 190 A-5/U2"
fw-190a-5_u2_1;Fw 190 A
fw-190a-5_u2_2;Fw 190

fw-190d-9_shop;Fw 190 D-9
fw-190d-9_0;"Fw 190 D-9"
fw-190d-9_1;Fw 190 D
fw-190d-9_2;Fw 190

fw_190a_5_u14_shop;Fw 190 A-5/U14
fw_190a_5_u14_0;"Fw 190 A-5/U14"
fw_190a_5_u14_1;Fw 190 A
fw_190a_5_u14_2;Fw 190

fw-190A-5_shop;Fw 190 A-5
fw-190A-5_0;"Fw 190 A-5"
fw-190A-5_1;Fw 190 A
fw-190A-5_2;Fw 190

fw-190a-5_cannons_shop;Fw 190 A-5
fw-190a-5_cannons_0;"Fw 190 A-5"
fw-190a-5_cannons_1;Fw 190 A
fw-190a-5_cannons_2;Fw 190

fw-190a-5_cannons_tutorial_shop;Fw 190 A-5
fw-190a-5_cannons_tutorial_0;"Fw 190 A-5"
fw-190a-5_cannons_tutorial_1;Fw 190 A
fw-190a-5_cannons_tutorial_2;Fw 190

fw-190a-8_shop;Fw 190 A-8
fw-190a-8_0;"Fw 190 A-8"
fw-190a-8_1;Fw 190 A
fw-190a-8_2;Fw 190

fw-190a-5_shop;Fw 190 A-5/U12
fw-190a-5_0;"Fw 190 A-5/U12"
fw-190a-5_1;Fw 190 A
fw-190a-5_2;Fw 190

fw-190d-12_shop;Fw 190 D-12
fw-190d-12_0;"Fw 190 D-12"
fw-190d-12_1;Fw 190 D
fw-190d-12_2;Fw 190

fw-190f-8_shop;Fw 190 F-8
fw-190f-8_0;"Fw 190 F-8"
fw-190f-8_1;Fw 190 F
fw-190f-8_2;Fw 190

fw-190c_shop;Fw 190 C-1
fw-190c_0;"Fw 190 C-1"
fw-190c_1;Fw 190 C-1
fw-190c_2;Fw 190

fw-190d-13_shop;Fw 190 D-13
fw-190d-13_0;"Fw 190 D-13"
fw-190d-13_1;Fw 190 D
fw-190d-13_2;Fw 190

ju-88c-6_shop;Ju 88 C-6
ju-88c-6_0;"Ju 88 C-6"
ju-88c-6_1;Ju 88 C
ju-88c-6_2;Ju 88

ju-88a-1_shop;Ju 88 A-1
ju-88a-1_0;"Ju 88 A-1"
ju-88a-1_1;Ju 88 A
ju-88a-1_2;Ju 88

ju-88a-4_shop;Ju 88 A-4
ju-88a-4_0;"Ju 88 A-4"
ju-88a-4_1;Ju 88 A
ju-88a-4_2;Ju 88

bf-110c-4_shop;Bf 110 C-7
bf-110c-4_0;"Bf 110 C-7"
bf-110c-4_1;Bf 110 C
bf-110c-4_2;Bf 110

bf-110f-2_shop;Bf 110 F-2
bf-110f-2_0;"Bf 110 F-2"
bf-110f-2_1;Bf 110 F
bf-110f-2_2;Bf 110

bf-110g-2_shop;Bf 110 G-2
bf-110g-2_0;"Bf 110 G-2"
bf-110g-2_1;Bf 110 G
bf-110g-2_2;Bf 110

bf_110g_4_shop;Bf 110 G-4
bf_110g_4_0;"Bf 110 G-4"
bf_110g_4_1;Bf 110 G-4
bf_110g_4_2;Bf 110

bf-110c-6_shop;Bf 110 C-6
bf-110c-6_0;"Bf 110 C-6"
bf-110c-6_1;Bf 110 C
bf-110c-6_2;Bf 110

hs-129b-3_shop;Hs 129 B-3
hs-129b-3_0;"Hs 129 B-3"
hs-129b-3_1;Hs 129 B
hs-129b-3_2;Hs 129

hs-129b-2_shop;Hs 129 B-2
hs-129b-2_0;"Hs 129 B-2"
hs-129b-2_1;Hs 129 B
hs-129b-2_2;Hs 129

hs-129b-2_romania_shop;▀╏ Hs 129 B-2
hs-129b-2_romania_0;"▀╏ Hs 129 B-2"
hs-129b-2_romania_1;▀╏ Hs 129 B
hs-129b-2_romania_2;▀╏ Hs 129

me_210a_1_shop;Me 210 A-1 (lang)
me_210a_1_0;"<color=#81c3fc>Messerschmitt</color>
Me 210 A-1
<color=#adadad>(lang)</color>"
me_210a_1_1;Me 210 A
me_210a_1_2;Me 210

me-410a-1_u4_shop;Me 410 A-1/U4
me-410a-1_u4_0;"Me 410 A-1/U4"
me-410a-1_u4_1;Me 410 A
me-410a-1_u4_2;Me 410

me-410b-2_u4_shop;Me 410 B-2/U4
me-410b-2_u4_0;"Me 410 B-2/U4"
me-410b-2_u4_1;Me 410 B
me-410b-2_u4_2;Me 410

me-410a-1_u2_shop;Me 410 A-1/U2
me-410a-1_u2_0;"Me 410 A-1/U2"
me-410a-1_u2_1;Me 410 A
me-410a-1_u2_2;Me 410

me-410b-1_u2_shop;Me 410 B-1/U2
me-410b-1_u2_0;"Me 410 B-1/U2"
me-410b-1_u2_1;Me 410 B
me-410b-1_u2_2;Me 410

me-410b-6_r3_shop;Me 410 B-6/R3
me-410b-6_r3_0;"Me 410 B-6/R3"
me-410b-6_r3_1;Me 410 B
me-410b-6_r3_2;Me 410

me-410_shop;Me 410
me-410_0;"Me 410"
me-410_1;Me 410
me-410_2;Me 410

me-410a-1_shop;Me 410 A-1
me-410a-1_0;"Me 410 A-1"
me-410a-1_1;Me 410 A
me-410a-1_2;Me 410

me-410b-1_shop;Me 410 B-1
me-410b-1_0;"Me 410 B-1"
me-410b-1_1;Me 410 B
me-410b-1_2;Me 410

fw_200c_1_shop;Fw 200 C-1
fw_200c_1_0;"Fw 200 C-1 Condor"
fw_200c_1_1;Fw 200 C
fw_200c_1_2;Fw 200

il_2_1942_luftwaffe_shop;▀ Il-2 (1942)
il_2_1942_luftwaffe_0;"▀ Il-2
<color=#adadad>(1942)</color>"
il_2_1942_luftwaffe_1;▀ Il-2
il_2_1942_luftwaffe_2;▀ Il-2

yak-1b_luftwaffe_shop;▀ Âk-1-127
yak-1b_luftwaffe_0;"▀ Âk-1 syeriâ 127"
yak-1b_luftwaffe_1;▀ Âk-1
yak-1b_luftwaffe_2;▀ Âk-1

bv-238_shop;BV 238 V1
bv-238_0;"BV 238 V1"
bv-238_1;BV 238
bv-238_2;BV 238

wellington_mk1c_luftwaffe_shop;▀ Wellington Mk. Ic
wellington_mk1c_luftwaffe_0;"▀ Wellington Mk. Ic"
wellington_mk1c_luftwaffe_1;▀ Wellington Mk. I
wellington_mk1c_luftwaffe_2;▀ Wellington

h-75a-2_finland_shop;▀ CUw (A-2) (early)
h-75a-2_finland_0;"▀ CUw ""Sussu""
<color=#adadad>(A-2) (early)</color>"
h-75a-2_finland_1;▀ CUw
h-75a-2_finland_2;▀ CU

sm_79_1936_shop;▀ S.M.79 I (1936)
sm_79_1936_0;"▀ S.M.79 serie I Sparviero
<color=#adadad>(1936)</color>"
sm_79_1936_1;▀ S.M.79 I
sm_79_1936_2;▀ S.M.79

sm_79_1939_shop;▀ S.M.79 VIII (1939)
sm_79_1939_0;"▀ S.M.79 serie VIII Sparviero
<color=#adadad>(1939)</color>"
sm_79_1939_1;▀ S.M.79 VIII
sm_79_1939_2;▀ S.M.79

sm_79_1941_shop;▀ S.M.79 AS (1941)
sm_79_1941_0;"▀ S.M.79 AS Sparviero
<color=#adadad>(1941)</color>"
sm_79_1941_1;▀ S.M.79 AS
sm_79_1941_2;▀ S.M.79

sm_79_1943_shop;▀ S.M.79bis/T.M (1943)
sm_79_1943_0;"▀ S.M.79bis/T.M Sparviero
<color=#adadad>(1943)</color>"
sm_79_1943_1;▀ S.M.79bis/T.M
sm_79_1943_2;▀ S.M.79

sm_79_iar_shop;▀ S. 79 B
sm_79_iar_0;"<color=#81c3fc>Savoia-Marchetti <color=@commonTextColor>/</color> Industria Aeronautică Română</color>
▀ Avionul S. 79 B"
sm_79_iar_1;▀ S. 79 B
sm_79_iar_2;▀ S. 79

sm_79_1937_shop;▀ S.M.79 IV
sm_79_1937_0;"▀ S.M.79 serie IV Sparviero
<color=#adadad>(1937)</color>"
sm_79_1937_1;▀ S.M.79 IV
sm_79_1937_2;▀ S.M.79

sm_79_1942_shop;▀ S.M.79bis/N (1942)
sm_79_1942_0;"▀ S.M.79bis/N Sparviero
<color=#adadad>(1942)</color>"
sm_79_1942_1;▀ S.M.79bis/N
sm_79_1942_2;▀ S.M.79

//GERMANY AIRCRAFT - VEHICLE/FAMILY START: RANK 3
do_335a_1_shop;Do 335 A-1
do_335a_1_0;"Do 335 A-1"
do_335a_1_1;Do 335 A
do_335a_1_2;Do 335

do_335a_0_shop;Do 335 A-0
do_335a_0_0;"Do 335 A-0"
do_335a_0_1;Do 335 A
do_335a_0_2;Do 335

do_335b_2_shop;Do 335 B-2
do_335b_2_0;"Do 335 B-2"
do_335b_2_1;Do 335 B
do_335b_2_2;Do 335

me_264_shop;Me 264
me_264_0;"Me 264"
me_264_1;Me 264
me_264_2;Me 264

p-47d_16_re_germany_shop;▀ P-47D-16-RE
p-47d_16_re_germany_0;"▀ P-47D-16-RE Thunderbolt"
p-47d_16_re_germany_1;▀ P-47D
p-47d_16_re_germany_2;▀ P-47

p-47d_luftwaffe_shop;▀ P-47D-27-RE
p-47d_luftwaffe_0;"▀ P-47D-27-RE Thunderbolt"
p-47d_luftwaffe_1;▀ P-47D
p-47d_luftwaffe_2;▀ P-47

ta_154a_1_shop;Ta 154 A-1
ta_154a_1_0;"Ta 154 A-1"
ta_154a_1_1;Ta 154 A
ta_154a_1_2;Ta 154

la-5fn_luftwaffe_shop;▀ La-5-41
la-5fn_luftwaffe_0;"▀ La-5 Typ 41, serie 34"
la-5fn_luftwaffe_1;▀ La-5
la-5fn_luftwaffe_2;▀ La-5

bv-155b-1_shop;BV 155 B-1
bv-155b-1_0;"BV 155 B-1"
bv-155b-1_1;BV 155 B-1
bv-155b-1_2;BV 155

//GERMANY AIRCRAFT - VEHICLE/FAMILY START: RANK 4
ta-152h-1_shop;Ta 152 H-1
ta-152h-1_0;"Ta 152 H-1"
ta-152h-1_1;Ta 152 H
ta-152h-1_2;Ta 152

ta-152c_shop;Ta 152 C-3
ta-152c_0;"Ta 152 C-3"
ta-152c_1;Ta 152 C
ta-152c_2;Ta 152

me-262a-1a_u4_shop;Me 262 A-1/U4
me-262a-1a_u4_0;"Me 262 A-1/U4 Pulkzerstörer"
me-262a-1a_u4_1;Me 262 A
me-262a-1a_u4_2;Me 262

me-262a-1a_shop;Me 262 A-1a
me-262a-1a_0;"Me 262 A-1a Schwalbe"
me-262a-1a_1;Me 262 A
me-262a-1a_2;Me 262

me-262c-1a_shop;Me 262 C-1a
me-262c-1a_0;"Me 262 C-1a Heimatschützer I"
me-262c-1a_1;Me 262 C
me-262c-1a_2;Me 262

me-262c-2b_shop;Me 262 C-2b
me-262c-2b_0;"Me 262 C-2b Heimatschützer II"
me-262c-2b_1;Me 262 C
me-262c-2b_2;Me 262

me-262a-1a_early_shop;Me 262 A-1a/R6
me-262a-1a_early_0;"Me 262 A-1a/R6"
me-262a-1a_early_1;Me 262 A
me-262a-1a_early_2;Me 262

me-262a1_u1_shop;Me 262 A-1a/U1
me-262a1_u1_0;"Me 262 A-1a/U1"
me-262a1_u1_1;Me 262 A
me-262a1_u1_2;Me 262

me-262a-2a_shop;Me 262 A-2a
me-262a-2a_0;"Me 262 A-2a Sturmvogel"
me-262a-2a_1;Me 262 A
me-262a-2a_2;Me 262

ju-188a-2_shop;Ju 188 A-2
ju-188a-2_0;"Ju 188 A-2"
ju-188a-2_1;Ju 188 A
ju-188a-2_2;Ju 188

he-177a-5_shop;He 177 A-5/R3
he-177a-5_0;"He 177 A-5/R3 Greif"
he-177a-5_1;He 177 A
he-177a-5_2;He 177

he-177a-3_shop;He 177 A-3/R3
he-177a-3_0;"He 177 A-3/R3 Greif"
he-177a-3_1;He 177 A
he-177a-3_2;He 177

he_219a_7_shop;He 219 A-7
he_219a_7_0;"He 219 A-7"
he_219a_7_1;He 219 A
he_219a_7_2;He 219

tempest_mkv_luftwaffe_shop;▀ Tempest Mk. V
tempest_mkv_luftwaffe_0;"▀ Tempest Mk. V"
tempest_mkv_luftwaffe_1;▀ Tempest Mk. V
tempest_mkv_luftwaffe_2;▀ Tempest

ju-288c_shop;Ju 288 C
ju-288c_0;"Ju 288 C"
ju-288c_1;Ju 288 C
ju-288c_2;Ju 288

ia_58a_pucara_shop;IA. 58A
ia_58a_pucara_0;"<color=#81c3fc>Fábrica Militar de Aviones</color>
Avión IA. 58A Pucará"
ia_58a_pucara_1;IA. 58A
ia_58a_pucara_2;IA. 58

ju-388j_shop;Ju 388 J
ju-388j_0;"Ju 388 J"
ju-388j_1;Ju 388 J
ju-388j_2;Ju 388

//GERMANY AIRCRAFT - VEHICLE/FAMILY START: RANK 5
me-163b_shop;Me 163 B-1
me-163b_0;"Me 163 B-1 Komet"
me-163b_1;Me 163 B
me-163b_2;Me 163

me-163b-0_shop;Me 163 B-0
me-163b-0_0;"Me 163 B-0 Komet"
me-163b-0_1;Me 163 B
me-163b-0_2;Me 163

he-162a-2_shop;He 162 A-2
he-162a-2_0;"He 162 A-2"
he-162a-2_1;He 162 A
he-162a-2_2;He 162

he-162a-1_shop;He 162 A-1
he-162a-1_0;"He 162 A-1"
he-162a-1_1;He 162 A
he-162a-1_2;He 162 A

mig-15bis_nr23_german_shop;◊ MiG-15bis
mig-15bis_nr23_german_0;"◊ MiG-15bis"
mig-15bis_nr23_german_1;◊ MiG-15bis
mig-15bis_nr23_german_2;◊ MiG-15

go229_v3_shop;Ho 229 V3
go229_v3_0;"Ho 229 V3"
go229_v3_1;Ho 229 V3
go229_v3_2;Ho 229

arado-234_shop;Ar 234 B-2
arado-234_0;"Ar 234 B-2"
arado-234_1;Ar 234 B
arado-234_2;Ar 234

arado-234c-3_shop;Ar 234 C-3
arado-234c-3_0;"Ar 234 C-3"
arado-234c-3_1;Ar 234 C
arado-234c-3_2;Ar 234

il_28_german_shop;◊ Il-28
il_28_german_0;"◊ Il-28"
il_28_german_1;◊ Il-28
il_28_german_2;◊ Il-28

sea_hawk_mk100_shop;◄ Sea Hawk Mk. 100
sea_hawk_mk100_0;"<color=#81c3fc>Hawker Aircraft</color>
◄ Sea Hawk Mk. 100"
sea_hawk_mk100_1;◄ Sea Hawk MK. 100
sea_hawk_mk100_2;◄ Sea Hawk

fiat_g91_r4_german_shop;◄ G.91 R/4
fiat_g91_r4_german_0;"◄ G.91 R/4"
fiat_g91_r4_german_1;◄ G.91 R
fiat_g91_r4_german_2;◄ G.91

//GERMANY AIRCRAFT - VEHICLE/FAMILY START: RANK 6
f-86_canadair_german_shop;◄ Sabre Mk. 5
f-86_canadair_german_0;"<color=#81c3fc>CL-13A</color>
◄ Sabre Mk. 5"
f-86_canadair_german_1;◄ Sabre Mk. 5
f-86_canadair_german_2;◄ Sabre

f-86_cl_13b_mk6_shop;◄ Sabre Mk. 6
f-86_cl_13b_mk6_0;"<color=#81c3fc>CL-13B</color>
◄ Sabre Mk. 6"
f-86_cl_13b_mk6_1;◄ Sabre Mk. 6
f-86_cl_13b_mk6_2;◄ Sabre

f-86k_late_german_shop;◄ F-86K
f-86k_late_german_0;"◄ F-86K Sabre"
f-86k_late_german_1;◄ F-86K
f-86k_late_german_2;◄ F-86

mig-17p_lim_5p_shop;◊ Lim-5P
mig-17p_lim_5p_0;"◊ Lim-5P"
mig-17p_lim_5p_1;◊ Lim-5P
mig-17p_lim_5p_2;◊ Lim-5

mig-19s_shop;◊ MiG-19S
mig-19s_0;"<color=#5cae63>izd. 26</color>
◊ MiG-19S"
mig-19s_1;◊ MiG-19S
mig-19s_2;◊ MiG-19

fiat_g91_r3_shop;◄ G.91 R/3
fiat_g91_r3_0;"◄ G.91 R/3"
fiat_g91_r3_1;◄ G.91 R
fiat_g91_r3_2;◄ G.91

alpha_jet_a_shop;◄ Alpha Jet A
alpha_jet_a_0;"<color=#81c3fc>Avions Marcel Dassault-Breguet Aviation <color=@commonTextColor>+</color> Dornier Flugzeugwerke</color>
◄ Alpha Jet A"
alpha_jet_a_1;◄ Alpha Jet A
alpha_jet_a_2;◄ Alpha Jet A

alpha_jet_a_jabog41_shop;◄ Alpha Jet A (JaboG 41)
alpha_jet_a_jabog41_0;"<color=#81c3fc>Avions Marcel Dassault-Breguet Aviation + Dornier Flugzeugwerke</color>
◄ Alpha Jet A
<color=@currencyGoldColor>Jagdbombergeschwader 41</color>"
alpha_jet_a_jabog41_1;◄ Alpha Jet A
alpha_jet_a_jabog41_2;◄ Alpha Jet

f-84f_germany_shop;◄ F-84F-81-RE
f-84f_germany_0;"◄ F-84F-81-RE Thunderstreak"
f-84f_germany_1;◄ F-84F
f-84f_germany_2;◄ F-84

hunter_f58a_1971_switzerland_shop;◌ Hunter Mk. 58A
hunter_f58a_1971_switzerland_0;"<color=#81c3fc>Hawker Siddeley Aviation</color>
◌ Hunter Mk. 58A"
hunter_f58a_1971_switzerland_1;◌ Hunter Mk. 58
hunter_f58a_1971_switzerland_2;◌ Hunter

hunter_f58_switzerland_shop;◌ Hunter Mk. 58A (80/2)
hunter_f58_switzerland_0;"<color=#81c3fc>Hawker Siddeley Aviation</color>
◌ Hunter Mk. 58A
<color=#adadad>(Hunter 80/2)</color>"
hunter_f58_switzerland_1;◌ Hunter Mk. 58
hunter_f58_switzerland_2;◌ Hunter

mig_23bn_shop;◊ MiG-23BN
mig_23bn_0;"<color=#81c3fc>Moskovskoye aviaczionnoye proizvodstvyennoye ob""yedinyeniye</color>
<color=#5cae63>Erzeugn. 32-24B</color>
◊ MiG-23BN"
mig_23bn_1;◊ MiG-23BN
mig_23bn_2;◊ MiG-23

mig_23mla_shop;◊ MiG-23ML
mig_23mla_0;"<color=#81c3fc>Moskovskoye aviaczionnoye proizvodstvyennoye ob""yedinyeniye</color>
<color=#5cae63>Erzeugn. 23-12A</color>
◊ MiG-23ML"
mig_23mla_1;◊ MiG-23ML
mig_23mla_2;◊ MiG-23

mig_23mf_germany_shop;◊ MiG-23MF
mig_23mf_germany_0;"<color=#81c3fc>Moskovskoye aviaczionnoye proizvodstvyennoye ob""yedinyeniye</color>
<color=#5cae63>Erzeugn. 23-11A</color>
◊ MiG-23MF"
mig_23mf_germany_1;◊ MiG-23MF
mig_23mf_germany_2;◊ MiG-23

mig-21_sps_k_shop;◄ MiG-21SPSK
mig-21_sps_k_0;"<color=#5cae63>izd. 94A</color>
◄ MiG-21SPSK"
mig-21_sps_k_1;◄ MiG-21SPSK
mig-21_sps_k_2;◄ MiG-21

ffa_p16_shop;P-16 Mk III
ffa_p16_0;"<color=#81c3fc>Flug- und Fahrzeugwerke Altenrhein</color>
P-16 Mk III"
ffa_p16_1;P-16 Mk III
ffa_p16_2;P-16

//GERMANY AIRCRAFT - VEHICLE/FAMILY START: RANK 7
f-104g_shop;◄ F-104G
f-104g_0;"◄ F-104G Starfighter"
f-104g_1;◄ F-104G
f-104g_2;◄ F-104

f-4f_late_shop;◄ F-4F-59-MC (PR)
f-4f_late_0;"<color=#81c3fc>McDonnell Douglas Corporation Model 98NQ</color>
◄ F-4F-59-MC
<color=#adadad>(Peace Rhine (Stage 2))</color>"
f-4f_late_1;◄ F-4F
f-4f_late_2;◄ F-4

f-4f_shop;◄ F-4F-59-MC
f-4f_0;"<color=#81c3fc>McDonnell Douglas Corporation Model 98NQ</color>
◄ F-4F-59-MC"
f-4f_1;◄ F-4F
f-4f_2;◄ F-4

f-4f_kws_lv_shop;◄ F-4F KWS-LV
f-4f_kws_lv_0;"<color=#81c3fc>McDonnell Douglas Corporation Model 98NQ</color>
◄ F-4F Kampfwertsteigerung Luftverteidigung"
f-4f_kws_lv_1;◄ F-4F
f-4f_kws_lv_2;◄ F-4

mig-21_mf_shop;◊ MiG-21MF
mig-21_mf_0;"<color=#5cae63>izd. 96F</color>
◊ MiG-21MF"
mig-21_mf_1;◊ MiG-21MF
mig-21_mf_2;◊ MiG-21

mig-21_bis_sau_shop;◊ MiG-21bis (SAU)
mig-21_bis_sau_0;"<color=#5cae63>izd. 75B</color>
◊ MiG-21bis
<color=#adadad>(SAU)</color>"
mig-21_bis_sau_1;◊ MiG-21bis
mig-21_bis_sau_2;◊ MiG-21

mig-21_bis_lazur_shop;◊ MiG-21bis (Lazur)
mig-21_bis_lazur_0;"<color=#5cae63>izd. 75A</color>
◊ MiG-21bis
<color=#adadad>(Lazur)</color>"
mig-21_bis_lazur_1;◊ MiG-21bis
mig-21_bis_lazur_2;◊ MiG-21

su_22um3k_shop;◊ Su-22UM3K
su_22um3k_0;"<color=#81c3fc>Komsomol'skij-na-Amurye aviaczionnyj zavod im. Û. A. Gagarina</color>
<color=#5cae63>Erzeugn. S-52UM3K</color>
◊ Su-22UM3K"
su_22um3k_1;◊ Su-22UM
su_22um3k_2;◊ Su-22

su_22m4_shop;◊ Su-22M4
su_22m4_0;"<color=#81c3fc>Komsomol'skij-na-Amurye aviaczionnyj zavod im. Û. A. Gagarina</color>
<color=#5cae63>Erzeugn. S-54K</color>
◊ Su-22M4"
su_22m4_1;◊ Su-22M
su_22m4_2;◊ Su-22

su_22m4_de_wtd61_shop;◄ Su-22M4 (WTD 61)
su_22m4_de_wtd61_0;"<color=#81c3fc>Komsomol'skij-na-Amurye aviaczionnyj zavod im. Û. A. Gagarina</color>
<color=#5cae63>Erzeugn. S-54K</color>
◄ Su-22M4 Fitter-K
<color=@currencyGoldColor>Wehrtechnische Dienststelle 61</color>"
su_22m4_de_wtd61_1;◄ Su-22M
su_22m4_de_wtd61_2;◄ Su-22

tornado_ids_de_wtd61_shop;◄ IDS-Tornado (WTD 61)
tornado_ids_de_wtd61_0;"<color=#81c3fc>Panavia Aircraft PA-200</color>
◄ IDS-Tornado
<color=#adadad>(Batch 2)</color>
<color=@currencyGoldColor>Wehrtechnische Dienststelle 61</color>"
tornado_ids_de_wtd61_1;◄ IDS-Tornado
tornado_ids_de_wtd61_2;◄ IDS-Tornado

tornado_ids_de_assta1_shop;◄ IDS-Tornado (ASSTA 3)
tornado_ids_de_assta1_0;"<color=#81c3fc>Panavia Aircraft PA-200</color>
◄ IDS-Tornado
<color=#adadad>(Avionics System Software Tornado in ADA 3)</color>"
tornado_ids_de_assta1_1;◄ IDS-Tornado
tornado_ids_de_assta1_2;◄ IDS-Tornado

tornado_ids_de_mfg_shop;◄ IDS-Tornado (MFG)
tornado_ids_de_mfg_0;"<color=#81c3fc>Panavia Aircraft PA-200</color>
◄ IDS-Tornado
<color=#adadad>(Batch 2)</color>
<color=@currencyGoldColor>Marinefliegerkommando</color>"
tornado_ids_de_mfg_1;◄ IDS-Tornado
tornado_ids_de_mfg_2;◄ IDS-Tornado

tornado_ids_de_assta3_sle_shop;◄ IDS-Tornado (SLE)
tornado_ids_de_assta3_sle_0;"<color=#81c3fc>Panavia Aircraft PA-200</color>
◄ IDS-Tornado
<color=#adadad>(Service Life Enhancement Program)</color>"
tornado_ids_de_assta3_sle_1;◄ IDS-Tornado
tornado_ids_de_assta3_sle_2;◄ IDS-Tornado

mirage_3s_c70_switzerland_shop;◌ Mirage III S C.70
mirage_3s_c70_switzerland_0;"<color=#81c3fc>Avions Marcel Dassault <color=@commonTextColor>/</color> Eidgenössisches Flugzeugwerk</color>
◌ Mirage III S C.70 ""MIRO"""
mirage_3s_c70_switzerland_1;◌ Mirage III S
mirage_3s_c70_switzerland_2;◌ Mirage III

f-5e_switzerland_shop;◌ F5 E (1999)
f-5e_switzerland_0;"<color=#81c3fc>Northrop Corporation F-5-21</color>
◌ F5 E Tiger II
<color=#adadad>(1999)</color>"
f-5e_switzerland_1;◌ F5 E (1999)
f-5e_switzerland_2;◌ F5

//GERMANY AIRCRAFT - VEHICLE/FAMILY START: RANK 8
mig_29_9_12_germany_shop;◊ MiG-29 (9-12A)
mig_29_9_12_germany_0;"<color=#5cae63>izd. 9-12A</color>
◊ MiG-29"
mig_29_9_12_germany_1;◊ MiG-29
mig_29_9_12_germany_2;◊ MiG-29

mig_29_9_12g_shop;◄ MiG-29G
mig_29_9_12g_0;"◄ MiG-29G Fulcrum"
mig_29_9_12g_1;◄ MiG-29G
mig_29_9_12g_2;◄ MiG-29

fa_18c_late_switzerland_shop;◌ F/A18 C (RP 17)
fa_18c_late_switzerland_0;"<color=#81c3fc>McDonnell Douglas Corporation Model 267 <color=@commonTextColor>/</color> Schweizer Flugzeuge
und System <color=@commonTextColor>/</color> Boeing Defense, Space & Security</color>
◌ F/A18 C Hornet
<color=#adadad>(Rüstungsprogramm 2017)</color>"
fa_18c_late_switzerland_1;◌ F/A18 C
fa_18c_late_switzerland_2;◌ F/A18

fa_18c_switzerland_shop;◌ F/A18 C (RP 08)
fa_18c_switzerland_0;"<color=#81c3fc>McDonnell Douglas Corporation Model 267 <color=@commonTextColor>/</color> Schweizer Flugzeuge
und System</color>
◌ F/A18 C Hornet
<color=#adadad>(Rüstungsprogramm 2008)</color>"
fa_18c_switzerland_1;◌ F/A18 C
fa_18c_switzerland_2;◌ F/A18

f_16a_block_15_adf_germany_killstreak_shop;☢◄ F-16A-15ADF-CF
f_16a_block_15_adf_germany_killstreak_0;"<color=#81c3fc>General Dynamics Corporation</color>
☢◄ F-16A-15ADF-CF Fighting Falcon"
f_16a_block_15_adf_germany_killstreak_1;☢◄ F-16A
f_16a_block_15_adf_germany_killstreak_2;☢◄ F-16

//GERMANY AIRCRAFT - VEHICLE/FAMILY START: RANK 8
ef_2000_block_10_shop;◄ Eurofighter (P3Ea)
ef_2000_block_10_0;"<color=#81c3fc>Eurofighter Jagdflugzeug EF2000 Typhoon (Tranche 2 Block 10)</color>
◄ Eurofighter
<color=#adadad>(Phase 3 Enhancement A)</color>"
ef_2000_block_10_1;◄ Eurofighter
ef_2000_block_10_2;◄ Eurofighter

ef_2000_aesa_shop;◄ Eurofighter (P3Ec1)
ef_2000_aesa_0;"<color=#81c3fc>Eurofighter Jagdflugzeug EF2000 Typhoon (Tranche 2 Block 10)</color>
◄ Eurofighter
<color=#adadad>(Phase 3 Enhancement C Step 1)</color>"
ef_2000_aesa_1;◄ Eurofighter
ef_2000_aesa_2;◄ Eurofighter

//GERMANY HELICOPTERS - VEHICLE/FAMILY START: RANK 5
sa_313b_shop;◄ SE 313 B
sa_313b_0;"◄ SE 313 B Alouette II"
sa_313b_1;◄ SE 313 B
sa_313b_2;◄ SE 313

uh_1d_shop;◄ UH-1D
uh_1d_0;"◄ UH-1D"
uh_1d_1;◄ UH-1D
uh_1d_2;◄ UH-1

mi_8tb_shop;◊ Mi-8TBK
mi_8tb_0;"◊ Mi-8TBK"
mi_8tb_1;◊ Mi-8TBK
mi_8tb_2;◊ Mi-8

bo_105cb2_shop;BO 105 CB-2 (HeliTOW)
bo_105cb2_0;"<color=#7ce68f>BO 105 CB-2</color>
försökspansarvärnshelikopter med pansarvärnrobotsystemet HeliTOW"
bo_105cb2_1;BO 105 CB
bo_105cb2_2;BO 105

//GERMANY HELICOPTERS - VEHICLE/FAMILY START: RANK 6
bo_105pah1_shop;PAH 1
bo_105pah1_0;"Panzerabwehrhubschrauber 1"
bo_105pah1_1;PAH 1
bo_105pah1_2;PAH 1

bo_105pah1_a1_shop;PAH 1 A1
bo_105pah1_a1_0;"Panzerabwehrhubschrauber 1 A1"
bo_105pah1_a1_1;PAH 1 A1
bo_105pah1_a1_2;PAH 1

mi_24d_german_shop;◊ Mi-24D
mi_24d_german_0;"<color=#81c3fc>Aviaryemontnyj zavod № 116</color>
<color=#5cae63>Erzeugn. 246</color>
◊ Hubschrauber Mi-24D"
mi_24d_german_1;◊ Mi-24D
mi_24d_german_2;◊ Mi-24

mi_24p_german_shop;◊ Mi-24P
mi_24p_german_0;"◊ Mi-24P"
mi_24p_german_1;◊ Mi-24P
mi_24p_german_2;◊ Mi-24

mi_24p_german_hfs80_shop;◄ Mi-24P (HFS 80)
mi_24p_german_hfs80_0;"◄ Mi-24P
<color=@currencyGoldColor>Heeresfliegerstaffel 80</color>"
mi_24p_german_hfs80_1;◄ Mi-24P
mi_24p_german_hfs80_2;◄ Mi-24P

//GERMANY HELICOPTERS - VEHICLE/FAMILY START: RANK 7
tiger_uht_shop;◄ KH Tiger
tiger_uht_0;"<color=#81c3fc>Eurocopter EC-665</color>
◄ Kampfhubschrauber Tiger"
tiger_uht_1;◄ KH Tiger
tiger_uht_2;◄ Tiger

tiger_had_spain_shop;HA.28 HAD/E (Bloque 1)
tiger_had_spain_0;"<color=#81c3fc>Eurocopter EC-665</color>
HA.28 Tigre, Helicóptero de Ataque y Destrucción
<color=#adadad>(Bloque 1)</color>"
tiger_had_spain_1;HA.28 HAD
tiger_had_spain_2;HA.28

//GERMANY GROUND VEHICLES - VEHICLE/FAMILY START: RANK 1
germ_garford_putilov_shop;◄ Pzw. Garford (Beute)
germ_garford_putilov_0;"<color=#81c3fc>Garford Motor Truck Company <color=@commonTextColor>/</color> Putilovskij zavod</color>
◄ Panzerwagen Garford (Beute)"
germ_garford_putilov_1;◄ Pzw. Garford (Beute)
germ_garford_putilov_2;Armored Car

germ_pzkpfw_35t_shop;Pz.Kpfw. 35 (t)
germ_pzkpfw_35t_0;"Panzerkampfwagen 35 (t)"
germ_pzkpfw_35t_1;Pz.Kpfw. 35
germ_pzkpfw_35t_2;Light Tank

germ_pzkpfw_35t_romania_mare_shop;R-2
germ_pzkpfw_35t_romania_mare_0;"Tanc ușor R-2"
germ_pzkpfw_35t_romania_mare_1;R-2
germ_pzkpfw_35t_romania_mare_2;Light Tank

germ_pzkpfw_38t_ausf_A_shop;Pz.Kpfw. 38 (t) A
germ_pzkpfw_38t_ausf_A_0;"Panzerkampfwagen 38 (t) Ausf. A"
germ_pzkpfw_38t_ausf_A_1;Pz.Kpfw. 38
germ_pzkpfw_38t_ausf_A_2;Light Tank

germ_pzkpfw_38t_ausf_F_shop;Pz.Kpfw. 38 (t) F
germ_pzkpfw_38t_ausf_F_0;"Panzerkampfwagen 38 (t) Ausf. F"
germ_pzkpfw_38t_ausf_F_1;Pz.Kpfw. 38
germ_pzkpfw_38t_ausf_F_2;Light Tank

germ_pzkpfw_38t_na_shop;Pz.Kpfw. 38 (t) n.A.
germ_pzkpfw_38t_na_0;"Panzerkampfwagen 38 (t) neuer Art"
germ_pzkpfw_38t_na_1;Pz.Kpfw. 38 (t)
germ_pzkpfw_38t_na_2;Light Tank

germ_beutepanzer_mk_iv_shop;s.Kpfw. (Beute)
germ_beutepanzer_mk_iv_0;"<color=#81c3fc>William Foster & Co.</color>
schwerer Kampfwagen (Beute)"
germ_beutepanzer_mk_iv_1;s.Kpfw. (Beute)
germ_beutepanzer_mk_iv_2;Medium Tank

germ_a7v_shop;s.Kpfw. A7V
germ_a7v_0;"<color=#81c3fc>Daimler Motoren Gesellschaft</color>
schwerer Kampfwagen A7V"
germ_a7v_1;s.Kpfw. A7V
germ_a7v_2;SPG

germ_pzkpfw_III_ausf_E_shop;Pz.Kpfw. III E
germ_pzkpfw_III_ausf_E_0;"Panzerkampfwagen III Ausf. E"
germ_pzkpfw_III_ausf_E_1;Pz.Kpfw. III E
germ_pzkpfw_III_ausf_E_2;Medium Tank

germ_pzkpfw_III_ausf_B_shop;Pz.Kpfw. III B
germ_pzkpfw_III_ausf_B_0;"Panzerkampfwagen III Ausf. B"
germ_pzkpfw_III_ausf_B_1;Pz.Kpfw. III B
germ_pzkpfw_III_ausf_B_2;Medium Tank

germ_pzkpfw_III_ausf_F_shop;Pz.Kpfw. III F
germ_pzkpfw_III_ausf_F_0;"Panzerkampfwagen III Ausf. F"
germ_pzkpfw_III_ausf_F_1;Pz.Kpfw. III F
germ_pzkpfw_III_ausf_F_2;Medium Tank

germ_pzkpfw_III_ausf_J_L42_shop;Pz.Kpfw. III J
germ_pzkpfw_III_ausf_J_L42_0;"Panzerkampfwagen III Ausf. J"
germ_pzkpfw_III_ausf_J_L42_1;Pz.Kpfw. III J
germ_pzkpfw_III_ausf_J_L42_2;Medium Tank

germ_pzkpfw_III_ausf_J_shop;Pz.Kpfw. III J1
germ_pzkpfw_III_ausf_J_0;"Panzerkampfwagen III Ausf. J1"
germ_pzkpfw_III_ausf_J_1;Pz.Kpfw. III J1
germ_pzkpfw_III_ausf_J_2;Medium Tank

germ_pzkpfw_III_ausf_L_tutorial_shop;Pz.Kpfw. III L
germ_pzkpfw_III_ausf_L_tutorial_0;"Panzerkampfwagen III Ausf. L"
germ_pzkpfw_III_ausf_L_tutorial_1;Pz.Kpfw. III L
germ_pzkpfw_III_ausf_L_tutorial_2;Medium Tank

germ_pzkpfw_III_ausf_L_shop;Pz.Kpfw. III L
germ_pzkpfw_III_ausf_L_0;"Panzerkampfwagen III Ausf. L"
germ_pzkpfw_III_ausf_L_1;Pz.Kpfw. III L
germ_pzkpfw_III_ausf_L_2;Medium Tank

germ_pzkpfw_III_ausf_M_shop;Pz.Kpfw. III M
germ_pzkpfw_III_ausf_M_0;"Panzerkampfwagen III Ausf. M"
germ_pzkpfw_III_ausf_M_1;Pz.Kpfw. III M
germ_pzkpfw_III_ausf_M_2;Medium Tank

germ_pzkpfw_III_ausf_N_shop;Pz.Kpfw. III N
germ_pzkpfw_III_ausf_N_0;"Panzerkampfwagen III Ausf. N"
germ_pzkpfw_III_ausf_N_1;Pz.Kpfw. III N
germ_pzkpfw_III_ausf_N_2;Medium Tank

germ_pzkpfw_III_ausf_E_race_shop;Pz.Kpfw. III E
germ_pzkpfw_III_ausf_E_race_0;"Panzerkampfwagen III Ausf. E"
germ_pzkpfw_III_ausf_E_race_1;Pz.Kpfw. III E
germ_pzkpfw_III_ausf_E_race_2;Medium Tank

germ_pzkpfw_III_ausf_J_td_shop;⋦ Pz.Kpfw. III J1
germ_pzkpfw_III_ausf_J_td_0;"⋦ Panzerkampfwagen III Ausf. J1"
germ_pzkpfw_III_ausf_J_td_1;⋦ Pz.Kpfw. III J
germ_pzkpfw_III_ausf_J_td_2;Light Tank

germ_pzkpfw_IV_ausf_C_shop;Pz.Kpfw. IV C
germ_pzkpfw_IV_ausf_C_0;"Panzerkampfwagen IV Ausf. C"
germ_pzkpfw_IV_ausf_C_1;Pz.Kpfw. IV C
germ_pzkpfw_IV_ausf_C_2;Medium Tank

germ_pzkpfw_IV_ausf_E_shop;Pz.Kpfw. IV E
germ_pzkpfw_IV_ausf_E_0;"Panzerkampfwagen IV Ausf. E"
germ_pzkpfw_IV_ausf_E_1;Pz.Kpfw. IV E
germ_pzkpfw_IV_ausf_E_2;Medium Tank

germ_pzkpfw_IV_ausf_F_shop;Pz.Kpfw. IV F1
germ_pzkpfw_IV_ausf_F_0;"Panzerkampfwagen IV Ausf. F1"
germ_pzkpfw_IV_ausf_F_1;Pz.Kpfw. IV F1
germ_pzkpfw_IV_ausf_F_2;Medium Tank

germ_pzkpfw_IV_ausf_F2_shop;Pz.Kpfw. IV F2
germ_pzkpfw_IV_ausf_F2_0;"Panzerkampfwagen IV Ausf. F2"
germ_pzkpfw_IV_ausf_F2_1;Pz.Kpfw. IV F2
germ_pzkpfw_IV_ausf_F2_2;Medium Tank

germ_pzkpfw_IV_ausf_G_shop;Pz.Kpfw. IV G
germ_pzkpfw_IV_ausf_G_0;"Panzerkampfwagen IV Ausf. G"
germ_pzkpfw_IV_ausf_G_1;Pz.Kpfw. IV G
germ_pzkpfw_IV_ausf_G_2;Medium Tank

germ_pzkpfw_IV_ausf_H_shop;Pz.Kpfw. IV H
germ_pzkpfw_IV_ausf_H_0;"Panzerkampfwagen IV Ausf. H"
germ_pzkpfw_IV_ausf_H_1;Pz.Kpfw. IV H
germ_pzkpfw_IV_ausf_H_2;Medium Tank

germ_pzkpfw_IV_ausf_J_shop;Pz.Kpfw. IV J
germ_pzkpfw_IV_ausf_J_0;"Panzerkampfwagen IV Ausf. J"
germ_pzkpfw_IV_ausf_J_1;Pz.Kpfw. IV J
germ_pzkpfw_IV_ausf_J_2;Medium Tank

germ_nbfz_VI_shop;Nb.-Pz.Kpfw. IV
germ_nbfz_VI_0;"Neubau-Panzerkampfwagen IV
<color=#adadad>(3,7cm & 7,5cm)</color>"
germ_nbfz_VI_1;Nb.-Pz.Kpfw. IV
germ_nbfz_VI_2;Medium Tank

germ_pzkpfw_II_ausf_C_shop;Pz.Kpfw. II C
germ_pzkpfw_II_ausf_C_0;"Panzerkampfwagen II Ausf. C"
germ_pzkpfw_II_ausf_C_1;Pz.Kpfw. II C
germ_pzkpfw_II_ausf_C_2;Light Tank

germ_pzkpfw_II_ausf_F_shop;Pz.Kpfw. II F
germ_pzkpfw_II_ausf_F_0;"Panzerkampfwagen II Ausf. F"
germ_pzkpfw_II_ausf_F_1;Pz.Kpfw. II F
germ_pzkpfw_II_ausf_F_2;Light Tank

germ_pzkpfw_II_ausf_C_td_shop;⋦ Pz.Kpfw. II C
germ_pzkpfw_II_ausf_C_td_0;"⋦ Panzerkampfwagen II Ausf. C"
germ_pzkpfw_II_ausf_C_td_1;⋦ Pz.Kpfw. II C
germ_pzkpfw_II_ausf_C_td_2;Light Tank

germ_pzkpfw_II_ausf_C_DAK_shop;Pz.Kpfw. II C (DAK)
germ_pzkpfw_II_ausf_C_DAK_0;"Panzerkampfwagen II Ausf. C
<color=#adadad>(DAK)</color>"
germ_pzkpfw_II_ausf_C_DAK_1;Pz.Kpfw. II C (DAK)
germ_pzkpfw_II_ausf_C_DAK_2;Light Tank

germ_flakpanzer_I_ausf_A_shop;Pz.Kpfw. I A (2cm Fla.K. 38)
germ_flakpanzer_I_ausf_A_0;"gepanzerter Munitionsschlepper auf Fahrgestell Pz.Kpfw. I Ausf. A mit
2cm Fla.K. 38 (Sf.)"
germ_flakpanzer_I_ausf_A_1;Pz.Kpfw. I (2cm Fla.K. 38)
germ_flakpanzer_I_ausf_A_2;SPAA

germ_flakpanzer_38t_Gepard_shop;Flak.Pz. 38
germ_flakpanzer_38t_Gepard_0;"Flakpanzer 38 auf Selbstfahrlafette 38 Ausf. L"
germ_flakpanzer_38t_Gepard_1;Flak.Pz. 38
germ_flakpanzer_38t_Gepard_2;SPAA

germ_sdkfz_222_shop;le.Pz.Spw. (2cm) B
germ_sdkfz_222_0;"<color=#5cae63>Sd.Kfz. 222</color>
leichter Panzerspähwagen (2cm) Ausf. B
<color=#adadad>(5. Serie) (May 1942)</color>"
germ_sdkfz_222_1;le.Pz.Spw. (2cm)
germ_sdkfz_222_2;SPAA

germ_sdkfz_6_2_flak36_shop;Zgkw. 5t (3,7cm)
germ_sdkfz_6_2_flak36_0;"3,7cm Fla.K. 36 auf Fahrgestell Zugkraftwagen 5t"
germ_sdkfz_6_2_flak36_1;Zgkw. 5t (3,7cm)
germ_sdkfz_6_2_flak36_2;SPAA

germ_sturmpanzer_II_shop;15cm s.I.G. 33 (Sfl) Pz.Kpfw. II B
germ_sturmpanzer_II_0;"15cm s.I.G. 33 (Sfl.) auf Fahrgestell Panzerkampfwagen II Ausf. B"
germ_sturmpanzer_II_1;15cm (Sfl.) Pz.Kpfw. II B
germ_sturmpanzer_II_2;SPG

germ_sdkfz_221_s_pz_b_41_shop;le.Pz.Spw. (s.Pz.B. 41)
germ_sdkfz_221_s_pz_b_41_0;"<color=#5cae63>Sd.Kfz. 221</color>
leichter Panzerspähwagen
<color=#adadad>(s.Pz.B. 41) (2. Serie)</color>"
germ_sdkfz_221_s_pz_b_41_1;le.Pz.Spw. (s.Pz.B. 41)
germ_sdkfz_221_s_pz_b_41_2;SPG

germ_panzerjager_1_shop;Pz.Jgr. I
germ_panzerjager_1_0;"<color=#7ce68f>4,7cm Pa.K. 36(t) (Sfl.) auf Fahrgestell Panzerkampfwagen I (II Serie)</color>
Panzerjäger I"
germ_panzerjager_1_1;Pz.Jgr. I
germ_panzerjager_1_2;SPG

germ_sdkfz_251_9_shop;m.S.P.W. D (7,5cm K.)
germ_sdkfz_251_9_0;"<color=#5cae63>Sd.Kfz. 251/9</color>
mittlerer Schützenpanzerwagen Ausf. D
<color=#adadad>(7,5cm K.)</color>"
germ_sdkfz_251_9_1;m.S.P.W. (7,5cm K.)
germ_sdkfz_251_9_2;SPG

germ_sdkfz_251_21_shop;m.S.P.W. D (1,5cm Drilling)
germ_sdkfz_251_21_0;"<color=#5cae63>Sd.Kfz. 251/21</color>
mittlerer Schützenpanzerwagen Ausf. D
<color=#adadad>(1,5cm Drilling)</color>"
germ_sdkfz_251_21_1;m.S.P.W. (1,5cm Drilling)
germ_sdkfz_251_21_2;SPAA

germ_sdkfz_251_10_shop;m.S.P.W. D (3,7cm Pa.K.)
germ_sdkfz_251_10_0;"<color=#5cae63>Sd.Kfz. 251/10</color>
mittlerer Schützenpanzerwagen Ausf. D
<color=#adadad>(3,7cm Pa.K.)</color>"
germ_sdkfz_251_10_1;m.S.P.W. (3,7cm Pa.K.)
germ_sdkfz_251_10_2;SPG

germ_sdkfz_251_22_shop;m.S.P.W. D (7,5cm Pa.K.)
germ_sdkfz_251_22_0;"<color=#5cae63>Sd.Kfz. 251/22</color>
mittlerer Schützenpanzerwagen Ausf. D
<color=#adadad>(7,5cm Pa.K.)</color>"
germ_sdkfz_251_22_1;m.S.P.W. (7,5cm Pa.K.)
germ_sdkfz_251_22_2;SPG

germ_pzkpfw_38t_Marder_III_shop;Marder III
germ_pzkpfw_38t_Marder_III_0;"<color=#7ce68f>Panzerjäger 38 (t) für 7,62cm Pa.K. 36 (r)</color>
Marder III
<color=#adadad>(2. Serie mit 1. Serie geschütz)</color>"
germ_pzkpfw_38t_Marder_III_1;Marder III
germ_pzkpfw_38t_Marder_III_2;SPG

germ_pzkpfw_38t_Marder_III_ausf_H_shop;Marder III H
germ_pzkpfw_38t_Marder_III_ausf_H_0;"<color=#7ce68f>Panzerjäger 38 (t) für 7,5cm Pa.K. 40/3 Ausf. H</color>
Marder III H"
germ_pzkpfw_38t_Marder_III_ausf_H_1;Marder III H
germ_pzkpfw_38t_Marder_III_ausf_H_2;SPG

germ_stug_III_ausf_A_shop;StuG III A
germ_stug_III_ausf_A_0;"Sturmgeschütz III Ausf. A"
germ_stug_III_ausf_A_1;StuG III A
germ_stug_III_ausf_A_2;SPG

germ_stug_III_ausf_F_shop;StuG III F
germ_stug_III_ausf_F_0;"Sturmgeschütz III Ausf. F"
germ_stug_III_ausf_F_1;StuG III F
germ_stug_III_ausf_F_2;SPG

germ_stug_III_ausf_G_shop;StuG III G
germ_stug_III_ausf_G_0;"Sturmgeschütz III Ausf. G"
germ_stug_III_ausf_G_1;StuG III G
germ_stug_III_ausf_G_2;SPG

germ_pzkpfw_38t_Aufklarungspanzer_shop;Aufkl.Pz.Kpfw. 38 (2cm)
germ_pzkpfw_38t_Aufklarungspanzer_0;"<color=#5cae63>Sd.Kfz. 140/1</color>
Aufklärungspanzer 38
<color=#adadad>(2cm)</color>"
germ_pzkpfw_38t_Aufklarungspanzer_1;Aufkl.Pz.Kpfw. 38
germ_pzkpfw_38t_Aufklarungspanzer_2;Light Tank

germ_sdkfz_234_2_shop;s.Pz.Spw. (Kw.K. 39/1)
germ_sdkfz_234_2_0;"<color=#81c3fc>Büssing-NAG</color>
<color=#5cae63>Sd.Kfz. 234/2</color>
schwerer Panzerspähwagen mit 5cm Kw.K. 39/1 L/60"
germ_sdkfz_234_2_1;s.Pz.Spw. (Kw.K. 39/1)
germ_sdkfz_234_2_2;Light Tank

germ_sdkfz_234_1_shop;s.Pz.Spw. (2cm)
germ_sdkfz_234_1_0;"<color=#5cae63>Sd.Kfz. 234/1</color>
schwerer Panzerspähwagen
<color=#adadad>(2cm)</color>"
germ_sdkfz_234_1_1;s.Pz.Spw. (2cm)
germ_sdkfz_234_1_2;Armored Car

germ_sdkfz_234_3_shop;s.Pz.Spw. (7,5cm K.)
germ_sdkfz_234_3_0;"<color=#5cae63>Sd.Kfz. 234/3</color>
schwerer Panzerspähwagen
<color=#adadad>(7,5cm K.)</color>"
germ_sdkfz_234_3_1;s.Pz.Spw. (7,5cm K.)
germ_sdkfz_234_3_2;Armored Car

germ_sdkfz_234_2_mod_shop;s.Pz.Spw. (Kw.K. 39/1) (Pz.A.A. 20)
germ_sdkfz_234_2_mod_0;"<color=#81c3fc>Büssing-NAG</color>
<color=#5cae63>Sd.Kfz. 234/2</color>
schwerer Panzerspähwagen mit 5cm Kw.K. 39/1 L/60
<color=@currencyGoldColor>20. Panzer-Division, 20. Panzer-Aufklärungs-Abteilung</color>"
germ_sdkfz_234_2_mod_1;s.Pz.Spw. (Kw.K. 39/1)
germ_sdkfz_234_2_mod_2;Light Tank

germ_sdkfz_234_2_td_shop;⋦ s.Pz.Spw. (5cm)
germ_sdkfz_234_2_td_0;"<color=#5cae63>Sd.Kfz. 234/2</color>
⋦ schwerer Panzerspähwagen (5cm)"
germ_sdkfz_234_2_td_1;⋦ s.Pz.Spw. (5cm)
germ_sdkfz_234_2_td_2;Armored Car

germ_sdkfz_234_4_shop;s.Pz.Spw. (7,5cm Pa.K.)
germ_sdkfz_234_4_0;"<color=#5cae63>Sd.Kfz. 234/4</color>
schwerer Panzerspähwagen
<color=#adadad>(7,5cm Pa.K.)</color>"
germ_sdkfz_234_4_1;s.Pz.Spw. (7,5cm Pa.K.)
germ_sdkfz_234_4_2;Armored Car

germ_amd_35_kwk_shop;le.Pz.Spw. 204 (f) (5cm)
germ_amd_35_kwk_0;"leichter Panzerspähwagen 204 (f) m. 5cm K.w.K. 38 L/42"
germ_amd_35_kwk_1;le.Pz.Spw. 204 (f) (5cm)
germ_amd_35_kwk_2;Light Tank

germ_amd_35_kwk39_shop;le.Pz.Spw. 204 (f) (Kw.K. 39/1)
germ_amd_35_kwk39_0;"<color=#81c3fc>Panhard</color>
leichter Panzerspähwagen 204 (f) m. 5cm Kw.K. 39/1 L/60"
germ_amd_35_kwk39_1;le.Pz.Spw. 204 (f)
germ_amd_35_kwk39_2;Light Tank

//GERMANY GROUND VEHICLES - VEHICLE/FAMILY START: RANK 2
germ_pzsfl_IVa_dickermax_shop;Pz.Sfl. IVa
germ_pzsfl_IVa_dickermax_0;"10,5cm K. 18 auf Panzerselbstfahrlafette IVa"
germ_pzsfl_IVa_dickermax_1;Pz.Sfl. IV
germ_pzsfl_IVa_dickermax_2;SPG

germ_stuh_III_ausf_G_shop;StuH 42 G
germ_stuh_III_ausf_G_0;"Sturmhaubitze 42 Ausf. G"
germ_stuh_III_ausf_G_1;StuH 42 G
germ_stuh_III_ausf_G_2;SPG

germ_hummel_shop;s.Pz.H. 18/1 a. Fgst.Pz.Kpfw. III/IV (Sf.)
germ_hummel_0;"<color=#81c3fc>Deutsche Eisenwerke</color>
<color=#5cae63>Sd.Kfz. 165</color>
schwere Panzerhaubitze 18/1 auf Fahrgestell Panzerkampfwagen III/IV
(Selbtstfahrlafette) ""Hummel"""
germ_hummel_1;s.Pz.H. 18/1 a. Fgst.Pz.Kpfw. III/IV (Sf.)
germ_hummel_2;SPG

germ_panzerwerfer_42_shop;15 cm Pz.W.42
germ_panzerwerfer_42_0;"15 cm Pz.W.42 (15 cm Nb.W.41) auf Sf."
germ_panzerwerfer_42_1;15 cm Pz.W.42
germ_panzerwerfer_42_2;MLRS

germ_pzkpfw_II_ausf_H_shop;Pz.Sfl. Ic
germ_pzkpfw_II_ausf_H_0;"5cm Pa.K. 38 auf Pz.Kpfw. II Sonderfahrgestell 901
Panzerselbstfahrlafette Ic"
germ_pzkpfw_II_ausf_H_1;Pz.Sfl. Ic
germ_pzkpfw_II_ausf_H_2;Light Tank

//GERMANY GROUND VEHICLES - VEHICLE/FAMILY START: RANK 3
germ_panzerjager_nashorn_shop;Nashorn
germ_panzerjager_nashorn_0;"<color=#919191>Hornisse</color>
<color=#7ce68f>8,8cm Pa.K. 43/1 L/71 auf Geschützwagen III/IV (Sfl.)</color>
Nashorn"
germ_panzerjager_nashorn_1;Nashorn
germ_panzerjager_nashorn_2;SPG

germ_pzkpfw_VI_ausf_e_tiger_shop;Tiger E (spät)
germ_pzkpfw_VI_ausf_e_tiger_0;"Panzerkampfwagen Tiger Ausf. E
<color=#adadad>(spät)</color>"
germ_pzkpfw_VI_ausf_e_tiger_1;Tiger E
germ_pzkpfw_VI_ausf_e_tiger_2;Heavy Tank

germ_pzkpfw_VI_ausf_h1_tiger_shop;Tiger E (früh)
germ_pzkpfw_VI_ausf_h1_tiger_0;"Panzerkampfwagen Tiger Ausf. E
<color=#adadad>(früh)</color>"
germ_pzkpfw_VI_ausf_h1_tiger_1;Tiger E
germ_pzkpfw_VI_ausf_h1_tiger_2;Heavy Tank

germ_pzkpfw_VI_ausf_h1_tiger_tutorial_shop;Tiger E (früh)
germ_pzkpfw_VI_ausf_h1_tiger_tutorial_0;"Panzerkampfwagen Tiger Ausf. E
<color=#adadad>(früh)</color>"
germ_pzkpfw_VI_ausf_h1_tiger_tutorial_1;Tiger E
germ_pzkpfw_VI_ausf_h1_tiger_tutorial_2;Heavy Tank

germ_pzkpfw_VI_ausf_h1_tiger_east_shop;"Tiger E (früh) ""Ostfront"""
germ_pzkpfw_VI_ausf_h1_tiger_east_0;"Panzerkampfwagen Tiger Ausf. E
<color=#adadad>(früh)</color>
<color=@currencyGoldColor>""Ostfront""</color>"
germ_pzkpfw_VI_ausf_h1_tiger_east_1;Tiger E
germ_pzkpfw_VI_ausf_h1_tiger_east_2;Heavy Tank

germ_pzkpfw_VI_ausf_h1_tiger_west_shop;"Tiger E (früh) ""Westfront"""
germ_pzkpfw_VI_ausf_h1_tiger_west_0;"Panzerkampfwagen Tiger Ausf. E
<color=#adadad>(früh)</color>
<color=@currencyGoldColor>""Westfront""</color>"
germ_pzkpfw_VI_ausf_h1_tiger_west_1;Tiger E
germ_pzkpfw_VI_ausf_h1_tiger_west_2;Heavy Tank

germ_pzkpfw_VI_ausf_h1_tiger_animal_version_shop;␠ Tiger E (früh)
germ_pzkpfw_VI_ausf_h1_tiger_animal_version_0;"␠ Panzerkampfwagen Tiger Ausf. E
<color=#adadad>(früh)</color>"
germ_pzkpfw_VI_ausf_h1_tiger_animal_version_1;␠ Tiger E
germ_pzkpfw_VI_ausf_h1_tiger_animal_version_2;Heavy Tank

germ_vk_3002m_shop;V.K. 30.02 (M) (Vs.-Fgst.Nr. 2)
germ_vk_3002m_0;"<color=#81c3fc>Maschinenfabrik Augsburg-Nürnberg, Werk Nürnberg</color>
V.K. 30.02 (M)
<color=@currencyGoldColor>Versuchs-Fahrgestellnummer 2</color>"
germ_vk_3002m_1;V.K. 30.02 (M)
germ_vk_3002m_2;Medium Tank

germ_flakpanzer_IV_Ostwind_shop;Ostwind
germ_flakpanzer_IV_Ostwind_0;"<color=#7ce68f>Flakpanzerkampfwagen IV</color>
<color=#adadad>(3,7cm Fla.K. 43)</color>
Ostwind"
germ_flakpanzer_IV_Ostwind_1;Ostwind
germ_flakpanzer_IV_Ostwind_2;SPAA

germ_flakpanzer_IV_Wirbelwind_shop;Wirbelwind
germ_flakpanzer_IV_Wirbelwind_0;"<color=#7ce68f>Flakpanzerkampfwagen IV</color>
<color=#adadad>(2cm Fla.K. 38-Vierling)</color>
Wirbelwind"
germ_flakpanzer_IV_Wirbelwind_1;Wirbelwind
germ_flakpanzer_IV_Wirbelwind_2;SPAA

germ_flakpanzer_IV_Ostwind_2_shop;Ostwind II
germ_flakpanzer_IV_Ostwind_2_0;"<color=#7ce68f>Flakpanzerkampfwagen IV</color>
<color=#adadad>(3,7cm Fla.K.-Zwilling)</color>
Ostwind II"
germ_flakpanzer_IV_Ostwind_2_1;Ostwind II
germ_flakpanzer_IV_Ostwind_2_2;SPAA

germ_flakpanzer_IV_Ostwind_2_net_shop;"Ostwind II ""Ostfront"""
germ_flakpanzer_IV_Ostwind_2_net_0;"<color=#7ce68f>Flakpanzerkampfwagen IV</color>
<color=#adadad>(3,7cm Fla.K.-Zwilling)</color>
Ostwind II
<color=@currencyGoldColor>""Ostfront""</color>"
germ_flakpanzer_IV_Ostwind_2_net_1;Ostwind II
germ_flakpanzer_IV_Ostwind_2_net_2;SPAAG

germ_m44_shop;◄ PzH M 44
germ_m44_0;"<color=#81c3fc>Massey-Harris</color>
◄ Panzerhaubitze M 44"
germ_m44_1;◄ PzH M 44
germ_m44_2;SPH

germ_m55_shop;◄ PzH M 55
germ_m55_0;"<color=#81c3fc>Pacific Car and Foundry Company</color>
◄ Panzerhaubitze M 55"
germ_m55_1;◄ PzH M 55
germ_m55_2;SPH

germ_kv_2_754r_shop;▀ s.Pz.Kpfw. 754 (r)
germ_kv_2_754r_0;"<color=#81c3fc>Kirovskij zavod</color>
<color=#7ce68f>schwerer Panzerkampfwagen KW II</color>
▀ schwerer Panzerkampfwagen 754 (r)"
germ_kv_2_754r_1;▀ s.Pz.Kpfw. 754 (r)
germ_kv_2_754r_2;Heavy Tank

germ_infanterie_kampfpanzer_churchill_shop;▀ I.-Pz.Kpfw. 750 (e)
germ_infanterie_kampfpanzer_churchill_0;"<color=#81c3fc>Vauxhall Motors</color>
<color=#7ce68f>Infanterie-Panzerkampfwagen Mk IV</color>
▀ Infanterie-Panzerkampfwagen 750 (e)"
germ_infanterie_kampfpanzer_churchill_1;▀ I.-Pz.Kpfw. 750 (e)
germ_infanterie_kampfpanzer_churchill_2;Infantry Tank

germ_t_34_747_shop;▀ Pz.Kpfw. 747 (r)
germ_t_34_747_0;"<color=#81c3fc>Ural'skij tankovyj zavod (Zavod №183)</color>
<color=#7ce68f>Panzerkampfwagen T 34 Ausf. D</color>
▀ Panzerkampfwagen 747 (r)"
germ_t_34_747_1;▀ Pz.Kpfw. 747 (r)
germ_t_34_747_2;Medium Tank

germ_kv_1_kwk_40_shop;▀ s.Pz.Kpfw. 756 (r)
germ_kv_1_kwk_40_0;"<color=#81c3fc>Kirovskij zavod Narkomata tankovoj promyšlyennosti v gorodye
Čyelâbinskye (Zavod № 100)</color>
<color=#7ce68f>schwerer Panzerkampfwagen KW I Ausf. C</color>
▀ schwerer Panzerkampfwagen 756 (r) mit 7,5cm Kw.K. 40"
germ_kv_1_kwk_40_1;▀ s.Pz.Kpfw. 756 (r)
germ_kv_1_kwk_40_2;Heavy Tank

us_m4a2_1944_germ_shop;▀ Pz.Kpfw. 748 (a)
us_m4a2_1944_germ_0;"<color=#81c3fc>General Motors Corporation, Fisher Body Division, Grand Blanc Tank Plant</color>
<color=#7ce68f>Panzerkampfwagen M 4 Ausf. C</color>
▀ Panzerkampfwagen 748 (a)"
us_m4a2_1944_germ_1;▀ Pz.Kpfw. 748 (a)
us_m4a2_1944_germ_2;Medium Tank

germ_kv_1B_finland_shop;▀ 44 psv KW 1 B
germ_kv_1B_finland_0;"<color=#81c3fc>Kirovskij zavod</color>
<color=#5cae63>Ps. 272-1</color>
▀ 44 tonnin panssarivaunu KW 1 B ""Klimi"""
germ_kv_1B_finland_1;▀ 44 psv KW 1 B
germ_kv_1B_finland_2;▀ Heavy Tank

germ_pzkpfw_VI_tiger_P_shop;V.K. 45.01 (P)
germ_pzkpfw_VI_tiger_P_0;"<color=#81c3fc>Dr. Ing. h.c. F. Porsche, Konstruktion und Beratung für Motoren- und
Fahrzeugbau Typ 101</color>
V.K. 45.01 (P)"
germ_pzkpfw_VI_tiger_P_1;V.K. 45.01 (P)
germ_pzkpfw_VI_tiger_P_2;Heavy Tank

//GERMANY GROUND VEHICLES - VEHICLE/FAMILY START: RANK 4
germ_le_kpz_m41_shop;◄ KPz M 41 (1965)
germ_le_kpz_m41_0;"<color=#81c3fc>Cadillac Motor Car Division</color>
◄ leichter Kampfpanzer M 41
<color=#adadad>(1965)</color>"
germ_le_kpz_m41_1;◄ M 41
germ_le_kpz_m41_2;Light Tank

germ_pzkpfw_VI_ausf_b_tiger_IIp_shop;Tiger B (Fgst.Nr. 15)
germ_pzkpfw_VI_ausf_b_tiger_IIp_0;"<color=#81c3fc>Henschel & Sohn</color>
<color=#5cae63>Sd.Kfz. 182</color>
Panzerkampfwagen Tiger Ausf. B
<color=@currencyGoldColor>Fahrgestellnummer 280015</color>"
germ_pzkpfw_VI_ausf_b_tiger_IIp_1;Tiger B
germ_pzkpfw_VI_ausf_b_tiger_IIp_2;Heavy Tank

germ_pzkpfw_VI_ausf_b_tiger_IIh_shop;Tiger B (Serien-Turm)
germ_pzkpfw_VI_ausf_b_tiger_IIh_0;"<color=#81c3fc>Henschel & Sohn</color>
<color=#5cae63>Sd.Kfz. 182</color>
Panzerkampfwagen Tiger Ausf. B mit Serien-Turm"
germ_pzkpfw_VI_ausf_b_tiger_IIh_1;Tiger B
germ_pzkpfw_VI_ausf_b_tiger_IIh_2;Heavy Tank

germ_pzkpfw_VI_ausf_b_tiger_IIh_sla_shop;Tiger B (Sla. 16)
germ_pzkpfw_VI_ausf_b_tiger_IIh_sla_0;"<color=#81c3fc>Henschel & Sohn</color>
<color=#5cae63>Sd.Kfz. 182</color>
Panzerkampfwagen Tiger Ausf. B mit SGP Sla. 16"
germ_pzkpfw_VI_ausf_b_tiger_IIh_sla_1;Tiger B
germ_pzkpfw_VI_ausf_b_tiger_IIh_sla_2;Heavy Tank

germ_pzkpfw_VI_ausf_b_tiger_IIh_kwk46_shop;Tiger B (10,5cm Kw.K.)
germ_pzkpfw_VI_ausf_b_tiger_IIh_kwk46_0;"<color=#81c3fc>Henschel & Sohn</color>
<color=#5cae63>Sd.Kfz. 182</color>
Panzerkampfwagen Tiger Ausf. B mit 10,5cm Kw.K. L/68"
germ_pzkpfw_VI_ausf_b_tiger_IIh_kwk46_1;Tiger B
germ_pzkpfw_VI_ausf_b_tiger_IIh_kwk46_2;Heavy Tank

germ_flakpanzer_zerstorer_45_shop;Flak.Pz. IV (3cm Fla.K.-V.)
germ_flakpanzer_zerstorer_45_0;"Flakpanzerkampfwagen IV ""Zerstörer 45""
<color=#adadad>(3cm Fla.K.-Vierling)</color>"
germ_flakpanzer_zerstorer_45_1;Flak.Pz. IV (3cm Fla.K.-V.)
germ_flakpanzer_zerstorer_45_2;SPAA

germ_panzerjager_tiger_P_ferdinand_shop;Pz.Jgr. Tiger (P)
germ_panzerjager_tiger_P_ferdinand_0;"<color=#81c3fc>Nibelungenwerk</color>
<color=#5cae63>Sd.Kfz. 184</color>
Panzerjäger Tiger (P) ""Ferdinand"""
germ_panzerjager_tiger_P_ferdinand_1;Pz.Jgr. Tiger (P)
germ_panzerjager_tiger_P_ferdinand_2;Tank Destroyer

germ_panzerjager_tiger_P_elefant_shop;Elefant
germ_panzerjager_tiger_P_elefant_0;"<color=#81c3fc>Nibelungenwerk</color>
<color=#5cae63>Sd.Kfz. 184</color>
<color=#7ce68f>Panzerjäger Tiger (P)</color>
Elefant"
germ_panzerjager_tiger_P_elefant_1;Elefant
germ_panzerjager_tiger_P_elefant_2;Tank Destroyer

germ_panzerjager_tiger_shop;Pz.Jgr. Tiger B
germ_panzerjager_tiger_0;"<color=#81c3fc>Nibelungenwerk</color>
<color=#5cae63>Sd.Kfz. 186</color>
Panzerjäger Tiger Ausf. B"
germ_panzerjager_tiger_1;Pz.Jgr. Tiger
germ_panzerjager_tiger_2;Tank Destroyer

germ_spz_12_3_shop;SPz 12-3 (LGs M 40 A1)
germ_spz_12_3_0;"<color=#81c3fc>Hispano-Suiza HS.30 <color=@commonTextColor>/</color> Hannoversche Maschinenbau</color>
Schützenpanzer lang Typ 12-3 mit 106 mm Leichtgeschütz M 40 A1"
germ_spz_12_3_1;SPz 12-3
germ_spz_12_3_2;Light Tank

germ_spz_oerlikon_raketenautomat_shop;SPz 12-3 (Typ 3Z 8DLa)
germ_spz_oerlikon_raketenautomat_0;"<color=#81c3fc>Hispano-Suiza HS.30 <color=@commonTextColor>/</color> Hannoversche Maschinenbau</color>
Erprobungs-Schützenpanzer lang Typ 12-3 mit 8 cm
Zwillings-Raketenautomat Oerlikon Typ 3Z 8DLa"
germ_spz_oerlikon_raketenautomat_1;SPz 12-3 (Typ 3Z 8DLa)
germ_spz_oerlikon_raketenautomat_2;SPG

//GERMANY GROUND VEHICLES - VEHICLE/FAMILY START: RANK 5
germ_marder_df_105_shop;◄ DF 105
germ_marder_df_105_0;<color=#81c3fc>◄ Thyssen Henschel DF 105</color>
germ_marder_df_105_1;◄ DF 105
germ_marder_df_105_2;Light Tank

germ_leopard_a1a1_120_shop;Leopard 1 (MPI)
germ_leopard_a1a1_120_0;"<color=#81c3fc>Krauss-Maffei Wegmann <color=@commonTextColor>/</color> Rheinmetall Defense Engineering
Main Battle Tank Leopard 1</color>
<color=#adadad>(Maximum Product Improvement)</color>"
germ_leopard_a1a1_120_1;Leopard 1
germ_leopard_a1a1_120_2;MBT

germ_leopard_c2_mexas_shop;Leopard C2 (MEXAS)
germ_leopard_c2_mexas_0;"Leopard C2
<color=#adadad>(Modular Expandable Armour System)</color>"
germ_leopard_c2_mexas_1;Leopard C2
germ_leopard_c2_mexas_2;MBT

germ_marder_clovis_shop;◄ CLOVIS
germ_marder_clovis_0;<color=#81c3fc>◄ Thyssen Henschel CLOVIS, FL 20, 105 mm</color>
germ_marder_clovis_1;◄ CLOVIS
germ_marder_clovis_2;Light Tank

//GERMANY GROUND VEHICLES - VEHICLE/FAMILY START: RANK 6
germ_sk105_a2_shop;⛯ VC SK 105
germ_sk105_a2_0;"<color=#81c3fc>Steyr-Werke Typ 4KH-7FA1-JT1/105 <color=@commonTextColor>|</color> SK 105 A2</color>
⛯ Vehículo de Combate SK 105"
germ_sk105_a2_1;⛯ VC SK 105
germ_sk105_a2_2;Light Tank

germ_thyssen_henschel_tam_shop;VC TAM
germ_thyssen_henschel_tam_0;"<color=#81c3fc>Tanque Argentino Mediano Sociedad del Estado</color>
Vehículo de Combate Tanque Argentino Mediano"
germ_thyssen_henschel_tam_1;VC TAM
germ_thyssen_henschel_tam_2;Medium Tank

germ_thyssen_henschel_tam_2ip_shop;VC TAM 2IP
germ_thyssen_henschel_tam_2ip_0;"<color=#81c3fc>Tanque Argentino Mediano Sociedad del Estado <color=@commonTextColor>/</color> IMI Systems</color>
Vehículo de Combate Tanque Argentino Mediano 2 Improved Protection"
germ_thyssen_henschel_tam_2ip_1;VC TAM 2IP
germ_thyssen_henschel_tam_2ip_2;Medium Tank

germ_thyssen_henschel_tam_2c_shop;VC TAM 2C
germ_thyssen_henschel_tam_2c_0;"<color=#81c3fc>Tanque Argentino Mediano Sociedad del Estado <color=@commonTextColor>/</color> Elbit Systems</color>
Vehículo de Combate Tanque Argentino Mediano 2C"
germ_thyssen_henschel_tam_2c_1;VC TAM 2C
germ_thyssen_henschel_tam_2c_2;Medium Tank

germ_begleitpanzer_57_shop;Begleit-Pz 57 mm
germ_begleitpanzer_57_0;<color=#81c3fc>Thyssen Henschel <color=@commonTextColor>+</color> Bofors Begleitpanzer 57 mm</color>
germ_begleitpanzer_57_1;Begleit-Pz 57 mm
germ_begleitpanzer_57_2;IFV

germ_jaguar_2_shop;RakJPz 4 Jaguar 2
germ_jaguar_2_0;"<color=#81c3fc>Thyssen Henschel</color>
Raketenjagdpanzer 4 Jaguar 2"
germ_jaguar_2_1;Jaguar 2
germ_jaguar_2_2;ATMC

germ_th_800_bismark_shop;Class 3
germ_th_800_bismark_0;"<color=#81c3fc>Henschel Wehrtechnik TH 800 <color=@commonTextColor>/</color> Sandock-Austral</color>
Proto-Type, Class 3 Armored Car ""Bismarck"""
germ_th_800_bismark_1;Class 3
germ_th_800_bismark_2;Light Tank

germ_th_400_shop;H 400
germ_th_400_0;<color=#81c3fc>Henschel Wehrtechnik H 400</color>
germ_th_400_1;H 400
germ_th_400_2;Light Tank

//GERMANY GROUND VEHICLES - VEHICLE/FAMILY START: RANK 7
germ_schutzenpanzer_puma_shop;SPz Puma S0
germ_schutzenpanzer_puma_0;"<color=#81c3fc>Projekt System Management</color>
Schützenpanzer Puma S0"
germ_schutzenpanzer_puma_1;SPz Puma S0
germ_schutzenpanzer_puma_2;IFV

germ_schutzenpanzer_puma_vjtf_shop;SPz Puma VJTF
germ_schutzenpanzer_puma_vjtf_0;"<color=#81c3fc>Projekt System Management</color>
Schützenpanzer Puma Very High Readiness Joint Task Force"
germ_schutzenpanzer_puma_vjtf_1;SPz Puma VJTF
germ_schutzenpanzer_puma_vjtf_2;IFV

germ_schutzenpanzer_puma_vjtf_mod_shop;SPz Puma VJTF (PzGrenBtl 33)
germ_schutzenpanzer_puma_vjtf_mod_0;"<color=#81c3fc>Projekt System Management</color>
Schützenpanzer Puma Very High Readiness Joint Task Force
<color=@currencyGoldColor>Panzergrenadierbataillon 33</color>"
germ_schutzenpanzer_puma_vjtf_mod_1;SPz Puma VJTF
germ_schutzenpanzer_puma_vjtf_mod_2;IFV

germ_leopard_2k_shop;KPz Leopard 2 K (PT 14/T 11)
germ_leopard_2k_0;"<color=#81c3fc>Krauss-Maffei Wegmann</color>
Kampfpanzer Leopard 2 K, PT 14 mit T 11"
germ_leopard_2k_1;Leopard 2
germ_leopard_2k_2;MBT

germ_leopard_2a4_shop;KPz Leopard 2 A4 (C)
germ_leopard_2a4_0;"<color=#81c3fc>Krauss-Maffei Wegmann</color>
Kampfpanzer Leopard 2 A4
<color=#adadad>(C)</color>"
germ_leopard_2a4_1;Leopard 2 A4
germ_leopard_2a4_2;MBT

germ_leopard_2a4m_can_shop;Leopard 2A4M CAN
germ_leopard_2a4m_can_0;"<color=#81c3fc>KNDS Deutschland</color>
Leopard 2A4M CAN"
germ_leopard_2a4m_can_1;Leopard 2A4M
germ_leopard_2a4m_can_2;MBT

germ_leopard_2a4m_can_sm_shop;◍ Elsa's Leopard 2A4M CAN
germ_leopard_2a4m_can_sm_0;"<color=#81c3fc>KNDS Deutschland</color>
◍ Leopard 2A4M CAN
<color=@currencyGoldColor>Elsa's</color>"
germ_leopard_2a4m_can_sm_1;◍ Leopard 2A4M
germ_leopard_2a4m_can_sm_2;MBT

germ_leopard_2av_shop;KPz Leopard 2 AV (PT 19/T 19)
germ_leopard_2av_0;"<color=#81c3fc>Krauss-Maffei Wegmann</color>
KPz Leopard 2 AV, PT 19 mit T 19"
germ_leopard_2av_1;KPz Leopard 2 AV
germ_leopard_2av_2;MBT

germ_leopard_2_pt14_shop;KPz Leopard 2 (PT 16/T 14)
germ_leopard_2_pt14_0;"<color=#81c3fc>Krauss-Maffei Wegmann</color>
Kampfpanzer Leopard 2, PT 16 mit T 14"
germ_leopard_2_pt14_1;Leopard 2
germ_leopard_2_pt14_2;MBT

germ_leopard_2a4_pzbtl_123_shop;KPz Leopard 2 A4 (C) (PzBtl 123)
germ_leopard_2a4_pzbtl_123_0;"<color=#81c3fc>Krauss-Maffei Wegmann</color>
Kampfpanzer Leopard 2 A4
<color=#adadad>(C)</color>
<color=@currencyGoldColor>Panzerbataillon 123</color>"
germ_leopard_2a4_pzbtl_123_1;Leopard 2 A4
germ_leopard_2a4_pzbtl_123_2;MBT

germ_leopard_2a5_shop;KPz Leopard 2 A5
germ_leopard_2a5_0;"<color=#81c3fc>Krauss-Maffei Wegmann</color>
Kampfpanzer Leopard 2 A5"
germ_leopard_2a5_1;Leopard 2
germ_leopard_2a5_2;MBT

germ_leopard_2a6_shop;KPz Leopard 2 A6
germ_leopard_2a6_0;"<color=#81c3fc>Krauss-Maffei Wegmann</color>
Kampfpanzer Leopard 2 A6"
germ_leopard_2a6_1;Leopard 2
germ_leopard_2a6_2;MBT

germ_leopard_2a5_pso_shop;Leopard 2 PSO
germ_leopard_2a5_pso_0;<color=#81c3fc>KNDS Deutschland Leopard 2 Peace Support Operations</color>
germ_leopard_2a5_pso_1;Leopard 2 PSO
germ_leopard_2a5_pso_2;MBT

germ_leopard_2a7v_shop;KPz Leopard 2 A7V
germ_leopard_2a7v_0;"<color=#81c3fc>Krauss-Maffei Wegmann</color>
Kampfpanzer Leopard 2 A7V"
germ_leopard_2a7v_1;Leopard 2 A7
germ_leopard_2a7v_2;MBT

germ_leopard_2pl_shop;⋠ KPz Leopard 2 A4 PL (AMAP)
germ_leopard_2pl_0;"<color=#81c3fc>Krauss-Maffei Wegmann <color=@commonTextColor>/</color> Rheinmetall Landsysteme</color>
⋠ Kampfpanzer Leopard 2 A4 PL
<color=#adadad>(Advanced Modular Armor Protection)</color>"
germ_leopard_2pl_1;⋠ Leopard 2
germ_leopard_2pl_2;MBT

germ_leopard_2a5_yt_cup_2019_shop;␙ KPz Leopard 2 A5
germ_leopard_2a5_yt_cup_2019_0;"<color=#81c3fc>Krauss-Maffei Wegmann</color>
␙ Kampfpanzer Leopard 2 A5"
germ_leopard_2a5_yt_cup_2019_1;␙ Leopard 2
germ_leopard_2a5_yt_cup_2019_2;MBT

germ_9a33bm3_shop;◊ 9A33BM2
germ_9a33bm3_0;"<color=#81c3fc>Naučno-isslyedovatyel'skij èlyektromyekhaničyeskij institut</color>
◊ Boyevaâ mašina 9A33BM2 ""Osa-AK"""
germ_9a33bm3_1;◊ 9A33BM2
germ_9a33bm3_2;SPAA

germ_9a35_m_shop;◊ 9A35M
germ_9a35_m_0;"◊ BM 9A35M ""Strela-10M"""
germ_9a35_m_1;◊ 9A35
germ_9a35_m_2;◊ SPAAM

germ_boxer_swatrinf_shop;sWaTrgInf
germ_boxer_swatrinf_0;"<color=#81c3fc>ARTEC <color=@commonTextColor>+</color> Rheinmetall Landsysteme Boxer Combat Reconnaissance Vehicle</color>
schwerer Waffenträger Infanterie"
germ_boxer_swatrinf_1;sWaTrgInf
germ_boxer_swatrinf_2;IFV

germ_boxer_3105_shop;Boxer (Cockerill 3105)
germ_boxer_3105_0;"<color=#81c3fc>ARTEC Boxer</color>
<color=#adadad>(Cockerill 3105)</color>"
germ_boxer_3105_1;Boxer (Cockerill 3105)
germ_boxer_3105_2;Light Tank

germ_vilkas_shop;Vilkas
germ_vilkas_0;"<color=#81c3fc>ARTEC Boxer Infantry Combat Vehicle Samson</color>
Pėstininkų kovos mašina Vilkas"
germ_vilkas_1;Vilkas
germ_vilkas_2;Light Tank

//GERMANY GROUND VEHICLES - VEHICLE/FAMILY START: RANK 8
germ_flarakrad_shop;FlaRakRad 1 Roland
germ_flarakrad_0;"<color=#81c3fc>Rheinmetall MAN Military Vehicles</color>
Flugabwehrraketenradwagen 1 Roland auf Lkw 15t mil gl Kat 1 A1"
germ_flarakrad_1;FlaRakRad 1 Roland
germ_flarakrad_2;SPAAM

germ_iris_slm_fcs_shop;LV IRIS-T SLM (Radarfahrzeug)
germ_iris_slm_fcs_0;"<color=#81c3fc>Diehl Defence</color>
Luftverteidigungssystem IRIS-T SLM auf Lkw 15t mil gl Kat 1 A1.1
<color=#adadad>(Radarfahrzeug)</color>"
germ_iris_slm_fcs_1;LV IRIS-T SLM (Radarfahrzeug)
germ_iris_slm_fcs_2;Radar

germ_iris_slm_launcher_shop;LV IRIS-T SLM (Startfahrzeug)
germ_iris_slm_launcher_0;"<color=#81c3fc>Diehl Defence</color>
Luftverteidigungssystem IRIS-T SLM auf Lkw 15t mil gl Kat 1 A1.1
<color=#adadad>(Startfahrzeug)</color>"
germ_iris_slm_launcher_1;LV IRIS-T SLM (Startfahrzeug)
germ_iris_slm_launcher_2;SPAAM

//GERMANY COASTAL FLEET - VEHICLE/FAMILY START: RANK 1
germ_ls_class_shop;LS 3
germ_ls_class_0;"<color=#81c3fc>Dornier-Werft</color>
<color=#fffa62>leichtes Schnellboot</color>
LS 3"
germ_ls_class_1;LS 3
germ_ls_class_2;Light Fast Boat

germ_ls4_class_shop;LS 4
germ_ls4_class_0;"<color=#81c3fc>Dornier-Werft</color>
<color=#fffa62>leichtes Schnellboot</color>
LS 4 ""Esau"""
germ_ls4_class_1;LS 4
germ_ls4_class_2;Light Fast Boat

germ_s38_shop;S 38
germ_s38_0;"<color=#81c3fc>Fr. Lürssen Werft, Bau-Nr. 12831</color>
<color=#fffa62>Schnellboot (S 38-53)</color>
S 38"
germ_s38_1;S 38
germ_s38_2;Fast Boat

germ_s38b_shop;S 68
germ_s38b_0;"<color=#81c3fc>Fr. Lürssen Werft, Bau-Nr. 12861</color>
<color=#fffa62>Schnellboot (S 62-100)</color>
S 68"
germ_s38b_1;S 68
germ_s38b_2;Fast Boat

germ_s30_s61_shop;S 61
germ_s30_s61_0;"<color=#81c3fc>Fr. Lürssen Werft, Bau-Nr. 12854</color>
<color=#fffa62>Schnellboot (S 54-61)</color>
S 61"
germ_s30_s61_1;S 61
germ_s30_s61_2;Fast Boat

germ_s_100_class_shop;S 130
germ_s_100_class_0;"<color=#81c3fc>Schlichting-Werft, Bau-Nr. 1030</color>
<color=#fffa62>Schnellboot (S 126-133)</color>
S 130"
germ_s_100_class_1;S 130
germ_s_100_class_2;Fast Boat

germ_s_100_s_174_class_shop;S 174
germ_s_100_s_174_class_0;"<color=#81c3fc>Fr. Lürssen Werft, Bau-Nr. 12944</color>
<color=#fffa62>Schnellboot (S 171-186)</color>
S 174"
germ_s_100_s_174_class_1;S 174
germ_s_100_s_174_class_2;Fast Boat

germ_s_100_s204_lang_shop;S 204
germ_s_100_s204_lang_0;"<color=#81c3fc>Fr. Lürssen Werft, Bau-Nr. 12974</color>
Schnellboot (S 195-218)
S 204 ""Lang"""
germ_s_100_s204_lang_1;S 204
germ_s_100_s204_lang_2;Fast Boat

germ_s_700_s_701_shop;S 701
germ_s_700_s_701_0;"<color=#81c3fc>Danziger Waggonfabrik, Bau-Nr. 5001</color>
<color=#fffa62>Schnellboot (S 701-709)</color>
S 701"
germ_s_700_s_701_1;S 701
germ_s_700_s_701_2;Fast Boat

germ_rboot_r41_shop;R 41
germ_rboot_r41_0;"<color=#81c3fc>Schlichting-Werft, Bau-Nr. 971</color>
<color=#fffa62>Räumboot (R 41-48)</color>
R 41"
germ_rboot_r41_1;R 41
germ_rboot_r41_2;Minesweeper

germ_rboot_r130_shop;R 130
germ_rboot_r130_0;"<color=#81c3fc>Abeking & Rasmussen, Bau-Nr. 3701</color>
<color=#fffa62>Räumboot (R 130-150)</color>
R 130"
germ_rboot_r130_1;R 130
germ_rboot_r130_2;Minesweeper

germ_rboot_r301_shop;R 301
germ_rboot_r301_0;"<color=#81c3fc>Abeking & Rasmussen, Bau-Nr. 3620</color>
<color=#fffa62>Räumboot (R 301-312)</color>
R 301"
germ_rboot_r301_1;R 301
germ_rboot_r301_2;Minesweeper

germ_km5_shop;KS 5
germ_km5_0;"<color=#81c3fc>Rolandwerft</color>
<color=#fffa62>Küsten-Schnellboot</color>
<color=#919191>KM 5</color>
KS 5"
germ_km5_1;KS 5
germ_km5_2;Coastal Fast Boat

//GERMANY COASTAL FLEET - VEHICLE/FAMILY START: RANK 2

//GERMANY COASTAL FLEET - VEHICLE/FAMILY START: RANK 3
germ_pr_131_shop;Nr. 911
germ_pr_131_0;"<color=#81c3fc>VEB Schiffswerft Rechlin, Bau-Nr. 131.401 <color=@commonTextColor>+</color> Peene-Werft</color>
<color=#fffa62>kleines Torpedoschnellboot Projekt 131.400 ""Libelle""</color>
<color=#919191>Nr. 990</color>
Nr. 911"
germ_pr_131_1;Nr. 911
germ_pr_131_2;Small Torpedo Boat

germ_sf40_schwere_flakkampffaehre_shop;SF V01
germ_sf40_schwere_flakkampffaehre_0;"<color=#81c3fc>Böndel Pionier-Sonderkommando</color>
<color=#fffa62>Siebelfähre <color=@commonTextColor>|</color> schwere Flakkampffähre</color>
SF V01"
germ_sf40_schwere_flakkampffaehre_1;SF V01
germ_sf40_schwere_flakkampffaehre_2;Heavy Anti-Aircraft Ferry

germ_sf40_leichte_flakkampffaehre_shop;SF 154
germ_sf40_leichte_flakkampffaehre_0;"<color=#81c3fc>Böndel Pionier-Sonderkommando</color>
<color=#fffa62>Siebelfähre 40 <color=@commonTextColor>|</color> leichte Flakkampffähre</color>
SF 154"
germ_sf40_leichte_flakkampffaehre_1;SF 154
germ_sf40_leichte_flakkampffaehre_2;Light Anti-Aircraft Ferry

germ_vs10_hydrofoil_shop;VS 10
germ_vs10_hydrofoil_0;"<color=#81c3fc>Gebrüder Sachsenberg, Bau-Nr. 1688</color>
<color=#fffa62>Versuchsschnellboote</color>
VS 10"
germ_vs10_hydrofoil_1;VS 10
germ_vs10_hydrofoil_2;Experimental Fast Boat

germ_vs8_hydrofoil_shop;VS 8
germ_vs8_hydrofoil_0;"<color=#81c3fc>Gebrüder Sachsenberg, Bau-Nr. 1689</color>
<color=#fffa62>Versuchsschnellboote</color>
VS 8 ""Schell I"""
germ_vs8_hydrofoil_1;VS 8
germ_vs8_hydrofoil_2;Experimental Fast Boat

//GERMANY COASTAL FLEET - VEHICLE/FAMILY START: RANK 4
germ_mz_1_shop;MZ 1
germ_mz_1_0;"<color=#81c3fc>H. C. Stülcken Sohn, Bau-Nr. 816</color>
<color=#fffa62>Mehrzweckboot Typ 1943</color>
MZ 1"
germ_mz_1_1;MZ 1
germ_mz_1_2;Multi-Purpose Boat

germ_minelayer_drache_shop;Drache
germ_minelayer_drache_0;"<color=#81c3fc>Reiherstieg Schiffswerfte und Maschinenfabrik, Bau-Nr. 118</color>
<color=#fffa62>Minenleger</color>
Drache
<color=#adadad>(1942)</color>"
germ_minelayer_drache_1;Drache
germ_minelayer_drache_2;Minelayer

germ_artilleriefahrprahm_typ_d1_shop;AF 99
germ_artilleriefahrprahm_typ_d1_0;"<color=#81c3fc>J. Smit Czn.</color>
<color=#fffa62>Artilleriefährprahm Typ D 1</color>
<color=#919191>F 831</color>
AF 99"
germ_artilleriefahrprahm_typ_d1_1;AF 99
germ_artilleriefahrprahm_typ_d1_2;Artillery Barge

germ_artilleriefahrprahm_typ_d3_shop;AF 128
germ_artilleriefahrprahm_typ_d3_0;"<color=#81c3fc>Schiffs- und Maschinenbau Mannheim, Bau-Nr. 3008</color>
<color=#fffa62>Artilleriefährprahm Typ D 3</color>
<color=#919191>F 1099</color>
AF 128"
germ_artilleriefahrprahm_typ_d3_1;AF 128
germ_artilleriefahrprahm_typ_d3_2;Artillery Barge

germ_escort_typem1935_shop;M 17
germ_escort_typem1935_0;"<color=#81c3fc>Oderwerke, Bau-Nr. 803</color>
<color=#fffa62>Minensuchboot Typ 1935</color>
M 17"
germ_escort_typem1935_1;M 17
germ_escort_typem1935_2;Minesweeper

germ_rdm242_shop;Krischan der Große
germ_rdm242_0;"<color=#81c3fc>Rotterdamsche Droogdok Maatschappij, Bau-Nr. 242</color>
<color=#fffa62>Flakträger</color>
Krischan der Große
<color=#adadad>(1943)</color>"
germ_rdm242_1;Krischan der Große
germ_rdm242_2;Anti-Aircraft Gun Carrier

germ_schutze_class_shop;Schütze (M 1062)
germ_schutze_class_0;"<color=#81c3fc>Abeking & Rasmussen</color>
<color=#fffa62>schnelles Minensuchboot Klasse 340 <color=@commonTextColor>|</color> schnelles Minensuchboot
Schütze-Klasse</color>
Schütze (M 1062)"
germ_schutze_class_1;Schütze (M 1062)
germ_schutze_class_2;Minesweeper

germ_kondor2_class_shop;Bernau (343)
germ_kondor2_class_0;"<color=#81c3fc>Peene-Werft, Bau-Nr. 89.240</color>
<color=#fffa62>Hochsee-Minenabwehrschiff Projekt 89.2 UR2</color>
Bernau (343)
<color=#adadad>(1985)</color>"
germ_kondor2_class_1;Bernau
germ_kondor2_class_2;Deep-Sea Minesweeper

germ_escort_typem1943_shop;M 601
germ_escort_typem1943_0;"<color=#81c3fc>Neptun, Bau-Nr. 535</color>
<color=#fffa62>Minensuchboot Typ 1943</color>
M 601"
germ_escort_typem1943_1;M 601
germ_escort_typem1943_2;Minesweeper

germ_skr_pr50_karl_marx_shop;Karl Marx (122)
germ_skr_pr50_karl_marx_0;"<color=#81c3fc>Sudostroit'el'nyj zavot № 820 <color=@commonTextColor>/</color> Kronshtattsk'ij ord'ena Lyenina Morskoj
zavot</color>
<color=#fffa62>Küstenschutzschiff Projekt 50</color>
Karl Marx (122)
<color=#adadad>(1962)</color>"
germ_skr_pr50_karl_marx_1;Karl Marx
germ_skr_pr50_karl_marx_2;Coastal Defense Ship

//GERMANY COASTAL FLEET - VEHICLE/FAMILY START: RANK 5
germ_type143_albatros_shop;Albatros (S 61)
germ_type143_albatros_0;"<color=#81c3fc>Lürssen-Werft</color>
<color=#fffa62>Flugkörper-Schnellboot Klasse 143 <color=@commonTextColor>|</color> Flugkörper-Schnellboot
Albatros-Klasse</color>
Albatros (S 61)"
germ_type143_albatros_1;Albatros
germ_type143_albatros_2;Missile Torpedo Boat

germ_type143_bussard_shop;Bussard (S 64)
germ_type143_bussard_0;"<color=#81c3fc>Lürssen-Werft</color>
<color=#fffa62>Flugkörper-Schnellboot Klasse 143 <color=@commonTextColor>|</color> Flugkörper-Schnellboot
Albatros-Klasse</color>
Bussard (S 64)"
germ_type143_bussard_1;Bussard
germ_type143_bussard_2;Missile Torpedo Boat

germ_pr_206_shop;Artur Becker (841)
germ_pr_206_0;"<color=#81c3fc>Sudostroit'el'nyj zavot № 345</color>
<color=#fffa62>Torpedoschnellboot Projekt 206 ""Shershen""</color>
Artur Becker (841)"
germ_pr_206_1;Artur Becker
germ_pr_206_2;Torpedo Boat

germ_type140_jaguar_shop;Jaguar (S 1)
germ_type140_jaguar_0;"<color=#81c3fc>Lürssen-Werft Schnellboot Typ 55</color>
<color=#fffa62>Torpedoschnellboot Klasse 140 <color=@commonTextColor>|</color> Torpedoschnellboot Jaguar-Klasse</color>
Jaguar (S 1)"
germ_type140_jaguar_1;Jaguar
germ_type140_jaguar_2;Torpedo Boat

germ_frigate_koln_shop;Köln (F 220)
germ_frigate_koln_0;"<color=#81c3fc>H. C. Stülcken Sohn</color>
<color=#fffa62>Fregatte Klasse 120 <color=@commonTextColor>|</color> Fregatte Köln-Klasse</color>
Köln (F 220)"
germ_frigate_koln_1;Köln
germ_frigate_koln_2;Frigate

germ_frigate_koln_lubeck_shop;Lübeck (F 224)
germ_frigate_koln_lubeck_0;"<color=#81c3fc>H. C. Stülcken Sohn</color>
<color=#fffa62>Fregatte Klasse 120 <color=@commonTextColor>|</color> Fregatte Köln-Klasse</color>
Lübeck (F 224)"
germ_frigate_koln_lubeck_1;Lübeck
germ_frigate_koln_lubeck_2;Frigate

germ_pr1331_shop;Parchim (242)
germ_pr1331_0;"<color=#81c3fc>Peene-Werft, Bau-Nr. 133.102</color>
<color=#fffa62>Küstenschutzschiff Projekt 133.1</color>
Parchim (242)"
germ_pr1331_1;Parchim (242)
germ_pr1331_2;Coastal Defense Ship

germ_type152_hugin_shop;Hugin (P 6191)
germ_type152_hugin_0;"<color=#81c3fc>Westermoen Båtbyggeri og Mek Verksted</color>
<color=#fffa62>Schnellboot Klasse 152 <color=@commonTextColor>|</color> Schnellboot Hugin-Klasse</color>
Hugin (P 6191)"
germ_type152_hugin_1;Hugin
germ_type152_hugin_2;Torpedo Boat

germ_type153_pfeil_shop;Pfeil (P 6193)
germ_type153_pfeil_0;"<color=#81c3fc>Vosper & Co.</color>
<color=#fffa62>Schnellboot Klasse 153 <color=@commonTextColor>|</color> Schnellboot Ferocity-Klasse</color>
Pfeil (P 6193)"
germ_type153_pfeil_1;Pfeil
germ_type153_pfeil_2;Torpedo Boat

//GERMANY BLUEWATER FLEET - VEHICLE/FAMILY START: RANK 1
germ_destroyer_class1924_leopard1932_shop;Leopard (LP)
germ_destroyer_class1924_leopard1932_0;"<color=#81c3fc>Reichsmarinewerft Wilhelmshaven, Bau-Nr. 114</color>
<color=#fffa62>Torpedoboot Typ 1924</color>
Leopard (LP)
<color=#adadad>(1932)</color>"
germ_destroyer_class1924_leopard1932_1;Leopard
germ_destroyer_class1924_leopard1932_2;Torpedo Boat

germ_destroyer_class1924_leopard1932_EC_0;Torpedoboot Typ 1924 | Leopard (LP) (1932)
germ_destroyer_class1924_leopard1932_EC_1;Leopard
germ_destroyer_class1924_leopard1932_EC_2;Torpedo Boat
        
germ_destroyer_class1924_iltis_shop;Luchs (LU)
germ_destroyer_class1924_iltis_0;"<color=#81c3fc>Reichsmarinewerft Wilhelmshaven, Bau-Nr. 111</color>
<color=#fffa62>Torpedoboot Typ 1924</color>
Luchs (LU)
<color=#adadad>(1932)</color>"
germ_destroyer_class1924_iltis_1;Luchs
germ_destroyer_class1924_iltis_2;Torpedo Boat

germ_destroyer_class1924_jaguar1941_shop;Jaguar (JR)
germ_destroyer_class1924_jaguar1941_0;"<color=#81c3fc>Reichsmarinewerft Wilhelmshaven, Bau-Nr. 113 <color=@commonTextColor>/</color> Rotterdamsche
Droogdok Maatschappij</color>
<color=#fffa62>Torpedoboot Typ 1924</color>
Jaguar (JR)
<color=#adadad>(1941)</color>"
germ_destroyer_class1924_jaguar1941_1;Jaguar
germ_destroyer_class1924_jaguar1941_2;Torpedo Boat

germ_destroyer_class1934a_1944_shop;Z 15
germ_destroyer_class1934a_1944_0;"<color=#81c3fc>Blohm & Voss, Bau-Nr. 504</color>
<color=#ff8c80>Projekt Barbara</color>
<color=#fffa62>Zerstörer Typ 1934 A</color>
Z 15 Erich Steinbrinck
<color=#adadad>(1944)</color>"
germ_destroyer_class1934a_1944_1;Z 15
germ_destroyer_class1934a_1944_2;Destroyer

germ_destroyer_class1934a_1940_shop;Z 5
germ_destroyer_class1934a_1940_0;"<color=#81c3fc>Deutsche Schiff- und Maschinenbau Werk ""Weser"", Bau-Nr. 899 <color=@commonTextColor>/</color>
Kriegsmarinewerft Wilhelmshaven</color>
<color=#fffa62>Zerstörer Typ 1934 A</color>
Z 5 Paul Jacobi
<color=#adadad>(1941)</color>"
germ_destroyer_class1934a_1940_1;Z 5
germ_destroyer_class1934a_1940_2;Destroyer

germ_destroyer_class1934a_1940_EC_0;Zerstörer Typ 1934 A | Z 5 Paul Jacobi (1941)
germ_destroyer_class1934a_1940_EC_1;Z 5
germ_destroyer_class1934a_1940_EC_2;Destroyer

germ_kanonenboot_k4_lorelei_shop;K 4
germ_kanonenboot_k4_lorelei_0;"<color=#81c3fc>Société Anonyme John Cockerill à Seraing (Belgique), Chantier Naval de
Hoboken <color=@commonTextColor>/</color> Dok en Werf Maatschappij Wilton-Fijenoord, Bau-Nr. 686</color>
<color=#fffa62>Kanonenboot</color>
<color=#919191>Lorelei</color>
K 4
<color=#adadad>(1943)</color>"
germ_kanonenboot_k4_lorelei_1;K 4
germ_kanonenboot_k4_lorelei_2;Gunboat

germ_kanonenboot_k2_shop;K 2
germ_kanonenboot_k2_0;"<color=#81c3fc>Gusto, Bau-Nr. 750</color>
<color=#fffa62>Kanonenboot</color>
K 2"
germ_kanonenboot_k2_1;K 2
germ_kanonenboot_k2_2;Gunboat

germ_destroyer_class1939_t22_shop;T 22
germ_destroyer_class1939_t22_0;"<color=#81c3fc>F. Schichau, Maschinen- und Lokomotivfabrik, Schiffswerft und
Eisengießerei</color>
<color=#fffa62>Flottentorpedoboot Typ 1939</color>
T 22"
germ_destroyer_class1939_t22_1;T 22
germ_destroyer_class1939_t22_2;Fleet Torpedo Boat

germ_destroyer_class1939_t22_EC_0;Flottentorpedoboot Typ 1939 | T 22
germ_destroyer_class1939_t22_EC_1;T 22
germ_destroyer_class1939_t22_EC_2;Fleet Torpedo Boat

germ_destroyer_class1939_t31_shop;T 28
germ_destroyer_class1939_t31_0;"<color=#81c3fc>F. Schichau, Maschinen- und Lokomotivfabrik, Schiffswerft und
Eisengießerei <color=@commonTextColor>/</color> Deutsche Werke Kiel, Gotenhafen</color>
<color=#fffa62>Flottentorpedoboot Typ 1939</color>
T 28
<color=#adadad>(1944)</color>"
germ_destroyer_class1939_t31_1;T 28
germ_destroyer_class1939_t31_2;Fleet Torpedo Boat

//GERMANY BLUEWATER FLEET - VEHICLE/FAMILY START: RANK 2
germ_destroyer_class1936a_mob_z32_shop;Z 33
germ_destroyer_class1936a_mob_z32_0;"<color=#81c3fc>Deutsche Schiff- und Maschinenbau Werk ""Weser"", Bau-Nr. 1001</color>
<color=#fffa62>Zerstörer Typ 1936 A (Mob)</color>
Z 33"
germ_destroyer_class1936a_mob_z32_1;Z 33
germ_destroyer_class1936a_mob_z32_2;Destroyer

germ_destroyer_class1936a_z25_shop;Z 25
germ_destroyer_class1936a_z25_0;"<color=#81c3fc>Deutsche Schiff- und Maschinenbau Werk ""Weser"", Bau-Nr. 959 <color=@commonTextColor>/</color> Deutsche
Werke Kiel, Gotenhafen</color>
<color=#ff8c80>Projekt Barbara</color>
<color=#fffa62>Zerstörer Typ 1936 A</color>
Z 25
<color=#adadad>(1944)</color>"
germ_destroyer_class1936a_z25_1;Z 25
germ_destroyer_class1936a_z25_2;Destroyer

germ_destroyer_class1936_z20_shop;Z 20 (1941)
germ_destroyer_class1936_z20_0;"<color=#81c3fc>Deutsche Schiff- und Maschinenbau Werk ""Weser"", Bau-Nr. 922 <color=@commonTextColor>/</color>
Kriegsmarinewerft Wilhelmshaven, Westwerft</color>
<color=#fffa62>Zerstörer Typ 1936</color>
Z 20 Karl Galster
<color=#adadad>(1941)</color>"
germ_destroyer_class1936_z20_1;Z 20
germ_destroyer_class1936_z20_2;Destroyer

germ_destroyer_class1936_z20_karlgalster_shop;Z 20 (1945)
germ_destroyer_class1936_z20_karlgalster_0;"<color=#81c3fc>Deutsche Schiff- und Maschinenbau Werk ""Weser"", Bau-Nr. 922 <color=@commonTextColor>/</color> Deutsche
Werke Kiel</color>
<color=#fffa62>Zerstörer Typ 1936</color>
Z 20 Karl Galster
<color=#adadad>(1945)</color>"
germ_destroyer_class1936_z20_karlgalster_1;Z 20
germ_destroyer_class1936_z20_karlgalster_2;Destroyer

germ_destroyer_class1936_z20_tutorial_shop;Z 20 (1941)
germ_destroyer_class1936_z20_tutorial_0;"<color=#81c3fc>Deutsche Schiff- und Maschinenbau Werk ""Weser"", Bau-Nr. 922 <color=@commonTextColor>/</color>
Kriegsmarinewerft Wilhelmshaven, Westwerft</color>
<color=#fffa62>Zerstörer Typ 1936</color>
Z 20 Karl Galster
<color=#adadad>(1941)</color>"
germ_destroyer_class1936_z20_tutorial_1;Z 20
germ_destroyer_class1936_z20_tutorial_2;Destroyer

germ_destroyer_class1936_z20_EC_0;Zerstörer Typ 1936 | Z 20 Karl Galster (1941)
germ_destroyer_class1936_z20_EC_1;Z 20
germ_destroyer_class1936_z20_EC_2;Destroyer

germ_destroyer_class1936b_shop;Z 43
germ_destroyer_class1936b_0;"<color=#81c3fc>Deutsche Schiff- und Maschinenbau Werk ""Weser"", Bau-Nr. 1005</color>
<color=#fffa62>Zerstörer Typ 1936 B (Mob)</color>
Z 43"
germ_destroyer_class1936b_1;Z 43
germ_destroyer_class1936b_2;Destroyer

germ_destroyer_class1936c_z46_shop;Z 46
germ_destroyer_class1936c_z46_0;"<color=#81c3fc>Deutsche Schiff- und Maschinenbau Werk ""Weser"", Bau-Nr. 1071</color>
<color=#fffa62>Zerstörer Typ 1936 C</color>
Z 46"
germ_destroyer_class1936c_z46_1;Z 46
germ_destroyer_class1936c_z46_2;Destroyer

germ_destroyer_class1936c_z47_shop;Z 47
germ_destroyer_class1936c_z47_0;"<color=#81c3fc>Deutsche Schiff- und Maschinenbau Werk ""Weser"", Bau-Nr. 1072</color>
<color=#fffa62>Zerstörer Typ 1936 C</color>
Z 47"
germ_destroyer_class1936c_z47_1;Z 47
germ_destroyer_class1936c_z47_2;Destroyer

germ_destroyer_fletcher_zerstorer4_shop;Z 4 (D 178)
germ_destroyer_fletcher_zerstorer4_0;"<color=#81c3fc>Consolidated Steel Corporation</color>
<color=#fffa62>Zerstörer Klasse 119 <color=@commonTextColor>|</color> Zerstörer Fletcher-Klasse</color>
Z 4 (D 178)"
germ_destroyer_fletcher_zerstorer4_1;Z 4
germ_destroyer_fletcher_zerstorer4_2;Destroyer

//GERMANY BLUEWATER FLEET - VEHICLE/FAMILY START: RANK 3
germ_destroyer_class1942_z51_shop;Z 51
germ_destroyer_class1942_z51_0;"<color=#81c3fc>Deutsche Schiff- und Maschinenbau Werk ""Weser"", Bau-Nr. 1109</color>
<color=#fffa62>Zerstörer Typ 1942</color>
Z 51"
germ_destroyer_class1942_z51_1;Z 51
germ_destroyer_class1942_z51_2;Destroyer

germ_destroyer_class1944_z52_shop;Z 52
germ_destroyer_class1944_z52_0;"<color=#81c3fc>Deutsche Schiff- und Maschinenbau Werk ""Weser"", Bau-Nr. 1110</color>
<color=#fffa62>Zerstörer Typ 1944</color>
Z 52"
germ_destroyer_class1944_z52_1;Z 52
germ_destroyer_class1944_z52_2;Destroyer

germ_cruiser_elbing_shop;S.M.S. Elbing
germ_cruiser_elbing_0;"<color=#81c3fc>F. Schichau, Maschinen- und Lokomotivfabrik, Schiffswerft und
Eisengießerei, Bau-Nr. 894</color>
<color=#fffa62>kleiner Kreuzer Pillau-Klasse</color>
S.M.S. kleiner Kreuzer Elbing"
germ_cruiser_elbing_1;S.M.S. Elbing
germ_cruiser_elbing_2;Small Cruiser

germ_cruiser_emden_1944_shop;Emden
germ_cruiser_emden_1944_0;"<color=#81c3fc>Reichsmarinewerft Wilhelmshaven, Bau-Nr. 100</color>
<color=#919191>Kreuzer A <color=@commonTextColor>|</color> kleiner Kreuzer Ersatz Niobe</color>
kleiner Kreuzer Emden
<color=#adadad>(1944)</color>"
germ_cruiser_emden_1944_1;Emden
germ_cruiser_emden_1944_2;Small Cruiser

germ_cruiser_emden_1944_EC_0;kleiner Kreuzer Emden (1944)
germ_cruiser_emden_1944_EC_1;Emden
germ_cruiser_emden_1944_EC_2;Small Cruiser

//GERMANY BLUEWATER FLEET - VEHICLE/FAMILY START: RANK 4
germ_destroyer_lutjens_class_lutjens_shop;Lütjens (D 185)
germ_destroyer_lutjens_class_lutjens_0;"<color=#81c3fc>Bath Iron Works</color>
<color=#fffa62>Zerstörer Klasse 103 <color=@commonTextColor>|</color> Zerstörer Lütjens-Klasse</color>
Lütjens (D 185)"
germ_destroyer_lutjens_class_lutjens_1;Lütjens
germ_destroyer_lutjens_class_lutjens_2;Destroyer

germ_cruiser_leipzig_shop;Leipzig
germ_cruiser_leipzig_0;"<color=#81c3fc>Reichsmarinewerft Wilhelmshaven <color=@commonTextColor>/</color> Deutsche Werke Kiel, Gotenhafen</color>
<color=#fffa62>kleiner Kreuzer Leipzig-Klasse</color>
<color=#919191>Kreuzer E <color=@commonTextColor>|</color> Ersatz Amazone</color>
Leipzig
<color=#adadad>(1944)</color>"
germ_cruiser_leipzig_1;Leipzig
germ_cruiser_leipzig_2;Light Cruiser

germ_cruiser_nurnberg_shop;Nürnberg
germ_cruiser_nurnberg_0;"<color=#81c3fc>Deutsche Werke Kiel</color>
<color=#fffa62>kleiner Kreuzer Leipzig-Klasse</color>
<color=#919191>Kreuzer F <color=@commonTextColor>|</color> Ersatz Nymphe</color>
Nürnberg
<color=#adadad>(1944)</color>"
germ_cruiser_nurnberg_1;Nürnberg
germ_cruiser_nurnberg_2;Light Cruiser

germ_cruiser_nurnberg_EC_0;kleiner Kreuzer Leipzig-Klasse | Nürnberg (1944)
germ_cruiser_nurnberg_EC_1;Nürnberg
germ_cruiser_nurnberg_EC_2;Light Cruiser

germ_cruiser_admiral_hipper_shop;Admiral Hipper
germ_cruiser_admiral_hipper_0;"<color=#81c3fc>Blohm & Voss <color=@commonTextColor>/</color> Deutsche Werke Kiel</color>
<color=#fffa62>schwerer Kreuzer Admiral Hipper-Klasse</color>
<color=#919191>Kreuzer G <color=@commonTextColor>|</color> Ersatz Berlin</color>
Admiral Hipper
<color=#adadad>(1942)</color>"
germ_cruiser_admiral_hipper_1;Admiral Hipper
germ_cruiser_admiral_hipper_2;Heavy Cruiser

germ_cruiser_prinz_eugen_shop;Prinz Eugen
germ_cruiser_prinz_eugen_0;"<color=#81c3fc>Friedrich Krupp Germaniawerft <color=@commonTextColor>/</color> Deutsche Werke Kiel, Gotenhafen</color>
<color=#fffa62>schwerer Kreuzer Admiral Hipper-Klasse</color>
<color=#919191>Kreuzer J</color>
Prinz Eugen
<color=#adadad>(1945)</color>"
germ_cruiser_prinz_eugen_1;Prinz Eugen
germ_cruiser_prinz_eugen_2;Heavy Cruiser

germ_cruiser_koln_shop;Köln
germ_cruiser_koln_0;"<color=#81c3fc>Reichsmarinewerft Wilhelmshaven <color=@commonTextColor>/</color> Deutsche Werke Kiel</color>
<color=#fffa62>leichter Kreuzer Königsberg-Klasse</color>
<color=#919191>Kreuzer D <color=@commonTextColor>|</color> Ersatz Arcona</color>
Köln
<color=#adadad>(1939)</color>"
germ_cruiser_koln_1;Köln
germ_cruiser_koln_2;Light Cruiser

germ_cruiser_koln_EC_0;leichter Kreuzer Königsberg-Klasse | Köln (1939)
germ_cruiser_koln_EC_1;Köln
germ_cruiser_koln_EC_2;Light Cruiser

germ_cruiser_karlsruhe_shop;Karlsruhe
germ_cruiser_karlsruhe_0;"<color=#81c3fc>Deutsche Werke Kiel <color=@commonTextColor>/</color> Kriegsmarinewerft Wilhelmshaven</color>
<color=#fffa62>leichter Kreuzer Königsberg-Klasse</color>
<color=#919191>Kreuzer C <color=@commonTextColor>|</color> Ersatz Medusa</color>
Karlsruhe
<color=#adadad>(1939)</color>"
germ_cruiser_karlsruhe_1;Karlsruhe
germ_cruiser_karlsruhe_2;Light Cruiser

germ_cruiser_admiral_graf_spee_shop;Admiral Graf Spee
germ_cruiser_admiral_graf_spee_0;"<color=#81c3fc>Kriegsmarinewerft Wilhelmshaven, Bau-Nr. 124 <color=@commonTextColor>/</color> Deutsche Werke Kiel</color>
<color=#fffa62>Panzerschiff Deutschland-Klasse</color>
<color=#919191>Panzerschiff C <color=@commonTextColor>|</color> Ersatz Braunschweig</color>
Admiral Graf Spee
<color=#adadad>(1938)</color>"
germ_cruiser_admiral_graf_spee_1;Admiral Graf Spee
germ_cruiser_admiral_graf_spee_2;Armored Ship

germ_cruiser_admiral_scheer_shop;Admiral Scheer
germ_cruiser_admiral_scheer_0;"<color=#81c3fc>Reichsmarinewerft Wilhelmshaven, Bau-Nr. 123 <color=@commonTextColor>/</color> Marinehafen Kaseburg</color>
<color=#fffa62>schwerer Kreuzer Deutschland-Klasse</color>
<color=#919191>Panzerschiff B <color=@commonTextColor>|</color> Ersatz Lothringen</color>
Admiral Scheer
<color=#adadad>(1943)</color>"
germ_cruiser_admiral_scheer_1;Admiral Scheer
germ_cruiser_admiral_scheer_2;Heavy Cruiser

//GERMANY BLUEWATER FLEET - VEHICLE/FAMILY START: RANK 5
germ_battleship_westfalen_shop;S.M.S. Westfalen
germ_battleship_westfalen_0;"<color=#81c3fc>Aktien-Gesellschaft ""Weser"" Bau-Nr. 163 <color=@commonTextColor>/</color> Kaiserliche Werft
Wilhelmshaven</color>
<color=#fffa62>Linienschiff Nassau-Klasse</color>
<color=#919191>S.M.S. Linienschiff Ersatz Sachsen</color>
S.M.S. Linienschiff Westfalen
<color=#adadad>(1915)</color>"
germ_battleship_westfalen_1;S.M.S. Westfalen
germ_battleship_westfalen_2;Battleship

germ_battleship_nassau_shop;S.M.S. Nassau
germ_battleship_nassau_0;"<color=#81c3fc>Kaiserliche Werft Wilhelmshaven, Bau-Nr. 30</color>
<color=#fffa62>Linienschiff Nassau-Klasse</color>
<color=#919191>S.M.S. Linienschiff Ersatz Bayern</color>
S.M.S. Linienschiff Nassau"
germ_battleship_nassau_1;S.M.S. Nassau
germ_battleship_nassau_2;Battleship

germ_battleship_helgoland_shop;S.M.S. Helgoland
germ_battleship_helgoland_0;"<color=#81c3fc>Howaldtswerke, Bau-Nr. 500</color>
<color=#fffa62>Linienschiff Helgoland-Klasse</color>
<color=#919191>S.M.S. Linienschiff Ersatz Siegfried</color>
S.M.S. Linienschiff Helgoland"
germ_battleship_helgoland_1;S.M.S. Helgoland
germ_battleship_helgoland_2;Battleship

germ_battleship_ostfriesland_shop;S.M.S. Ostfriesland
germ_battleship_ostfriesland_0;"<color=#81c3fc>Kaiserliche Werft Wilhelmshaven, Bau-Nr. 31</color>
<color=#fffa62>Linienschiff Helgoland-Klasse</color>
<color=#919191>S.M.S. Linienschiff Ersatz Oldenburg</color>
S.M.S. Linienschiff Ostfriesland
<color=#adadad>(1916)</color>"
germ_battleship_ostfriesland_1;S.M.S. Ostfriesland
germ_battleship_ostfriesland_2;Battleship

germ_battleship_kaiser_shop;S.M.S. Kaiser
germ_battleship_kaiser_0;"<color=#81c3fc>Kaiserliche Werft Wilhelmshaven, Bau-Nr. 35</color>
<color=#fffa62>Linienschiff Kaiser-Klasse</color>
<color=#919191>S.M.S. Linienschiff Ersatz Hildebrand</color>
S.M.S. Linienschiff Kaiser"
germ_battleship_kaiser_1;S.M.S. Kaiser
germ_battleship_kaiser_2;Battleship

germ_battleship_konig_shop;S.M.S. König
germ_battleship_konig_0;"<color=#81c3fc>Kaiserliche Werft Wilhelmshaven, Bau-Nr. 33</color>
<color=#fffa62>Linienschiff König-Klasse</color>
<color=#919191>Linienschiff S</color>
S.M.S. Linienschiff König
<color=#adadad>(1917)</color>"
germ_battleship_konig_1;S.M.S. König
germ_battleship_konig_2;Battleship

germ_battlecruiser_von_der_tann_shop;S.M.S. Von der Tann
germ_battlecruiser_von_der_tann_0;"<color=#81c3fc>Blohm & Voss, Bau-Nr. 198 <color=@commonTextColor>/</color> Kaiserliche Werft Wilhelmshaven</color>
<color=#919191>großer Kreuzer F</color>
S.M.S. großer Kreuzer Von der Tann
<color=#adadad>(1914)</color>"
germ_battlecruiser_von_der_tann_1;S.M.S. Von der Tann
germ_battlecruiser_von_der_tann_2;Large Cruiser

germ_battlecruiser_derfflinger_shop;S.M.S. Derfflinger
germ_battlecruiser_derfflinger_0;"<color=#81c3fc>Blohm & Voss, Bau-Nr. 213 <color=@commonTextColor>/</color> Kaiserliche Werft Kiel</color>
<color=#fffa62>großer Kreuzer Derfflinger-Klasse</color>
<color=#919191>großer Kreuzer K</color>
S.M.S. großer Kreuzer Derfflinger
<color=#adadad>(1916)</color>"
germ_battlecruiser_derfflinger_1;S.M.S. Derfflinger
germ_battlecruiser_derfflinger_2;Large Cruiser

//GERMANY BLUEWATER FLEET - VEHICLE/FAMILY START: RANK 6
germ_battleship_bayern_shop;S.M.S. Bayern
germ_battleship_bayern_0;"<color=#81c3fc>Howaldtswerke, Bau-Nr. 590</color>
<color=#fffa62>Linienschiff Bayern-Klasse</color>
<color=#919191>Linienschiff T</color>
S.M.S. Linienschiff Bayern"
germ_battleship_bayern_1;S.M.S. Bayern
germ_battleship_bayern_2;Battleship

germ_battleship_sachsen_shop;S.M.S. Sachsen
germ_battleship_sachsen_0;"<color=#81c3fc>Friedrich Krupp Germaniawerft, Bau-Nr. 210</color>
<color=#fffa62>Linienschiff Bayern-Klasse</color>
<color=#919191>S.M.S. Linienschiff Ersatz Kaiser Friedrich III</color>
S.M.S. Linienschiff Sachsen"
germ_battleship_sachsen_1;S.M.S. Sachsen
germ_battleship_sachsen_2;Battleship

germ_battleship_baden_shop;S.M.S. Baden
germ_battleship_baden_0;"<color=#81c3fc>F. Schichau, Maschinen- und Lokomotivfabrik, Schiffswerft und
Eisengießerei, Bau-Nr. 913 <color=@commonTextColor>/</color> Kaiserliche Werft Wilhelmshaven</color>
<color=#fffa62>Linienschiff Bayern-Klasse</color>
<color=#919191>S.M.S. Linienschiff Ersatz Wörth</color>
S.M.S. Linienschiff Baden
<color=#adadad>(1918)</color>"
germ_battleship_baden_1;S.M.S. Baden
germ_battleship_baden_2;Battleship

germ_battlecruiser_ersatz_yorck_shop;S.M.S. Ers. Yorck
germ_battlecruiser_ersatz_yorck_0;"<color=#81c3fc>Stettiner Maschinenbau Actien-Gesellschaft Vulcan, Bau-Nr. 35</color>
<color=#fffa62>großer Kreuzer Ersatz Yorck-Klasse</color>
S.M.S. großer Kreuzer Ersatz Yorck"
germ_battlecruiser_ersatz_yorck_1;S.M.S. Ers. Yorck
germ_battlecruiser_ersatz_yorck_2;Battlecruiser

germ_battleship_scharnhorst_shop;Scharnhorst
germ_battleship_scharnhorst_0;"<color=#81c3fc>Kriegsmarinewerft Wilhelmshaven, Bau-Nr. 125</color>
<color=#fffa62>Schlachtschiff Scharnhorst-Klasse</color>
<color=#919191>Schlachtschiff D <color=@commonTextColor>|</color> Ersatz Elsaß</color>
Scharnhorst
<color=#adadad>(1943)</color>"
germ_battleship_scharnhorst_1;Scharnhorst
germ_battleship_scharnhorst_2;Battlecruiser

germ_battleship_gneisenau_380mm_shop;Gneisenau
germ_battleship_gneisenau_380mm_0;"<color=#81c3fc>Deutsche Werke Kiel, Bau-Nr. 235 <color=@commonTextColor>/</color> Deutsche Werke Gotenhafen</color>
<color=#fffa62>Schlachtschiff Scharnhorst-Klasse</color>
<color=#919191>Schlachtschiff E <color=@commonTextColor>|</color> Ersatz Hessen</color>
Gneisenau
<color=#adadad>(1943)</color>"
germ_battleship_gneisenau_380mm_1;Gneisenau
germ_battleship_gneisenau_380mm_2;Battlecruiser

germ_battlecruiser_mackensen_class_shop;S.M.S. Mackensen
germ_battlecruiser_mackensen_class_0;"<color=#81c3fc>Blohm & Voss, Bau-Nr. 240</color>
<color=#fffa62>großer Kreuzer Mackensen-Klasse</color>
<color=#919191>S.M.S. großer Kreuzer Ersatz Victoria Louise</color>
S.M.S. großer Kreuzer Mackensen"
germ_battlecruiser_mackensen_class_1;S.M.S. Mackensen
germ_battlecruiser_mackensen_class_2;Large Cruiser

//GERMANY BLUEWATER FLEET - VEHICLE/FAMILY START: RANK 7
germ_battleship_bismarck_shop;Bismarck
germ_battleship_bismarck_0;"<color=#81c3fc>Blohm & Voss, Bau-Nr. 509 <color=@commonTextColor>/</color> Seebahnhof Pier</color>
<color=#fffa62>Schlachtschiff Bismarck-Klasse</color>
<color=#919191>Schlachtschiff F <color=@commonTextColor>|</color> Ersatz Hannover</color>
Bismarck
<color=#adadad>(1941)</color>"
germ_battleship_bismarck_1;Bismarck
germ_battleship_bismarck_2;Battleship

//USSR AIRCRAFT - VEHICLE/FAMILY START: RANK 1
i-15bis_shop;I-15bis
i-15bis_0;I-15bis
i-15bis_1;I-15bis
i-15bis_2;I-15

i-15_1934_shop;I-15 (SGR-1820 F-3)
i-15_1934_0;"I-15
<color=#adadad>(SGR-1820 F-3)</color>"
i-15_1934_1;I-15
i-15_1934_2;I-15

i-15_1935_shop;I-15 (M-22)
i-15_1935_0;"I-15
<color=#adadad>(M-22)</color>"
i-15_1935_1;I-15
i-15_1935_2;I-15

i-15_1935_moscow_shop;I-15 (M-25A)
i-15_1935_moscow_0;"I-15
<color=#adadad>(M-25A)</color>"
i-15_1935_moscow_1;I-15
i-15_1935_moscow_2;I-15

i-15bis_krasnolutsky_shop;Krasnoluczkij's I-15bis
i-15bis_krasnolutsky_0;"I-15bis
<color=@currencyGoldColor>Mitrofan Pyetrovič Krasnoluczkij's</color>"
i-15bis_krasnolutsky_1;I-15bis
i-15bis_krasnolutsky_2;I-15

i-153_m62_shop;I-153 (AŠ-62)
i-153_m62_0;"I-153 Chaika
<color=#adadad>(AŠ-62)</color>"
i-153_m62_1;I-153
i-153_m62_2;I-153

i-153_m62_zhukovskiy_shop;Žukovskij's I-153 (AŠ-62)
i-153_m62_zhukovskiy_0;"I-153
<color=#adadad>(AŠ-62)</color>
<color=@currencyGoldColor>Syergyej Âkovlyevič Žukovskij's</color>"
i-153_m62_zhukovskiy_1;I-153
i-153_m62_zhukovskiy_2;I-153

po-2_nw_shop;U-2 (Night Witch)
po-2_nw_0;"U-2
<color=@currencyGoldColor>Night Witch</color>"
po-2_nw_1;U-2
po-2_nw_2;U-2

su-2_m82_shop;Su-2 (M-82)
su-2_m82_0;"Su-2
<color=#adadad>(M-82)</color>"
su-2_m82_1;Su-2
su-2_m82_2;Su-2

sb_2m_100a_spain_shop;SB 2M-100A (F.A.R.E.)
sb_2m_100a_spain_0;"SB 2M-100A
<color=@currencyGoldColor>Fuerzas Aéreas de la República Española</color>"
sb_2m_100a_spain_1;SB 2M
sb_2m_100a_spain_2;SB 2M

hp52_hampden_tbmk1_ussr_utk1_shop;▂ Khyempdyenov T.B. MK-I (UTK-1)
hp52_hampden_tbmk1_ussr_utk1_0;"▂ Khyempdyenov T.B. MK-I
<color=#adadad>(UTK-1)</color>"
hp52_hampden_tbmk1_ussr_utk1_1;▂ Khyempdyenov T.B. MK-I
hp52_hampden_tbmk1_ussr_utk1_2;▂ Khyempdyenov

db_lk_shop;DB-LK
db_lk_0;"<color=#81c3fc>Czyentral'nyj aèrogidrodinamičyeskij institut imyeni profyessora N. Ye. Žukovskogo</color>
Samolyot DB-LK"
db_lk_1;DB-LK
db_lk_2;DB-LK

tb_3_m17_32_shop;TB-3 (4M-17)
tb_3_m17_32_0;"TB-3
<color=#adadad>(4M-17)</color>"
tb_3_m17_32_1;TB-3
tb_3_m17_32_2;TB-3

ar_2_shop;Ar-2
ar_2_0;"<color=#81c3fc>Czyentral'nyj aèrogidrodinamičyeskij institut imyeni profyessora N. Ye. Žukovskogo</color>
Samolyot Ar-2"
ar_2_1;Ar-2
ar_2_2;Ar-2

kor_1_shop;Bye-2
kor_1_0;"<color=#81c3fc>Czyentral'noye konstruktorskoye bûro morskogo samolëtostroyeniâ</color>
Samolyot Bye-2"
kor_1_1;Bye-2
kor_1_2;Bye-2

kor_2_shop;Bye-4
kor_2_0;"<color=#81c3fc>Czyentral'noye konstruktorskoye bûro morskogo samolëtostroyeniâ</color>
Samolyot Bye-4"
kor_2_1;Bye-4
kor_2_2;Bye-4

//USSR AIRCRAFT - VEHICLE/FAMILY START: RANK 2
yak_1_litvyak_shop;Litvâk's Yak-1
yak_1_litvyak_0;"<color=#81c3fc>Opytno-konstruktorskoye bûro № 115</color>
Samolyot Yak-1
<color=@currencyGoldColor>Lidiâ Vladimirovna Litvâk's</color>"
yak_1_litvyak_1;Yak-1
yak_1_litvyak_2;Yak-1

yak-9m_shop;Galavačoŭ's Âk-9M
yak-9m_0;"Âk-9M
<color=@currencyGoldColor>Pavyel Âkaŭlyevìč Galavačoŭ's</color>"
yak-9m_1;Âk-9M
yak-9m_2;Âk-9

mig_3_series_1_15_bk_pod_shop;MiG-3-15 (UBK)
mig_3_series_1_15_bk_pod_0;"MiG-3 syeriâ 15
<color=#adadad>(UBK)</color>"
mig_3_series_1_15_bk_pod_1;MiG-3-15
mig_3_series_1_15_bk_pod_2;MiG-3

il_2_1941_shop;Il-2 (1941)
il_2_1941_0;"Il-2
<color=#adadad>(1941)</color>"
il_2_1941_1;Il-2
il_2_1941_2;Il-2

il-2i_shop;Il-2 (1942)
il-2i_0;"Il-2
<color=#adadad>(1942)</color>"
il-2i_1;Il-2
il-2i_2;Il-2

il_2_37_1943_shop;Il-2M (NS-37)
il_2_37_1943_0;"Il-2M
<color=#adadad>(NS-37)</color>"
il_2_37_1943_1;Il-2
il_2_37_1943_2;Il-2

il_2_m82_shop;Il-2 (M-82)
il_2_m82_0;"Il-2
<color=#adadad>(M-82)</color>"
il_2_m82_1;Il-2 (M-82)
il_2_m82_2;Il-2

il_2m_1943_shop;Il-2M (1943)
il_2m_1943_0;"Il-2M
<color=#adadad>(1943)</color>"
il_2m_1943_1;Il-2M
il_2m_1943_2;Il-2

il-2m_shop;Il-2M (1944)
il-2m_0;"Il-2M
<color=#adadad>(1944)</color>"
il-2m_1;Il-2M
il-2m_2;Il-2

il-2m_mstitel_shop;Il-2M (1944) (567-j Š.A.P.)
il-2m_mstitel_0;"Il-2M
<color=#adadad>(1944)</color>
<color=@currencyGoldColor>567-j Šturmovoj Aviaczionnyj Polk</color>"
il-2m_mstitel_1;Il-2
il-2m_mstitel_2;Il-2

hurricanemkii_ussr_shop;▂ Kharrikyejna F.B. MK-IIb (ŠVAK)
hurricanemkii_ussr_0;"▂ Kharrikyejna F.B. MK-IIb
<color=#adadad>(ŠVAK)</color>"
hurricanemkii_ussr_1;▂ Kharrikyejna F.B. MK-II
hurricanemkii_ussr_2;▂ Kharrikyejna

i_180_shop;I-180S
i_180_0;I-180S
i_180_1;I-180S
i_180_2;I-180

i_180_event01_shop;I-180S (defective)
i_180_event01_0;"I-180S
<color=#adadad>(defective)</color>"
i_180_event01_1;I-180S (defective)
i_180_event01_2;I-180 (defective)

i_180_event02_shop;I-180S (defective)
i_180_event02_0;"I-180S
<color=#adadad>(defective)</color>"
i_180_event02_1;I-180S (defective)
i_180_event02_2;I-180 (defective)

i_180_event03_shop;I-180S (defective)
i_180_event03_0;"I-180S
<color=#adadad>(defective)</color>"
i_180_event03_1;I-180S (defective)
i_180_event03_2;I-180 (defective)

i_180_event04_shop;I-180S (defective)
i_180_event04_0;"I-180S
<color=#adadad>(defective)</color>"
i_180_event04_1;I-180S (defective)
i_180_event04_2;I-180 (defective)

//USSR AIRCRAFT - VEHICLE/FAMILY START: RANK 3
yak-3_eremin_shop;Yerëmin's Âk-3
yak-3_eremin_0;"Âk-3
<color=@currencyGoldColor>Boris Nikolayevič Yerëmin's</color>"
yak-3_eremin_1;Âk-3
yak-3_eremin_2;Âk-3

yak-3_vk107_shop;Âk-3 (VK-107A)
yak-3_vk107_0;"Âk-3
<color=#adadad>(VK-107A)</color>"
yak-3_vk107_1;Âk-3
yak-3_vk107_2;Âk-3

i_185_m82_shop;I-185 (M-82)
i_185_m82_0;"I-185
<color=#adadad>(M-82)</color>"
i_185_m82_1;I-185
i_185_m82_2;I-185

i_185_m71_standard_shop;I-185 (M-71)
i_185_m71_standard_0;"I-185
<color=#adadad>(M-71)</color>"
i_185_m71_standard_1;I-185
i_185_m71_standard_2;I-185

la-7b-20_shop;La-7 (B-20S)
la-7b-20_0;"La-7
<color=#adadad>(B-20S)</color>"
la-7b-20_1;La-7
la-7b-20_2;La-7

la-7_dolgushin_shop;Dolgušin's La-7
la-7_dolgushin_0;"La-7
<color=@currencyGoldColor>Syergyej Fëdorovič Dolgušin's</color>"
la-7_dolgushin_1;La-7
la-7_dolgushin_2;La-7

su-6_m71_shop;Su-6 (M-71F)
su-6_m71_0;"Su-6
<color=#adadad>(M-71F)</color>"
su-6_m71_1;Su-6
su-6_m71_2;Su-6

su-6_am42_shop;Su-6 (AM-42)
su-6_am42_0;"Su-6
<color=#adadad>(AM-42)</color>"
su-6_am42_1;Su-6 (AM-42)
su-6_am42_2;Su-6

er-2_m105_mv3_shop;Yer-2 (M-105)
er-2_m105_mv3_0;"Yer-2
<color=#adadad>(M-105)</color>"
er-2_m105_mv3_1;Yer-2
er-2_m105_mv3_2;Yer-2

er-2_m105r_lu2b_shop;Yer-2 (M-105R) (LU-MV-2B)
er-2_m105r_lu2b_0;"Yer-2
<color=#adadad>(M-105R) (LU-MV-2B)</color>"
er-2_m105r_lu2b_1;Yer-2
er-2_m105r_lu2b_2;Yer-2

er-2_m105_tat_shop;Yer-2 (M-105) (TAT-BT)
er-2_m105_tat_0;"Yer-2
<color=#adadad>(M-105) (TAT-BT)</color>"
er-2_m105_tat_1;Yer-2
er-2_m105_tat_2;Yer-2

er-2_m105r_tat_shop;Yer-2 (M-105R)
er-2_m105r_tat_0;"Yer-2
<color=#adadad>(M-105R)</color>"
er-2_m105r_tat_1;Yer-2
er-2_m105r_tat_2;Yer-2

er-2_ach30b_early_shop;Yer-2-3 (ACh-30B)
er-2_ach30b_early_0;"Yer-2 syeriâ 3
<color=#adadad>(ACh-30B)</color>"
er-2_ach30b_early_1;Yer-2-3
er-2_ach30b_early_2;Yer-2

er-2_ach30b_late_shop;Yer-2-4 (ACh-30B)
er-2_ach30b_late_0;"Yer-2 syeriâ 4
<color=#adadad>(ACh-30B)</color>"
er-2_ach30b_late_1;Yer-2-4
er-2_ach30b_late_2;Yer-2

p-39n_su_shop;▂ Pokrýškin's P-39N-0-BE
p-39n_su_0;"▂ P-39N-0-BE Aèrokobra
<color=@currencyGoldColor>Alyeksándr Ivánovič Pokrýškin's</color>"
p-39n_su_1;▂ P-39N
p-39n_su_2;▂ P-39

il_8_1944_shop;Il-8 (AM-42) (VÂ-23)
il_8_1944_0;"Il-8
<color=#adadad>(AM-42) (VÂ-23)</color>"
il_8_1944_1;Il-8
il_8_1944_2;Il-8

tis_ma_shop;TIS (MA)
tis_ma_0;"TIS
<color=#adadad>(MA)</color>"
tis_ma_1;TIS (MA)
tis_ma_2;TIS

itp_m1_shop;ITP (M-1)
itp_m1_0;"ITP
<color=#adadad>(M-1)</color>"
itp_m1_1;ITP (M-1)
itp_m1_2;ITP

//USSR AIRCRAFT - VEHICLE/FAMILY START: RANK 4
il-10_1946_shop;Il-10 (1947)
il-10_1946_0;"Il-10
<color=#adadad>(1947)</color>"
il-10_1946_1;Il-10
il-10_1946_2;Il-10

spitfire_ix_ussr_shop;▂ Sp'itfajr L.F. Mk. IX
spitfire_ix_ussr_0;"<color=#81c3fc>Supermarine Aviation Works (Vickers) Type 361 <color=@commonTextColor>/</color> M.A.P. Castle Bromwich
Aircraft Factory</color>
▃ Samolyot Sp'itfajr L.F. Mk. IX"
spitfire_ix_ussr_1;▂ Sp'itfajr L.F. Mk. IX
spitfire_ix_ussr_2;▂ Sp'itfajr

//USSR AIRCRAFT - VEHICLE/FAMILY START: RANK 5
yak-15_early_shop;Âk-15 (1946)
yak-15_early_0;"Âk-15
<color=#adadad>(1946)</color>"
yak-15_early_1;Âk-15
yak-15_early_2;Âk-15

yak-15_shop;Âk-15 (1947)
yak-15_0;"Âk-15
<color=#adadad>(1947)</color>"
yak-15_1;Âk-15
yak-15_2;Âk-15

su-9_shop;Su-9
su-9_0;"<color=#5cae63>izd. K</color>
Su-9"
su-9_1;Su-9
su-9_2;Su-9

mig-15bis_ish_shop;MiG-15bis (IŠ)
mig-15bis_ish_0;"MiG-15bis
<color=#adadad>(IŠ)</color>"
mig-15bis_ish_1;MiG-15bis
mig-15bis_ish_2;MiG-15

mig-15bis_ns23_shop;MiG-15bis (NS-23)
mig-15bis_ns23_0;"MiG-15bis
<color=#adadad>(NS-23)</color>"
mig-15bis_ns23_1;MiG-15bis
mig-15bis_ns23_2;MiG-15

la_200_toriy_shop;200
la_200_toriy_0;<color=#81c3fc>Opytno-konstruktorskoye bûro № 301 200</color>
la_200_toriy_1;200
la_200_toriy_2;200

la-15_shop;La-15
la-15_0;"<color=#81c3fc>Aviaczionnyj zavod № 21</color>
<color=#5cae63>izd. 52</color>
Samolyot La-15"
la-15_1;La-15
la-15_2;La-15

l_39za_shop;L-39ZA
l_39za_0;"<color=#81c3fc>Aero Vodochody</color>
L-39ZA Albatros"
l_39za_1;L-39ZA
l_39za_2;L-39

su-11_shop;Su-11
su-11_0;"<color=#5cae63>izd. LK</color>
Su-11"
su-11_1;Su-11
su-11_2;Su-11

la_174_shop;174
la_174_0;<color=#81c3fc>Opytno-konstruktorskoye bûro № 301 174</color>
la_174_1;174
la_174_2;174

//USSR AIRCRAFT - VEHICLE/FAMILY START: RANK 6
mig-19pt_shop;MiG-19PT
mig-19pt_0;"<color=#5cae63>izd. SM-7/2T</color>
MiG-19PT"
mig-19pt_1;MiG-19PT
mig-19pt_2;MiG-19

mig-21_f13_shop;MiG-21F-13
mig-21_f13_0;"<color=#5cae63>izd. 74</color>
MiG-21F-13"
mig-21_f13_1;MiG-21F
mig-21_f13_2;MiG-21

mig-21_s_shop;MiG-21S (R-13-300)
mig-21_s_0;"<color=#5cae63>izd. 95</color>
MiG-21S
<color=#adadad>(R-13-300)</color>"
mig-21_s_1;MiG-21S
mig-21_s_2;MiG-21

mig-21_pfm_shop;MiG-21PFM (94)
mig-21_pfm_0;"<color=#5cae63>izd. 94</color>
MiG-21PFM"
mig-21_pfm_1;MiG-21PFM
mig-21_pfm_2;MiG-21

mig-21_smt_shop;MiG-21SMT
mig-21_smt_0;"<color=#5cae63>izd. 50</color>
MiG-21SMT"
mig-21_smt_1;MiG-21SMT
mig-21_smt_2;MiG-21

mig-21_bis_shop;MiG-21bis
mig-21_bis_0;"<color=#81c3fc>Moskovskij mašinostroityel'nyj zavod im. A. I. Mikoâna</color>
<color=#5cae63>izd. 75</color>
Samolyot MiG-21bis"
mig-21_bis_1;MiG-21bis
mig-21_bis_2;MiG-21

mig-21_bis_event_shop;MiG-21bis
mig-21_bis_event_0;"<color=#81c3fc>Moskovskij mašinostroityel'nyj zavod im. A. I. Mikoâna</color>
<color=#5cae63>izd. 75</color>
Samolyot MiG-21bis"
mig-21_bis_event_1;MiG-21bis
mig-21_bis_event_2;MiG-21

su-7b_shop;Su-7B
su-7b_0;"<color=#5cae63>izd. S-22</color>
Su-7B"
su-7b_1;Su-7B
su-7b_2;Su-7

su-7bkl_shop;Su-7BKL
su-7bkl_0;"<color=#5cae63>izd. S-22KL</color>
Su-7BKL"
su-7bkl_1;Su-7BKL
su-7bkl_2;Su-7

su-7bmk_shop;☥ Su-7BMK
su-7bmk_0;"<color=#5cae63>izd. S-22MK</color>
☥ Su-7BMK"
su-7bmk_1;☥ Su-7BMK
su-7bmk_2;☥ Su-7

yak_130_early_shop;Âk-130
yak_130_early_0;"<color=#81c3fc>Irkutskij aviaczionnyj zavod</color>
Samolyot Âk-130"
yak_130_early_1;Âk-130
yak_130_early_2;Âk-130

su_25t_shop;Su-25T
su_25t_0;"<color=#81c3fc>Ulan-Udènskij aviaczionnyj zavod</color>
<color=#5cae63>izd. T-8M</color>
Su-25T ""Grač"""
su_25t_1;Su-25T
su_25t_2;Su-25

nt_su_25t_shop;Su-25T
nt_su_25t_0;"<color=#81c3fc>Ulan-Udènskij aviaczionnyj zavod</color>
<color=#5cae63>izd. T-8M</color>
Su-25T ""Grač"""
nt_su_25t_1;Su-25T
nt_su_25t_2;Su-25

su_25_558arz_shop;▂ Su-25 (558-j ARZ)
su_25_558arz_0;"<color=#81c3fc>558-j Aviaczionnyj Ryemontnyj Zavod</color>
▂ Su-25 ""Grač"""
su_25_558arz_1;▂ Su-25
su_25_558arz_2;▂ Su-25

tu_95m_shop;Tu-95M
tu_95m_0;"<color=#81c3fc>Zavod № 18 im. Vorošilova</color>
<color=#5cae63>izd. VM</color>
Samolyot Tu-95M"
tu_95m_1;Tu-95M
tu_95m_2;Tu-95

nt_tu_95m_shop;Tu-95M
nt_tu_95m_0;"<color=#81c3fc>Zavod № 18 im. Vorošilova</color>
<color=#5cae63>izd. VM</color>
Samolyot Tu-95M"
nt_tu_95m_1;Tu-95M
nt_tu_95m_2;Tu-95

j_22m1a_shop;J-22M1A
j_22m1a_0;"<color=#81c3fc>Avioane Craiova <color=@commonTextColor>+</color> Soko Vazduhoplovna Industrija, RO Vazduhoplovstvo</color>
Avion J-22M1A Orao"
j_22m1a_1;J-22M1A
j_22m1a_2;J-22

//USSR AIRCRAFT - VEHICLE/FAMILY START: RANK 7
mig_23m_shop;MiG-23M
mig_23m_0;"<color=#5cae63>izd. 23-11M</color>
MiG-23M"
mig_23m_1;MiG-23M
mig_23m_2;MiG-23

mig_23mld_shop;MiG-23MLD
mig_23mld_0;"<color=#81c3fc>Moskovskoye aviaczionnoye proizvodstvyennoye ob""yedinyeniye</color>
<color=#5cae63>izd. 23-18</color>
MiG-23MLD"
mig_23mld_1;MiG-23MLD
mig_23mld_2;MiG-23

nt_mig_23mld_shop;MiG-23MLD
nt_mig_23mld_0;"<color=#81c3fc>Moskovskoye aviaczionnoye proizvodstvyennoye ob""yedinyeniye</color>
<color=#5cae63>izd. 23-18</color>
MiG-23MLD"
nt_mig_23mld_1;MiG-23MLD
nt_mig_23mld_2;MiG-23

mig_23ml_shop;MiG-23ML
mig_23ml_0;"<color=#5cae63>izd. 23-12</color>
MiG-23ML"
mig_23ml_1;MiG-23ML
mig_23ml_2;MiG-23

su_17m2_shop;Su-17M2
su_17m2_0;"<color=#5cae63>izd. S-32M2</color>
Su-17M2"
su_17m2_1;Su-17M2
su_17m2_2;Su-17

su_17m4_shop;Su-17M4
su_17m4_0;"<color=#5cae63>izd. S-54</color>
Su-17M4"
su_17m4_1;Su-17M4
su_17m4_2;Su-17

mig_27m_shop;MiG-27M
mig_27m_0;"<color=#5cae63>izd. 32-39</color>
MiG-27M"
mig_27m_1;MiG-27M
mig_27m_2;MiG-27

mig_27k_shop;MiG-27K
mig_27k_0;"<color=#5cae63>izd. 32-36</color>
MiG-27K"
mig_27k_1;MiG-27K
mig_27k_2;MiG-27

su_24m_shop;Su-24M2
su_24m_0;"<color=#81c3fc>Kompaniâ «Sukhoj»</color>
<color=#5cae63>izd. T-6M2</color>
Samolyot Su-24M2"
su_24m_1;Su-24M
su_24m_2;Su-24

nt_su_24m_shop;Su-24M2
nt_su_24m_0;"<color=#81c3fc>Kompaniâ «Sukhoj»</color>
<color=#5cae63>izd. T-6M2</color>
Samolyot Su-24M2"
nt_su_24m_1;Su-24M
nt_su_24m_2;Su-24

su_22m3_shop;▄ Su-22M3
su_22m3_0;"<color=#5cae63>izd. S-52M3</color>
▄ Su-22M3"
su_22m3_1;▄ Su-22M3
su_22m3_2;▄ Su-22

mig_25pd_shop;MiG-25PD
mig_25pd_0;"<color=#81c3fc>Moskovskij mašinostroityel'nyj zavod «Zyenit»</color>
<color=#5cae63>izd. 84D</color>
Samolyot MiG-25PD"
mig_25pd_1;MiG-25PD
mig_25pd_2;MiG-25

//USSR AIRCRAFT - VEHICLE/FAMILY START: RANK 8
yak_141_shop;Âk-141
yak_141_0;"<color=#5cae63>izd. 48M</color>
Âk-141"
yak_141_1;Âk-141
yak_141_2;Âk-141

mig_29kr_9_41r_shop;MiG-29KR
mig_29kr_9_41r_0;"<color=#81c3fc>Moskovskoye aviaczionnoye proizvodstvyennoye ob""yedinyeniye im. P. V.
Dyemyent'yeva</color>
<color=#5cae63>izd. 9-41R</color>
Samolyot MiG-29KR"
mig_29kr_9_41r_1;MiG-29KR
mig_29kr_9_41r_2;MiG-29

mig_29_9_12_shop;MiG-29 (9-12)
mig_29_9_12_0;"<color=#81c3fc>Moskovskoye aviaczionnoye proizvodstvyennoye ob""yedinyeniye</color>
<color=#5cae63>izd. 9-12</color>
Samolyot MiG-29"
mig_29_9_12_1;MiG-29
mig_29_9_12_2;MiG-29

mig_29_9_13_shop;MiG-29 (9-13)
mig_29_9_13_0;"<color=#5cae63>izd. 9-13</color>
MiG-29"
mig_29_9_13_1;MiG-29
mig_29_9_13_2;MiG-29

mig_29smt_9_19_shop;MiG-29SMT
mig_29smt_9_19_0;"<color=#5cae63>izd. 9-19R</color>
MiG-29SMT"
mig_29smt_9_19_1;MiG-29SMT
mig_29smt_9_19_2;MiG-29

mig_29smt_9_19_killstreak_shop;☢ MiG-29SMT
mig_29smt_9_19_killstreak_0;"<color=#5cae63>izd. 9-19R</color>
☢ MiG-29SMT"
mig_29smt_9_19_killstreak_1;☢ MiG-29SMT
mig_29smt_9_19_killstreak_2;☢ MiG-29

mig_29m_9_15_shop;MiG-29M
mig_29m_9_15_0;"<color=#81c3fc>Nižyegorodskij gosudarstvyennyj aviaczionnyj zavod «Sokol»</color>
<color=#5cae63>izd. 9-15</color>
Samolyot MiG-29M"
mig_29m_9_15_1;MiG-29M
mig_29m_9_15_2;MiG-29

su_27_shop;Su-27
su_27_0;"<color=#81c3fc>Kompaniâ «Sukhoj»</color>
<color=#5cae63>izd. T-10S</color>
Samolyot Su-27"
su_27_1;Su-27
su_27_2;Su-27

su_27sm_shop;Su-27SM
su_27sm_0;"<color=#81c3fc>Kompaniâ «Sukhoj»</color>
<color=#5cae63>izd. T-10SM</color>
Samolyot Su-27SM"
su_27sm_1;Su-27SM
su_27sm_2;Su-27

su_30sm_shop;Su-30SM
su_30sm_0;"<color=#81c3fc>Kompaniâ «Sukhoj»</color>
<color=#5cae63>izd. T-10PU</color>
Samolyot Su-30SM"
su_30sm_1;Su-30SM
su_30sm_2;Su-30

su_30sm2_shop;Su-30SM2 (2025)
su_30sm2_0;"<color=#81c3fc>Kompaniâ «Sukhoj»</color>
<color=#5cae63>izd. T-10PU</color>
Samolyot Su-30SM2
<color=#adadad>(2025)</color>"
su_30sm2_1;Su-30SM2
su_30sm2_2;Su-30

su_30mk2v_venezuela_shop;▄ Su-30MK2
su_30mk2v_venezuela_0;"<color=#81c3fc>Kompaniâ «Sukhoj»</color>
▄ Su-30MK2"
su_30mk2v_venezuela_1;▄ Su-30MK2
su_30mk2v_venezuela_2;▄ Su-30

su_34_shop;Su-34NVO
su_34_0;"<color=#81c3fc>Kompaniâ «Sukhoj»</color>
<color=#5cae63>izd. T-10V</color>
Samolyot Su-34NVO"
su_34_1;Su-34NVO
su_34_2;Su-34

su_33_shop;Su-33 (SVP-24-33)
su_33_0;"<color=#81c3fc>Kompaniâ «Sukhoj»</color>
<color=#5cae63>izd. T-10K</color>
Samolyot Su-33
<color=#adadad>(SVP-24-33)</color>"
su_33_1;Su-33
su_33_2;Su-33

//USSR HELICOPTERS - VEHICLE/FAMILY START: RANK 5
mi_24d_shop;▂ Mi-24D
mi_24d_0;"<color=#5cae63>izd. 246</color>
▂ Mi-24D"
mi_24d_1;▂ Mi-24D
mi_24d_2;▂ Mi-24

mi_24v_shop;Mi-24V
mi_24v_0;"<color=#5cae63>izd. 242</color>
Mi-24V"
mi_24v_1;Mi-24V
mi_24v_2;Mi-24

mi_35m_shop;Mi-24VM
mi_35m_0;"<color=#81c3fc>Rostovskij vyertolëtnyj proizvodstvyennyj komplyeks «Rostvyertol»
imyeni B. N. Slûsarâ</color>
Vyertolyet Mi-24VM"
mi_35m_1;Mi-24VM
mi_35m_2;Mi-24

mi_35m_killstreak_shop;Mi-24VM
mi_35m_killstreak_0;"<color=#81c3fc>Rostovskij vyertolëtnyj proizvodstvyennyj komplyeks «Rostvyertol»
imyeni B. N. Slûsarâ</color>
Vyertolyet Mi-24VM"
mi_35m_killstreak_1;Mi-24VM
mi_35m_killstreak_2;Mi-24

//USSR HELICOPTERS - VEHICLE/FAMILY START: RANK 6
mi_35p_shop;Mi-35P
mi_35p_0;"<color=#81c3fc>Moskovskij vyertolëtnyj zavod im. M. L. Milâ <color=@commonTextColor>/</color> Kholding
«Vyertolëty Rossii» <color=@commonTextColor>+</color> Rostovskij vyertolëtnyj proizvodstvyennyj
komplyeks akczionyernoye obŝyestvo «Rostvyertol» im. B. N. Slûsarâ
Mi-35P Transportno-boyevoj Vyertolyet ""Fyeniks""</color>"
mi_35p_1;Mi-35P
mi_35p_2;Mi-35

//USSR HELICOPTERS - VEHICLE/FAMILY START: RANK 7
mi_8amtsh_vn_shop;Mi-8AMTŠ-VN
mi_8amtsh_vn_0;"<color=#81c3fc>Moskovskij vyertolëtnyj zavod im. M. L. Milâ</color>
Vyertolyet Mi-8AMTŠ-VN ""Sapsan"""
mi_8amtsh_vn_1;Mi-8AMTŠ
mi_8amtsh_vn_2;Mi-8

//USSR GROUND VEHICLES - VEHICLE/FAMILY START: RANK 1
ussr_garford_putilov_shop;Garford
ussr_garford_putilov_0;"<color=#81c3fc>Garford Motor Truck Company <color=@commonTextColor>/</color> Putilovskij zavod</color>
Bronirovannyj 4-tonnyj avtomobil' ""Garford"""
ussr_garford_putilov_1;Garford
ussr_garford_putilov_2;Armored Car

ussr_bt_7_1937_shop;BT-7 (1937)
ussr_bt_7_1937_0;"<color=#5cae63>A-7</color>
BT-7 obr. 1937 g."
ussr_bt_7_1937_1;BT-7
ussr_bt_7_1937_2;Light Tank

ussr_bt_7_m_shop;BT-7M
ussr_bt_7_m_0;"<color=#5cae63>A-8</color>
BT-7M"
ussr_bt_7_m_1;BT-7M
ussr_bt_7_m_2;Light Tank

ussr_bt_7_1937_td_shop;⋦ BT-7 (1937)
ussr_bt_7_1937_td_0;"<color=#5cae63>A-7</color>
⋦ BT-7 obr. 1937 g."
ussr_bt_7_1937_td_1;⋦ BT-7
ussr_bt_7_1937_td_2;Light Tank

ussr_bt_7a_f32_shop;BT-7A (F-32)
ussr_bt_7a_f32_0;"<color=#5cae63>A-7</color>
BT-7A
<color=#adadad>(F-32)</color>"
ussr_bt_7a_f32_1;BT-7A (F-32)
ussr_bt_7a_f32_2;Light Tank

ussr_bt_7_1937_race_shop;BT-7
ussr_bt_7_1937_race_0;"<color=#5cae63>A-7</color>
BT-7 obr. 1937 g."
ussr_bt_7_1937_race_1;BT-7
ussr_bt_7_1937_race_2;Light Tank

ussr_t_26_4_shop;T-26-4
ussr_t_26_4_0;"T-26-4"
ussr_t_26_4_1;T-26-4
ussr_t_26_4_2;Light Tank

ussr_t_26_1940_shop;T-26-1
ussr_t_26_1940_0;"<color=#7ce68f>T-26 obr. 1940 g.</color>
T-26-1"
ussr_t_26_1940_1;T-26
ussr_t_26_1940_2;Light Tank

ussr_t_26_1940_1st_GvTBr_shop;T-26-1 (1-â Gv.T.Br.)
ussr_t_26_1940_1st_GvTBr_0;"<color=#7ce68f>T-26 obr. 1940 g.</color>
T-26-1
<color=@currencyGoldColor>1-â Gvardyejskaâ Tankovaâ Brigada</color>"
ussr_t_26_1940_1st_GvTBr_1;T-26
ussr_t_26_1940_1st_GvTBr_2;Light Tank

ussr_t_26E_shop;T-26-1 (Èkran.)
ussr_t_26E_0;"<color=#7ce68f>T-26 obr. 1940 g.</color>
T-26-1
<color=#adadad>(Èkranirovannyj)</color>"
ussr_t_26E_1;T-26 
ussr_t_26E_2;Light Tank

ussr_t_28_1938_shop;T-28 (1936)
ussr_t_28_1938_0;"T-28 obr. 1936 g."
ussr_t_28_1938_1;T-28
ussr_t_28_1938_2;Medium Tank

ussr_t_28_shop;T-28 (1938/39)
ussr_t_28_0;"T-28 obr. 1938/39 gg."
ussr_t_28_1;T-28
ussr_t_28_2;Medium Tank

ussr_t_28E_shop;T-28 (Èkran.)
ussr_t_28E_0;"T-28 obr. 1938/39 gg.
<color=#adadad>(Èkranirovannyj)</color>"
ussr_t_28E_1;T-28
ussr_t_28E_2;Medium Tank

ussr_t_60_1941_shop;T-60 (1942)
ussr_t_60_1941_0;"<color=#5cae63>Ob""yekt 0-60</color>
T-60 obr. 1942 g."
ussr_t_60_1941_1;T-60
ussr_t_60_1941_2;Light Tank

ussr_t_70_1942_shop;T-70
ussr_t_70_1942_0;"<color=#5cae63>Ob""yekt 0-70</color>
T-70 obr. 1942 g."
ussr_t_70_1942_1;T-70
ussr_t_70_1942_2;Light Tank

ussr_gaz_4m_shop;GAZ-AAA (M-4)
ussr_gaz_4m_0;"GAZ-AAA
<color=#adadad>(M-4)</color>"
ussr_gaz_4m_1;GAZ-AAA (M-4)
ussr_gaz_4m_2;SPAA

ussr_gaz_dshk_shop;GAZ-AAA (DŠKT)
ussr_gaz_dshk_0;"GAZ-AAA
<color=#adadad>(DŠKT)</color>"
ussr_gaz_dshk_1;GAZ-AAA (DŠKT)
ussr_gaz_dshk_2;SPAA

ussr_su_76m_1943_shop;SU-76M
ussr_su_76m_1943_0;"SU-76M obr. 1943 g."
ussr_su_76m_1943_1;SU-76M
ussr_su_76m_1943_2;SPG

ussr_su_76m_5st_kav_corps_shop;SU-76M (5-j Gv.Kav.Korp)
ussr_su_76m_5st_kav_corps_0;"SU-76M obr. 1943 g.
<color=@currencyGoldColor>5-j Gvardyejskij Kavalyerijskij Korpus</color>"
ussr_su_76m_5st_kav_corps_1;SU-76M
ussr_su_76m_5st_kav_corps_2;SPG

ussr_su_76d_shop;SU-76D
ussr_su_76d_0;"<color=#7ce68f>GAZ-74</color>
SU-76D"
ussr_su_76d_1;SU-76D
ussr_su_76d_2;SPG

//USSR GROUND VEHICLES - VEHICLE/FAMILY START: RANK 2
ussr_t_34_1941_l_11_shop;T-34 (Dec 1940)
ussr_t_34_1941_l_11_0;"<color=#81c3fc>Khar'kovskij Parovozostroityel'nyj Zavod, Zavod №183</color>
<color=#5cae63>Ob""yekt 34</color>
T-34 obr. 1940 g.
<color=#adadad>(December 1940)</color>"
ussr_t_34_1941_l_11_1;T-34
ussr_t_34_1941_l_11_2;Medium Tank

ussr_t_34_1941_shop;"T-34 (May 1941)"
ussr_t_34_1941_0;"<color=#81c3fc>Ural'skij Tankovyj Zavod, Zavod №183</color>
<color=#5cae63>Ob""yekt 34</color>
T-34 obr. 1941 g.
<color=#adadad>(May 1941)</color>"
ussr_t_34_1941_1;T-34
ussr_t_34_1941_2;Medium Tank

ussr_t_34_1942_shop;T-34 (Sep 1942)
ussr_t_34_1942_0;"<color=#81c3fc>Ural'skij Tankovyj Zavod, Zavod №183</color>
<color=#5cae63>Ob""yekt 34</color>
T-34 obr. 1942 g.
<color=#adadad>(September 1942)</color>"
ussr_t_34_1942_1;T-34
ussr_t_34_1942_2;Medium Tank

ussr_t_34E_STZ_shop;T-34 (Èkran.) (STZ)
ussr_t_34E_STZ_0;"<color=#81c3fc>Stalingradskij traktornyj zavod imyeni F.È. Dzyeržinskogo</color>
<color=#5cae63>Ob""yekt 34</color>
T-34 obr. 1941 g.
<color=#adadad>(Èkranirovannyj) (February 1942)</color>"
ussr_t_34E_STZ_1;T-34
ussr_t_34E_STZ_2;Medium Tank

ussr_t_34_1940_l_11_shop;T-34 (pilot)
ussr_t_34_1940_l_11_0;"<color=#81c3fc>Khar'kovskij Parovozostroityel'nyj Zavod, Zavod №183</color>
<color=#5cae63>Ob""yekt 34</color>
T-34
<color=#adadad>(pilot model) (March 1940)</color>"
ussr_t_34_1940_l_11_1;T-34
ussr_t_34_1940_l_11_2;Medium Tank

ussr_t_34_1941_cast_turret_shop;"T-34 (Jul 1941) (1-â Gv.T.Br.)"
ussr_t_34_1941_cast_turret_0;"<color=#81c3fc>Khar'kovskij Parovozostroityel'nyj Zavod, Zavod №183</color>
<color=#5cae63>Ob""yekt 34</color>
T-34 obr. 1941 g.
<color=#adadad>(July 1941)</color>
<color=@currencyGoldColor>1-â Gvardyejskaâ Tankovaâ Brigada</color>"
ussr_t_34_1941_cast_turret_1;T-34
ussr_t_34_1941_cast_turret_2;Medium Tank

ussr_t_34E_shop;T-34 (Èkran.) (№112)
ussr_t_34E_0;"<color=#81c3fc>Zavod №112</color>
<color=#5cae63>Ob""yekt 34</color>
T-34 obr. 1941 g.
<color=#adadad>(Èkranirovannyj) (February 1943)</color>"
ussr_t_34E_1;T-34
ussr_t_34E_2;Medium Tank

ussr_t_34_1941_57_shop;T-34 (May 1941) (ZiS-4)
ussr_t_34_1941_57_0;"<color=#81c3fc>Stalingradskij traktornyj zavod imyeni F.È. Dzyeržinskogo</color>
<color=#5cae63>Ob""yekt 34</color>
T-34 obr. 1941 g.
<color=#adadad>(May 1941) (ZiS-4)</color>"
ussr_t_34_1941_57_1;T-34
ussr_t_34_1941_57_2;Medium Tank

ussr_t_34_85_d_5t_shop;T-34-85 (Mar 1944)
ussr_t_34_85_d_5t_0;"<color=#81c3fc>Ural'skij Tankovyj Zavod, Zavod №183</color>
<color=#5cae63>Ob""yekt 35</color>
T-34-85 obr. 1944 g.
<color=#adadad>(March 1944)</color>"
ussr_t_34_85_d_5t_1;T-34-85
ussr_t_34_85_d_5t_2;Medium Tank

ussr_t_34_85_zis_53_shop;T-34-85 (Sep 1944)
ussr_t_34_85_zis_53_0;"<color=#81c3fc>Ural'skij Tankovyj Zavod, Zavod №183</color>
<color=#5cae63>Ob""yekt 35</color>
T-34-85 obr. 1944 g.
<color=#adadad>((September 1944)</color>"
ussr_t_34_85_zis_53_1;T-34-85
ussr_t_34_85_zis_53_2;Medium Tank

ussr_t_34_57_1943_shop;T-34 (Sep 1942) (ZiS-4M)
ussr_t_34_57_1943_0;"<color=#81c3fc>Ural'skij Tankovyj Zavod, Zavod №183</color>
<color=#5cae63>Ob""yekt 34</color>
T-34 obr. 1942 g.
<color=#adadad>(September 1942) (ZiS-4M) (July, 1943)</color>"
ussr_t_34_57_1943_1;T-34
ussr_t_34_57_1943_2;Medium Tank

ussr_t_34_85_zis_53_kit_3rank_shop;"T-34-85 (Sep 1944) ""In May 1945"""
ussr_t_34_85_zis_53_kit_3rank_0;"<color=#81c3fc>Ural'skij tankovyj zavod №183</color>
<color=#5cae63>Ob""yekt 35</color>
T-34-85 obr. 1944 g.
<color=#adadad>(September 1944)</color>
<color=@currencyGoldColor>""In May 1945""</color>"
ussr_t_34_85_zis_53_kit_3rank_1;T-34-85
ussr_t_34_85_zis_53_kit_3rank_2;Medium Tank

ussr_t_34_85_zis_53_v80_shop;T-34-85 (Sep 1944) (64-â Gv.T.Br.)
ussr_t_34_85_zis_53_v80_0;"<color=#81c3fc>Ural'skij tankovyj zavod №183</color>
<color=#5cae63>Ob""yekt 35</color>
T-34-85 obr. 1944 g.
<color=#adadad>(September 1944)</color>
<color=@currencyGoldColor>64-â gvardyejskaâ tankovaâ brigada</color>"
ussr_t_34_85_zis_53_v80_1;T-34-85
ussr_t_34_85_zis_53_v80_2;Medium Tank

ussr_t_34_85_stp_s53_shop;T-34-85 (May 1945) (STP-S-53)
ussr_t_34_85_stp_s53_0;"<color=#81c3fc>Zavod № 112</color>
<color=#5cae63>Ob""yekt 135</color>
Tank T-34-85 obr. 1945 g.
<color=#adadad>(May 1945) (Stabilizator STP-S-53 ""Taran"")</color>"
ussr_t_34_85_stp_s53_1;T-34-85
ussr_t_34_85_stp_s53_2;Medium Tank

ussr_t_34_85E_shop;T-34-85 (Èkran.) (36-â T.Br.)
ussr_t_34_85E_0;"<color=#81c3fc>Omskij zavod №174 imyeni Lyenina</color>
<color=#5cae63>Ob""yekt 35</color>
T-34-85 obr. 1944 g.
<color=#adadad>(Èkranirovannyj) (September 1944)</color>
<color=@currencyGoldColor>36-â Tankovaâ Brigada</color>"
ussr_t_34_85E_1;T-34-85
ussr_t_34_85E_2;Medium Tank

ussr_t_34_100_shop;T-34-100 (LB-1)
ussr_t_34_100_0;"<color=#81c3fc>Ural'skij Tankovyj Zavod, Zavod №183</color>
<color=#5cae63>Ob""yekt 35</color>
T-34-100
<color=#adadad>(LB-1)</color>"
ussr_t_34_100_1;T-34-100
ussr_t_34_100_2;Medium Tank

ussr_t_50_shop;T-50
ussr_t_50_0;"<color=#5cae63>135</color>
T-50"
ussr_t_50_1;T-50
ussr_t_50_2;Light Tank

ussr_t_50_for_tutorial_shop;T-50
ussr_t_50_for_tutorial_0;"<color=#5cae63>135</color>
T-50"
ussr_t_50_for_tutorial_1;T-50
ussr_t_50_for_tutorial_2;Light Tank

ussr_t_80_shop;T-80
ussr_t_80_0;"<color=#5cae63>Ob""yekt 0-80</color>
T-80"
ussr_t_80_1;T-80
ussr_t_80_2;Light Tank

ussr_kv_1_L_11_shop;KV-1 (Feb 1940)
ussr_kv_1_L_11_0;"KV-1 obr. 1940 g.
<color=#adadad>(February 1940)</color>"
ussr_kv_1_L_11_1;KV-1
ussr_kv_1_L_11_2;Heavy Tank

ussr_kv_1s_shop;KV-1S
ussr_kv_1s_0;KV-1S
ussr_kv_1s_1;KV-1
ussr_kv_1s_2;Heavy Tank

ussr_kv_1_zis_5_shop;KV-1 (Jul 1941)
ussr_kv_1_zis_5_0;"KV-1 obr. 1941 g.
<color=#adadad>(July 1941)</color>"
ussr_kv_1_zis_5_1;KV-1
ussr_kv_1_zis_5_2;Heavy Tank

ussr_kv_1e_shop;KV-1 (Èkran.)
ussr_kv_1e_0;"KV-1 obr. 1941 g.
<color=#adadad>(Èkranirovannyj)</color>"
ussr_kv_1e_1;KV-1
ussr_kv_1e_2;Heavy Tank

ussr_kv_2_1939_shop;KV-2 (Jan 1940)
ussr_kv_2_1939_0;"KV-2 obr. 1940 g.
<color=#adadad>(January 1940)</color>"
ussr_kv_2_1939_1;KV-2
ussr_kv_2_1939_2;Heavy Tank

ussr_kv_2_1940_shop;KV-2 (late 1940)
ussr_kv_2_1940_0;"KV-2 obr. 1940 g.
<color=#adadad>(late 1940)</color>"
ussr_kv_2_1940_1;KV-2
ussr_kv_2_1940_2;Heavy Tank

ussr_kv_2_zis_6_shop;KV-2 (ZiS-6)
ussr_kv_2_zis_6_0;"KV-2 obr. 1941 g.
<color=#adadad>(ZiS-6) (May 1941)</color>"
ussr_kv_2_zis_6_1;KV-2
ussr_kv_2_zis_6_2;Heavy Tank

ussr_kv_8_shop;KV-8
ussr_kv_8_0;"<color=#81c3fc>Kirovskij zavod Narkomata tankovoj promyšlyennosti v gorodye
Čyelâbinskye (Zavod № 100)</color>
<color=#5cae63>Ob""yekt 228</color>
Tank KV-8"
ussr_kv_8_1;KV-8
ussr_kv_8_2;Heavy Tank

ussr_kv_85_shop;KV-85
ussr_kv_85_0;"<color=#5cae63>Ob""yekt 239</color>
KV-85"
ussr_kv_85_1;KV-85
ussr_kv_85_2;Heavy Tank

ussr_kv_7_u13_shop;KV-7 (U-13)
ussr_kv_7_u13_0;"<color=#5cae63>Ob""yekt 227</color>
KV-7
<color=#adadad>(U-13)</color>"
ussr_kv_7_u13_1;KV-7 (U-13)
ussr_kv_7_u13_2;SPG

ussr_kv_122_shop;KV-122 (D-25T)
ussr_kv_122_0;"KV-122
<color=#adadad>(D-25T)</color>"
ussr_kv_122_1;KV-122
ussr_kv_122_2;Heavy Tank

ussr_kv_220_shop;KV-220
ussr_kv_220_0;"<color=#5cae63>Ob""yekt 220</color>
KV-220"
ussr_kv_220_1;KV-220
ussr_kv_220_2;Heavy Tank

ussr_gaz_mm_72k_shop;GAZ-MM (72-K)
ussr_gaz_mm_72k_0;"GAZ-MM
<color=#adadad>(72-K)</color>"
ussr_gaz_mm_72k_1;GAZ-MM (72-K)
ussr_gaz_mm_72k_2;SPAA

ussr_gaz_mm_72k_without_crew_shop;GAZ-MM (72-K)
ussr_gaz_mm_72k_without_crew_0;"GAZ-MM
<color=#adadad>(72-K)</color>"
ussr_gaz_mm_72k_without_crew_1;GAZ-MM (72-K)
ussr_gaz_mm_72k_without_crew_2;SPAA

ussr_btr_152a_shop;BTR-152A (ZTPU-2)
ussr_btr_152a_0;"<color=#5cae63>Ob""yekt 140A</color>
BTR-152A
<color=#adadad>(ZTPU-2)</color>"
ussr_btr_152a_1;BTR-152A (ZTPU-2)
ussr_btr_152a_2;SPAA

ussr_zis_12_94KM_1945_shop;ZiS-12 (94-KM)
ussr_zis_12_94KM_1945_0;"ZiS-12
<color=#adadad>(94-KM)</color>"
ussr_zis_12_94KM_1945_1;ZiS-12 (94-KM)
ussr_zis_12_94KM_1945_2;SPAA

ussr_t_126sp_shop;T-126SP
ussr_t_126sp_0;"<color=#5cae63>126</color>
T-126SP"
ussr_t_126sp_1;T-126
ussr_t_126sp_2;Light Tank

ussr_bm_13n_shop;BM-13N
ussr_bm_13n_0;"BM-13N
<color=#adadad>(KS-112)</color>"
ussr_bm_13n_1;BM-13N
ussr_bm_13n_2;MLRS

ussr_a_12_mk_2_matilda_2A_F96_shop;▂ Matil'da-III (F-96)
ussr_a_12_mk_2_matilda_2A_F96_0;"▂ Mk II Matil'da-III obr. 1944 g.
<color=#adadad>(F-96)</color>"
ussr_a_12_mk_2_matilda_2A_F96_1;▂ Matil'da-III
ussr_a_12_mk_2_matilda_2A_F96_2;Infantry tank

//USSR GROUND VEHICLES - VEHICLE/FAMILY START: RANK 3
ussr_is_1_shop;IS-1
ussr_is_1_0;"<color=#81c3fc>Kirovskij zavod</color>
<color=#5cae63>Ob""yekt 237</color>
IS-1 obr. 1943 g."
ussr_is_1_1;IS-1
ussr_is_1_2;Heavy Tank

ussr_is_1_kit_3rank_shop;"IS-1 ""In May 1945"""
ussr_is_1_kit_3rank_0;"<color=#81c3fc>Kirovskij zavod</color>
<color=#5cae63>Ob""yekt 237</color>
IS-1 obr. 1943 g.
<color=@currencyGoldColor>""In May 1945""</color>"
ussr_is_1_kit_3rank_1;IS-1
ussr_is_1_kit_3rank_2;Heavy Tank

ussr_is_2_1943_shop;IS-2 (1-j)
ussr_is_2_1943_0;"<color=#5cae63>Ob""yekt 240</color>
IS-2 obr. 1943 g.
<color=#adadad>(1-j obr.)</color>"
ussr_is_2_1943_1;IS-2
ussr_is_2_1943_2;Heavy Tank

ussr_is_2_1944_shop;IS-2 (2-j)
ussr_is_2_1944_0;"<color=#5cae63>Ob""yekt 240</color>
IS-2 obr. 1944 g.
<color=#adadad>(2-j obr.)</color>"
ussr_is_2_1944_1;IS-2
ussr_is_2_1944_2;Heavy Tank

ussr_is_2_1944_321_shop;IS-2 (2-j) (No. 321)
ussr_is_2_1944_321_0;"<color=#5cae63>Ob""yekt 240</color>
IS-2 obr. 1944 g.
<color=#adadad>(2-j obr.)</color>
<color=@currencyGoldColor>No. 321</color>"
ussr_is_2_1944_321_1;IS-2
ussr_is_2_1944_321_2;Heavy Tank

ussr_is_2_1944_revenge_shop;IS-2 (2-j) (48-j Ot.Gv.T.T.P.)
ussr_is_2_1944_revenge_0;"<color=#5cae63>Ob""yekt 240</color>
IS-2 obr. 1944 g.
<color=#adadad>(2-j obr.)</color>
<color=@currencyGoldColor>48-j Otdyel'nyj Gvardyejskij Tâžyelyj Tankovyj Polk</color>"
ussr_is_2_1944_revenge_1;IS-2
ussr_is_2_1944_revenge_2;Heavy Tank

ussr_object_248_shop;IS-5 (1944)
ussr_object_248_0;"<color=#5cae63>Ob""yekt 248</color>
<color=#7ce68f>IS-100</color>
IS-5 obr. 1944 g."
ussr_object_248_1;IS-5 (1944)
ussr_object_248_2;Heavy Tank

ussr_is_3_shop;IS-3
ussr_is_3_0;"<color=#5cae63>Ob""yekt 703</color>
IS-3 obr. 1945 g."
ussr_is_3_1;IS-3
ussr_is_3_2;Heavy Tank

ussr_is_4m_shop;IS-4M
ussr_is_4m_0;"<color=#5cae63>Ob""yekt 701-6</color>
IS-4M obr. 1949 g."
ussr_is_4m_1;IS-4M
ussr_is_4m_2;Heavy Tank

ussr_is_4m_tutorial_shop;IS-4M
ussr_is_4m_tutorial_0;"<color=#5cae63>Ob""yekt 701-6</color>
IS-4M obr. 1949 g."
ussr_is_4m_tutorial_1;IS-4M
ussr_is_4m_tutorial_2;Heavy Tank

ussr_is_6_shop;IS-6
ussr_is_6_0;"<color=#5cae63>Ob""yekt 252</color>
IS-6"
ussr_is_6_1;IS-6
ussr_is_6_2;Heavy Tank

ussr_is_7_shop;IS-7
ussr_is_7_0;"<color=#5cae63>Ob""yekt 260 sb.2</color>
IS-7 obr. 1948 g."
ussr_is_7_1;IS-7
ussr_is_7_2;Heavy Tank

ussr_asu_57_shop;ASU-57 (1954)
ussr_asu_57_0;"<color=#5cae63>Ob""yekt 572</color>
ASU-57 obr. 1954 g."
ussr_asu_57_1;ASU-57
ussr_asu_57_2;SPG

ussr_pt_76b_shop;PT-76B
ussr_pt_76b_0;"<color=#5cae63>Ob""yekt 740B</color>
PT-76B obr. 1959 g."
ussr_pt_76b_1;PT-76B
ussr_pt_76b_2;Light Tank

ussr_pt_76_57_shop;PT-76B (BM-57)
ussr_pt_76_57_0;"PT-76B
<color=#adadad>(BM-57)</color>"
ussr_pt_76_57_1;PT-76B (BM-57)
ussr_pt_76_57_2;Light Tank

ussr_su_152_shop;SU-152 (Mar 1943)
ussr_su_152_0;"<color=#5cae63>Ob""yekt 236</color>
SU-152
<color=#adadad>(March 1943)</color>"
ussr_su_152_1;SU-152
ussr_su_152_2;SPG

ussr_su_85_1943_shop;SU-85
ussr_su_85_1943_0;"<color=#5cae63>Ob""yekt 139</color>
SU-85 obr. 1944 g."
ussr_su_85_1943_1;SU-85
ussr_su_85_1943_2;SPG

ussr_su_85m_shop;SU-85M
ussr_su_85m_0;"<color=#5cae63>Ob""yekt 139</color>
SU-85M obr. 1944 g."
ussr_su_85m_1;SU-85M
ussr_su_85m_2;SPG

ussr_isu_122_shop;ISU-122
ussr_isu_122_0;"<color=#5cae63>Ob""yekt 242</color>
ISU-122 obr. 1945 g."
ussr_isu_122_1;ISU-122
ussr_isu_122_2;SPG

ussr_isu_152_shop;ISU-152
ussr_isu_152_0;"<color=#5cae63>Ob""yekt 241 <color=@commonTextColor>|</color> 52-GPS-545</color>
ISU-152 obr. 1945 g."
ussr_isu_152_1;ISU-152
ussr_isu_152_2;SPG

ussr_isu_122s_shop;ISU-122S
ussr_isu_122s_0;"<color=#5cae63>Ob""yekt 249</color>
<color=#7ce68f>ISU-122-2</color>
ISU-122S obr. 1945 g."
ussr_isu_122s_1;ISU-122S
ussr_isu_122s_2;SPG

ussr_btr_152d_shop;ZiS-152D (ZTPU-4)
ussr_btr_152d_0;"ZiS-152D
<color=#adadad>(ZTPU-4)</color>"
ussr_btr_152d_1;ZiS-152D (ZTPU-4)
ussr_btr_152d_2;SPAA

ussr_bm_31_12_shop;BM-31-12
ussr_bm_31_12_0;"BM-31-12
<color=#adadad>(KS-77)</color>"
ussr_bm_31_12_1;BM-31-12
ussr_bm_31_12_2;MLRS

ussr_sdkfz_251_21_kit_3rank_shop;"▂ m.S.P.W. D (M.G. 151 S) ""In May 1945"""
ussr_sdkfz_251_21_kit_3rank_0;"<color=#81c3fc>Hannoversche Maschinenbau</color>
<color=#5cae63>Sd.Kfz. 251/21</color>
▂ mittlerer Schützenpanzerwagen Ausf. D mit 2cm Drilling M.G. 151 S
<color=@currencyGoldColor>""In May 1945""</color>"
ussr_sdkfz_251_21_kit_3rank_1;▂ m.S.P.W. D (M.G. 151 S)
ussr_sdkfz_251_21_kit_3rank_2;SPAAG

//USSR GROUND VEHICLES - VEHICLE/FAMILY START: RANK 4
ussr_t_44_shop;T-44
ussr_t_44_0;"<color=#5cae63>Ob""yekt 136</color>
T-44"
ussr_t_44_1;T-44
ussr_t_44_2;Medium Tank

ussr_t_44_122_shop;T-44-122
ussr_t_44_122_0;"<color=#5cae63>Ob""yekt 136</color>
T-44-122"
ussr_t_44_122_1;T-44-122
ussr_t_44_122_2;Medium Tank

ussr_t_44_po_shop;T-44 (№ 1)
ussr_t_44_po_0;"<color=#81c3fc>Ural'skij tankovyj zavod №183 imyeni Komintyerna</color>
<color=#5cae63>Ob""yekt 136</color>
T-44
<color=#adadad>(№ 1)</color>"
ussr_t_44_po_1;T-44
ussr_t_44_po_2;Medium Tank

ussr_t_44_100_shop;T-44-100
ussr_t_44_100_0;"<color=#5cae63>Ob""yekt 136</color>
T-44-100"
ussr_t_44_100_1;T-44-100
ussr_t_44_100_2;Medium Tank

ussr_asu_85_shop;ASU-85
ussr_asu_85_0;"<color=#5cae63>Ob""yekt 573</color>
ASU-85"
ussr_asu_85_1;ASU-85
ussr_asu_85_2;SPG

ussr_su_100p_shop;SU-100P
ussr_su_100p_0;"<color=#5cae63>Ob""yekt 105</color>
SU-100P"
ussr_su_100p_1;SU-100P
ussr_su_100p_2;SPG

ussr_su_100_1945_shop;SU-100
ussr_su_100_1945_0;"<color=#5cae63>Ob""yekt 138</color>
SU-100 obr. 1944 g."
ussr_su_100_1945_1;SU-100
ussr_su_100_1945_2;SPG

ussr_btr_zd_shop;BTR-ZD
ussr_btr_zd_0;"<color=#5cae63>Ob""yekt 925S</color>
BTR-ZD"
ussr_btr_zd_1;BTR-ZD
ussr_btr_zd_2;SPAA

ussr_m53_59_shop;PLDvK vz. 53/59
ussr_m53_59_0;"<color=#81c3fc>Praga V3S <color=@commonTextColor>/</color> Závody K. J. Vorošilova</color>
30mm protiletadlový dvojkanón vz. 53/59 „Ještěrka“"
ussr_m53_59_1;PLDvK vz. 53/59
ussr_m53_59_2;SPAAG

ussr_type_62_shop;▂ ZTQ62
ussr_type_62_0;"<color=#81c3fc>Guóyíng Hā'ěrbīn Dì Yī Jīqì Zhìzào Chang (Guóyíng Dì 674 Chang)</color>
<color=#5cae63>WZ131</color>
<color=#919191>1962 Nián Shì Qīngxíng Tankè</color>
▂ ZTQ1962 Shì Qīngxíng Tankè"
ussr_type_62_1;▂ ZTQ62
ussr_type_62_2;Light Tank

ussr_type_65_aa_shop;▂ A24
ussr_type_65_aa_0;"<color=#81c3fc>Nhà Máy Q153</color>
▂ Xe Phòng Không Too Hành 2 Nòng 37mm, A24"
ussr_type_65_aa_1;▂ A24
ussr_type_65_aa_2;SPAAG

//USSR GROUND VEHICLES - VEHICLE/FAMILY START: RANK 5
ussr_t_54_1947_shop;T-54-1
ussr_t_54_1947_0;"<color=#5cae63>Ob""yekt 137-I</color>
<color=#7ce68f>T-54 obr. 1947 g.</color>
T-54-1"
ussr_t_54_1947_1;T-54
ussr_t_54_1947_2;Medium Tank

ussr_t_54_1949_shop;T-54-2
ussr_t_54_1949_0;"<color=#5cae63>Ob""yekt 137-II</color>
<color=#7ce68f>T-54 obr. 1949 g.</color>
T-54-2"
ussr_t_54_1949_1;T-54
ussr_t_54_1949_2;Medium Tank

ussr_t_54_1951_shop;T-54-3
ussr_t_54_1951_0;"<color=#5cae63>Ob""yekt 137-III</color>
<color=#7ce68f>T-54 obr. 1951 g.</color>
T-54-3"
ussr_t_54_1951_1;T-54
ussr_t_54_1951_2;Medium Tank

ussr_bmp_1_shop;BMP-1P
ussr_bmp_1_0;"<color=#5cae63>Ob""yekt 76 sp.4</color>
BMP-1P obr. 1979 g."
ussr_bmp_1_1;BMP-1P
ussr_bmp_1_2;Light Tank

ussr_object_906_shop;PT-85 (UTD-20)
ussr_object_906_0;"<color=#5cae63>Ob""yekt 906</color>
PT-85
<color=#adadad>(UTD-20)</color>"
ussr_object_906_1;PT-85
ussr_object_906_2;Light Tank

ussr_su_122_54_shop;SU-122-54
ussr_su_122_54_0;"<color=#5cae63>Ob""yekt 600</color>
SU-122-54 obr. 1956 g."
ussr_su_122_54_1;SU-122-54
ussr_su_122_54_2;SPG

ussr_2s19_m1_shop;2S19M1
ussr_2s19_m1_0;"<color=#81c3fc>Ural'skij zavod transportnogo mašinostroyeniâ imyeni Â.M. Svyerdlova</color>
<color=#5cae63>Ob""yekt 316</color>
2S19M1 ""Msta-S"""
ussr_2s19_m1_1;2S19M1
ussr_2s19_m1_2;SPH

ussr_2s19_m2_shop;2S19M2
ussr_2s19_m2_0;"<color=#81c3fc>Ural'skij zavod transportnogo mašinostroyeniâ imyeni Â.M. Svyerdlova</color>
<color=#5cae63>Ob""yekt 316</color>
2S19M2 ""Msta-S"""
ussr_2s19_m2_1;2S19M2
ussr_2s19_m2_2;SPH

ussr_zsu_23_4m2_shop;ZSU-23-4M2
ussr_zsu_23_4m2_0;"<color=#5cae63>2A6M2</color>
ZSU-23-4M2 Šilka-M2"
ussr_zsu_23_4m2_1;ZSU-23-4M2
ussr_zsu_23_4m2_2;SPAA

ussr_zsu_23_4_shop;ZSU-23-4V
ussr_zsu_23_4_0;"<color=#5cae63>2A6</color>
ZSU-23-4V Šilka"
ussr_zsu_23_4_1;ZSU-23-4V
ussr_zsu_23_4_2;SPAA

ussr_zsu_23_4m4_shop;ZSU-23-4M4
ussr_zsu_23_4m4_0;"<color=#5cae63>2A6M4</color>
ZSU-23-4M4 Šilka-M4"
ussr_zsu_23_4m4_1;ZSU-23-4M4
ussr_zsu_23_4m4_2;SPAA

ussr_t_10a_shop;T-10A
ussr_t_10a_0;"<color=#5cae63>Ob""yekt 731</color>
T-10A obr. 1956 g."
ussr_t_10a_1;T-10A
ussr_t_10a_2;Heavy Tank

ussr_t_10m_shop;T-10M
ussr_t_10m_0;"<color=#5cae63>Ob""yekt 734</color>
T-10M obr. 1967 g."
ussr_t_10m_1;T-10M
ussr_t_10m_2;Heavy Tank

//USSR GROUND VEHICLES - VEHICLE/FAMILY START: RANK 6
ussr_t_55_amd_1_shop;T-55AD-1
ussr_t_55_amd_1_0;"<color=#5cae63>Ob""yekt 155AD-1</color>
T-55AD-1"
ussr_t_55_amd_1_1;T-55AD-1
ussr_t_55_amd_1_2;Medium Tank

ussr_t_62_shop;T-62
ussr_t_62_0;"<color=#5cae63>Ob""yekt 166</color>
T-62 obr. 1964 g."
ussr_t_62_1;T-62
ussr_t_62_2;Medium Tank

ussr_t_62m1_shop;T-62M-1
ussr_t_62m1_0;"<color=#5cae63>Ob""yekt 166M-1</color>
T-62M-1"
ussr_t_62m1_1;T-62M
ussr_t_62m1_2;Medium Tank

ussr_t_72a_shop;T-72A
ussr_t_72a_0;"<color=#5cae63>Ob""yekt 176</color>
T-72A obr. 1983 g."
ussr_t_72a_1;T-72A
ussr_t_72a_2;MBT

ussr_t_72b_shop;T-72B (Kontakt-1)
ussr_t_72b_0;"<color=#5cae63>Ob""yekt 184</color>
T-72B obr. 1989/85 gg."
ussr_t_72b_1;T-72B
ussr_t_72b_2;MBT

ussr_t_72b_1989_shop;T-72B (Kontakt-5)
ussr_t_72b_1989_0;"<color=#5cae63>Ob""yekt 184</color>
T-72B obr. 1989 g."
ussr_t_72b_1989_1;T-72B
ussr_t_72b_1989_2;MBT

ussr_t_72b3_2011_shop;T-72B3M (2016)
ussr_t_72b3_2011_0;"<color=#5cae63>Ob""yekt 184B</color>
T-72B3M obr. 2016 g."
ussr_t_72b3_2011_1;T-72B3
ussr_t_72b3_2011_2;MBT

ussr_t_72b3_2017_race_shop;T-72B3M (2014)
ussr_t_72b3_2017_race_0;"<color=#5cae63>Ob""yekt 184B</color>
T-72B3M obr. 2014 g."
ussr_t_72b3_2017_race_1;T-72B3
ussr_t_72b3_2017_race_2;MBT

ussr_t_72av_turms_shop;▄ T-72AV (TURMS-T)
ussr_t_72av_turms_0;"<color=#5cae63>Ob""yekt 176V</color>
▄ T-72AV obr. 2003 g.
<color=#adadad>(TURMS-T)</color>"
ussr_t_72av_turms_1;▄ T-72AV
ussr_t_72av_turms_2;MBT

ussr_t_72m2_moderna_shop;T-72M2
ussr_t_72m2_moderna_0;T-72M2 Moderna
ussr_t_72m2_moderna_1;T-72M2
ussr_t_72m2_moderna_2;MBT

ussr_t_72b3_arena_shop;T-72B3 (Aryena-M)
ussr_t_72b3_arena_0;"<color=#81c3fc>Ural'skij vagonostroityel'nyj zavod im. F. È. Dzyeržinskogo <color=@commonTextColor>/</color>
Naučno-proizvodstvyennaâ korporacziâ «Konstruktorskoye bûro
mašinostroyeniâ»</color>
<color=#5cae63>Ob""yekt 184-3M</color>
Tank T-72B3 obr. 2011 g.
<color=#adadad>(Komplyeks aktivnoj zaŝity T09-A6-1 «Aryena-M»)</color>"
ussr_t_72b3_arena_1;T-72B3
ussr_t_72b3_arena_2;MBT

ussr_t_72b3_arena_m_shop;T-72B3A
ussr_t_72b3_arena_m_0;"<color=#81c3fc>Ural'skij vagonostroityel'nyj zavod im. F. È. Dzyeržinskogo <color=@commonTextColor>/</color>
Naučno-proizvodstvyennaâ korporacziâ «Konstruktorskoye bûro
mašinostroyeniâ»</color>
<color=#5cae63>Ob""yekt 184-5</color>
Tank T-72B3A obr. 2024 g."
ussr_t_72b3_arena_m_1;T-72B3
ussr_t_72b3_arena_m_2;MBT

ussr_object_435_shop;Ob. 435
ussr_object_435_0;"<color=#5cae63>Ob""yekt 435</color>"
ussr_object_435_1;Ob. 435
ussr_object_435_2;Medium Tank

ussr_t_64a_1971_shop;T-64A
ussr_t_64a_1971_0;"<color=#5cae63>Ob""yekt 434</color>
T-64A obr. 1971 g. Redut"
ussr_t_64a_1971_1;T-64A
ussr_t_64a_1971_2;MBT

ussr_t_64_b_1984_shop;T-64BV
ussr_t_64_b_1984_0;"<color=#5cae63>Ob""yekt 447AV</color>
T-64BV obr. 1987 g."
ussr_t_64_b_1984_1;T-64BV
ussr_t_64_b_1984_2;MBT

ussr_bmp_2_shop;BMP-2D
ussr_bmp_2_0;"<color=#5cae63>Ob""yekt 675</color>
BMP-2D obr. 1982 g."
ussr_bmp_2_1;BMP-2
ussr_bmp_2_2;IFV

ussr_bmp_2m_shop;BMP-2M
ussr_bmp_2m_0;"<color=#5cae63>Ob""yekt 675</color>
BMP-2M obr. 2005 g."
ussr_bmp_2m_1;BMP-2
ussr_bmp_2m_2;IFV

ussr_object_685_shop;Ob. 685
ussr_object_685_0;"<color=#5cae63>Ob""yekt 685</color>"
ussr_object_685_1;Ob. 685
ussr_object_685_2;Light Tank

ussr_bmp_3_shop;BMP-3
ussr_bmp_3_0;"<color=#5cae63>Ob""yekt 688A</color>
BMP-3 obr. 2017 g."
ussr_bmp_3_1;BMP-3
ussr_bmp_3_2;IFV

ussr_bmd_4m2_shop;BMD-4M (Sinicza)
ussr_bmd_4m2_0;"<color=#81c3fc>Kurganskij mašinostroityel'nyj zavod</color>
<color=#5cae63>Ob""yekt 960M2</color>
Boyevaâ mašina dyesanta BMD-4M
<color=#adadad>(Boyevoye otdyelyeniye Sinicza)</color>"
ussr_bmd_4m2_1;BMD-4M
ussr_bmd_4m2_2;IFV

ussr_bmd_4_shop;BMD-4
ussr_bmd_4_0;"<color=#81c3fc>Kurganskij mašinostroityel'nyj zavod</color>
<color=#5cae63>Ob""yekt 960</color>
Boyevaâ mašina dyesanta BMD-4 obr. 2004 g."
ussr_bmd_4_1;BMD-4
ussr_bmd_4_2;IFV

ussr_bmd_4m_shop;BMD-4M
ussr_bmd_4m_0;"<color=#81c3fc>Kurganskij mašinostroityel'nyj zavod</color>
<color=#5cae63>Ob""yekt 960M</color>
Boyevaâ mašina dyesanta BMD-4M"
ussr_bmd_4m_1;BMD-4M
ussr_bmd_4m_2;IFV

ussr_it_1_shop;IT-1
ussr_it_1_0;"<color=#5cae63>Ob""yekt 150</color>
IT-1 ""Yaguar"""
ussr_it_1_1;IT-1
ussr_it_1_2;Medium Tank

ussr_9p149_shop;9P149M
ussr_9p149_0;"<color=#5cae63>Ob""yekt 49</color>
9P149M ""Šturm-S"""
ussr_9p149_1;9P149M
ussr_9p149_2;SPG

ussr_btr_82at_shop;BTR-82AT (9P163-1)
ussr_btr_82at_0;"<color=#81c3fc>Arzamasskij mašinostroityel'nyj zavod</color>
Bronyetransportyer BTR-82AT
<color=#adadad>(Puskovoye ustrojstvo 9P163-1)</color>"
ussr_btr_82at_1;BTR-82AT
ussr_btr_82at_2;IFV

ussr_object_775_shop;Ob. 775
ussr_object_775_0;"<color=#5cae63>Ob""yekt 775</color>"
ussr_object_775_1;Ob. 775
ussr_object_775_2;SPG

ussr_object_140_shop;Ob. 140
ussr_object_140_0;"<color=#5cae63>Ob""yekt 140</color>"
ussr_object_140_1;Ob. 140
ussr_object_140_2;Medium Tank

ussr_object_279_shop;Ob. 279
ussr_object_279_0;"<color=#5cae63>Ob""yekt 279 obr. 1960 g.</color>"
ussr_object_279_1;Ob. 279
ussr_object_279_2;Heavy Tank

//USSR GROUND VEHICLES - VEHICLE/FAMILY START: RANK 7
ussr_t_90a_shop;T-90A
ussr_t_90a_0;"<color=#5cae63>Ob""yekt 188A1</color>
T-90A obr. 2006 g. Vladimir"
ussr_t_90a_1;T-90A
ussr_t_90a_2;MBT

ussr_t_90m_2020_shop;Т-90М
ussr_t_90m_2020_0;"<color=#81c3fc>Naučno-proizvodstvyennaâ korporacziâ «UralVagonZavod»</color>
<color=#5cae63>Ob""yekt 188M</color>
Танк T-90M obr. 2017 g. ""Proryv-3"""
ussr_t_90m_2020_1;Т-90М
ussr_t_90m_2020_2;MBT

ussr_t_90m_arena_m_shop;T-90M (Aryena-M)
ussr_t_90m_arena_m_0;"<color=#81c3fc>Naučno-proizvodstvyennaâ korporacziâ «UralVagonZavod»</color>
<color=#5cae63>Ob""yekt 188M</color>
T-90M obr. 2017 g. ""Proryv-3""
<color=#adadad>(Komplyeks aktivnoj zaŝity T09-A6-1 ""Aryena-M"")</color>"
ussr_t_90m_arena_m_1;T-90M
ussr_t_90m_arena_m_2;MBT

ussr_t_80b_shop;T-80B (AGAVA)
ussr_t_80b_0;"<color=#5cae63>Ob""yekt 219R</color>
T-80B obr. 1982 g.
<color=#adadad>(AGAVA)</color>"
ussr_t_80b_1;T-80B
ussr_t_80b_2;MBT

ussr_t_80u_shop;T-80U
ussr_t_80u_0;"<color=#5cae63>Ob""yekt 219AS</color>
T-80U obr. 1993 g. isp. Shvedskiy"
ussr_t_80u_1;T-80U
ussr_t_80u_2;MBT

ussr_t_80ud_shop;T-80UD
ussr_t_80ud_0;"<color=#5cae63>Ob""yekt 478B</color>
T-80UD obr. 1985 g. Bereza"
ussr_t_80ud_1;T-80UD
ussr_t_80ud_2;MBT

ussr_t_80ue1_shop;T-80U-Ye1
ussr_t_80ue1_0;"<color=#81c3fc>Kirovskij zavod <color=@commonTextColor>/</color> Omskij zavod transportnogo mašinostroyeniâ</color>
<color=#5cae63>Ob""yekt 219AS-1</color>
Tank T-80U-Ye1"
ussr_t_80ue1_1;T-80U-Ye1
ussr_t_80ue1_2;MBT

ussr_t_80ue1_sm_shop;◍ Mariya's T-80U-Ye1
ussr_t_80ue1_sm_0;"<color=#81c3fc>Kirovskij zavod <color=@commonTextColor>/</color> Omskij zavod transportnogo mašinostroyeniâ</color>
<color=#5cae63>Ob""yekt 219AS-1</color>
◍ Tank T-80U-Ye1
<color=@currencyGoldColor>Mariya's</color>"
ussr_t_80ue1_sm_1;◍ T-80U-Ye1
ussr_t_80ue1_sm_2;MBT

ussr_t_80u_yt_cup_2019_shop;␙ T-80U
ussr_t_80u_yt_cup_2019_0;"<color=#5cae63>Ob""yekt 219AS</color>
␙ T-80U obr. 1993 g. isp. Shvedskiy"
ussr_t_80u_yt_cup_2019_1;␙ T-80U
ussr_t_80u_yt_cup_2019_2;MBT

ussr_t_80um2_shop;T-80U (Drozd)
ussr_t_80um2_0;"<color=#81c3fc>Kirovskij zavod</color>
<color=#5cae63>Ob""yekt 219AS</color>
Tank T-80U obr. 1995 g.
<color=#adadad>(Drozd)</color>"
ussr_t_80um2_1;T-80U
ussr_t_80um2_2;MBT

ussr_t_80uk_shop;T-80UK
ussr_t_80uk_0;"<color=#5cae63>Ob""yekt 630A</color>
T-80UK obr. 1992 g."
ussr_t_80uk_1;T-80UK
ussr_t_80uk_2;MBT

ussr_t_80u_race_shop;T-80U
ussr_t_80u_race_0;"<color=#5cae63>Ob""yekt 219AS</color>
T-80U obr. 1993 g. isp. Shvedskiy"
ussr_t_80u_race_1;T-80U
ussr_t_80u_race_2;MBT

ussr_t_80bvm_shop;T-80BVM
ussr_t_80bvm_0;"<color=#5cae63>Ob""yekt 219RVM</color>
T-80BVM obr. 2017 g."
ussr_t_80bvm_1;T-80BVM
ussr_t_80bvm_2;MBT

ussr_9p157_shop;9P157-2
ussr_9p157_0;"<color=#5cae63>Ob""yekt 699 sb.2</color>
BM 9P157-2 ""Khrizantema-S"""
ussr_9p157_1;9P157-2
ussr_9p157_2;SPG

ussr_bmpt_shop;BMPT (2002)
ussr_bmpt_0;"<color=#81c3fc>Ural'skoye konstruktorskoye bûro transportnogo mašinostroyeniâ</color>
<color=#5cae63>Ob""yekt 199</color>
Boyevaâ mašina poddyeržki tankov BMPT obr. 2002 g. ""Tyerminator"""
ussr_bmpt_1;BMPT
ussr_bmpt_2;IFV

ussr_bmpt_72_shop;BMPT-72
ussr_bmpt_72_0;"<color=#81c3fc>Ural'skoye konstruktorskoye bûro transportnogo mašinostroyeniâ</color>
<color=#5cae63>Ob""yekt 183</color>
Boyevaâ mašina poddyeržki tankov BMPT-72 ""Tyerminator-2"""
ussr_bmpt_72_1;BMPT-72
ussr_bmpt_72_2;IFV

ussr_9a33bm3_shop;9A33BM3
ussr_9a33bm3_0;"<color=#81c3fc>Naučno-isslyedovatyel'skij èlyektromyekhaničyeskij institut</color>
Boyevaâ mašina 9A33BM3 ""Osa-AKM"""
ussr_9a33bm3_1;9A33BM3
ussr_9a33bm3_2;SPAA

ussr_9a35_m2_shop;9A35M2
ussr_9a35_m2_0;"BM 9A35M2 ""Strela-10M2"""
ussr_9a35_m2_1;9A35
ussr_9a35_m2_2;SPAA

ussr_tor_m1_shop;9A331-1
ussr_tor_m1_0;"<color=#81c3fc>Naučno-proizvodstvyennoye ob""yedinyeniye Antyej</color>
Boyevaâ mašina 9A331-1"
ussr_tor_m1_1;9A331-1
ussr_tor_m1_2;SPAAM

ussr_object_292_shop;Ob. 292
ussr_object_292_0;"<color=#5cae63>Ob""yekt 292</color>"
ussr_object_292_1;Ob. 292
ussr_object_292_2;MBT

//USSR GROUND VEHICLES - VEHICLE/FAMILY START: RANK 8
ussr_buk_m3_launcher_shop;9A317M
ussr_buk_m3_launcher_0;"<color=#81c3fc>Naučno-isslyedovatyel'skij institut priborostroyeniâ im. V. V.
Tikhomirova (NIIP)</color>
Samokhodnaâ ognyevaâ ustanovka 9A317M ""Buk-M3"""
ussr_buk_m3_launcher_1;9A317M
ussr_buk_m3_launcher_2;SPAAM

ussr_buk_m3_fcs_shop;9S18M3
ussr_buk_m3_fcs_0;"<color=#81c3fc>Naučno-isslyedovatyel'skij institut priborostroyeniâ im. V. V.
Tikhomirova (NIIP)</color>
Stancziâ obnaružyeniâ i czyelyeukazaniâ ""Kupol-M3"""
ussr_buk_m3_fcs_1;9S18M3
ussr_buk_m3_fcs_2;Radar

ussr_pantsyr_sm_sv_shop;Panczir'-SM-SV
ussr_pantsyr_sm_sv_0;"<color=#81c3fc>Konstruktorskoye bûro priborostroyeniâ</color>
Zyenitnyj rakyetno-pušyečnyj komplyeks ""Panczir'-SM-SV"""
ussr_pantsyr_sm_sv_1;Panczir'-SM-SV
ussr_pantsyr_sm_sv_2;SPAAG/M

//USSR COASTAL FLEET - VEHICLE/FAMILY START: RANK 1
ussr_g5_mtb_shop;TKA №12/1
ussr_g5_mtb_0;"<color=#81c3fc>Torpednyy kater Tip G-5, syeriâ X</color>
TKA №12/1"
ussr_g5_mtb_1;TKA №12/1
ussr_g5_mtb_2;Motor Torpedo Boat

ussr_g5_mtb_shvak_shop;TKA No. 12/5 (ŠVAK-20)
ussr_g5_mtb_shvak_0;"<color=#81c3fc>Torpednyy kater Tip G-5</color>
TKA No. 12/5
<color=#adadad>(ŠVAK-20)</color>"
ussr_g5_mtb_shvak_1;TKA No. 12/5
ussr_g5_mtb_shvak_2;Motor Torpedo Boat

ussr_g5_rct_shop;TK-412
ussr_g5_rct_0;"<color=#81c3fc>Torpyednyye katyera Tip G-5, syeriâ XI</color>
TK-412"
ussr_g5_rct_1;TK-412
ussr_g5_rct_2;Motor Gun Boat

ussr_d3_shop;TKA №11
ussr_d3_0;"<color=#81c3fc>Torpediyj Katyer Proyekt P-19-OK, Tip D-3, Syerii I</color>
TKA №11"
ussr_d3_1;TKA №11
ussr_d3_2;Motor Torpedo Boat

ussr_pr_103_sm4_shop;TKA № 164
ussr_pr_103_sm4_0;"<color=#81c3fc>Sudostroityel'nyj zavod № 194 im. Marti</color>
<color=#fffa62>Torpyednyj katyer proyekta 103 tip SM-4</color>
TKA № 164"
ussr_pr_103_sm4_1;TKA № 164
ussr_pr_103_sm4_2;Motor Torpedo Boat

ussr_mo_4_shop;PK-216
ussr_mo_4_0;"<color=#fffa62>Pogranichnyye Storozhyevyye Korabl' Proyekt 174, Tip MO-4</color>
PK-216"
ussr_mo_4_1;MO-4
ussr_mo_4_2;Gunboat

ussr_od_200_shop;MO-361
ussr_od_200_0;"<color=#fffa62>Malyj Okhotnik za Podvodnymi Lodkami Proyekt 200, Tip OD-200</color>
MO-361"
ussr_od_200_1;MO-361
ussr_od_200_2;Gunboat

ussr_d3_tk126_shop;TK-126
ussr_d3_tk126_0;"<color=#81c3fc>Zavod № 640</color>
<color=#fffa62>Torpyednyj katyer proyekt 19-OK</color>
TK-126
<color=#adadad>(1944)</color>"
ussr_d3_tk126_1;TK-126
ussr_d3_tk126_2;Motor Torpedo Boat

ussr_ya_5m_shop;MK-25
ussr_ya_5m_0;"<color=#fffa62>Minomyetnyj Katyer Tip Ya-5M</color>
MK-25"
ussr_ya_5m_1;MK-25
ussr_ya_5m_2;Motor Gun Boat

//USSR COASTAL FLEET - VEHICLE/FAMILY START: RANK 2
ussr_mpk_163_shop;MPK-163
ussr_mpk_163_0;"<color=#fffa62>Malen'kiy Protivolodochnyy Korabl' Proyekt 122bis</color>
MPK-163"
ussr_mpk_163_1;MPK-163
ussr_mpk_163_2;Gunboat

ussr_mpk_122a_shop;MPK-143
ussr_mpk_122a_0;"<color=#fffa62>Malen'kiy Protivolodochnyy Korabl' Proyekt 122A</color>
MPK-143"
ussr_mpk_122a_1;MPK-143
ussr_mpk_122a_2;Subchaser

ussr_mpk_122bis_shop;MPK-173
ussr_mpk_122bis_0;"<color=#fffa62>Malen'kiy Protivolodochnyy Korabl' Proyekt 122bis</color>
MPK-173"
ussr_mpk_122bis_1;MPK-173
ussr_mpk_122bis_2;Gunboat

ussr_pr_123bis_shop;TK-687
ussr_pr_123bis_0;"<color=#fffa62>Malyj Torpediyj Katyer Proyekt 123bis Komsomolyets</color>
TK-687"
ussr_pr_123bis_1;TK-687
ussr_pr_123bis_2;Motor Torpedo Boat

ussr_pr_123k_hydrofoils_shop;TK-996 (A-10bis)
ussr_pr_123k_hydrofoils_0;"<color=#fffa62>Malyj Torpediyj Katyer Proyekt 123K</color>
TK-996
<color=#adadad>(A-10bis)</color>"
ussr_pr_123k_hydrofoils_1;TK-996 (A-10bis)
ussr_pr_123k_hydrofoils_2;Motor Torpedo Boat

ussr_pr_123k_shop;TK-1
ussr_pr_123k_0;"<color=#fffa62>Malyj Torpediyj Katyer Proyekt 123K</color>
TK-1"
ussr_pr_123k_1;TK-1
ussr_pr_123k_2;Motor Torpedo Boat

ussr_1124_art_shop;BK-121
ussr_1124_art_0;"<color=#fffa62>Bronyekatyer Proyekt 1124</color>
BK-121
<color=#adadad>(1942)</color>"
ussr_1124_art_1;BK-121
ussr_1124_art_2;Armored Boat

ussr_1124_rct_shop;BKA №31
ussr_1124_rct_0;"<color=#fffa62>Bronyekatyer Artillyerijskiye Proyekt 1124</color>
BKA №31
<color=#adadad>(16-M-13) (1944)</color>"
ussr_1124_rct_1;BKA №31
ussr_1124_rct_2;Armored Boat

ussr_1124_ack_shop;BK-314
ussr_1124_ack_0;"<color=#fffa62>Bronyekatyer Proyekt 1124</color>
BK-314
<color=#adadad>(1945)</color>"
ussr_1124_ack_1;BK-314
ussr_1124_ack_2;Armored Boat

ussr_pr253l_shop;T-380
ussr_pr253l_0;"<color=#81c3fc>Sudostroityel'nyj zavod № 189 im. S. Ordžonikidzye</color>
<color=#fffa62>Ryejdovyye tral'ŝiki proyekt 253L</color>
T-380"
ussr_pr253l_1;T-380
ussr_pr253l_2;Raid Minesweeper

ussr_pr_1204_shop;AK-222
ussr_pr_1204_0;"<color=#fffa62>Artillyerijskiye Katyer Proyekt 1204 Shmel'</color>
AK-222"
ussr_pr_1204_1;AK-222
ussr_pr_1204_2;Armored Boat

ussr_pr_1204_late_shop;AK-508
ussr_pr_1204_late_0;"<color=#fffa62>Artillyerijskiye Katyer Proyekt 1204 Shmel'</color>
AK-508"
ussr_pr_1204_late_1;AK-508
ussr_pr_1204_late_2;Gunboat

//USSR COASTAL FLEET - VEHICLE/FAMILY START: RANK 3
ussr_pr_183_egypt_bm_21_shop;TK-20 (A-215)
ussr_pr_183_egypt_bm_21_0;"<color=#fffa62>Bol'shiye Torpyednyj Katyer Proyekt 183 Bolishyevik</color>
TK-20
<color=#adadad>(A-215 Grad-M)</color>"
ussr_pr_183_egypt_bm_21_1;TK-20
ussr_pr_183_egypt_bm_21_2;Motor Gun Boat

ussr_pr_183_shop;TK-20
ussr_pr_183_0;"<color=#fffa62>Bol'shiye Torpyednyj Katyer Proyekt 183 Bolishyevik</color>
TK-20"
ussr_pr_183_1;TK-20
ussr_pr_183_2;Motor Torpedo Boat

ussr_pr_191_shop;BK-166
ussr_pr_191_0;"<color=#fffa62>Bronyekatyer Proyekt 191</color>
BK-166"
ussr_pr_191_1;BK-166
ussr_pr_191_2;Armored Boat

ussr_pr_191m_shop;BK-167
ussr_pr_191m_0;"<color=#fffa62>Bronyekatyer Proyekt 191M</color>
BK-167"
ussr_pr_191m_1;BK-167
ussr_pr_191m_2;Armored Boat

ussr_mbk_161_1943_shop;BK-501
ussr_mbk_161_1943_0;"<color=#fffa62>Bronyekatyer Proyekt 161</color>
BK-501
<color=#adadad>(1943)</color>"
ussr_mbk_161_1943_1;BK-501
ussr_mbk_161_1943_2;Naval Armored Boat

ussr_mbk_161_1944_shop;BK-516
ussr_mbk_161_1944_0;"<color=#fffa62>Bronyekatyer Proyekt 161</color>
BK-516
<color=#adadad>(1944)</color>"
ussr_mbk_161_1944_1;BK-516
ussr_mbk_161_1944_2;Naval Armored Boat

//USSR COASTAL FLEET - VEHICLE/FAMILY START: RANK 4
ussr_bmo_shop;BMO-318
ussr_bmo_0;"<color=#fffa62>Bronirovannij Malyen'kij Okhotnik Proyekt 194, Tip BMO</color>
BMO-318"
ussr_bmo_1;BMO-318
ussr_bmo_2;Gunboat

ussr_skr_groza_1943_shop;Groza
ussr_skr_groza_1943_0;"<color=#fffa62>Storozhyevyye Korabl' Proyekt 2, Tip Uragan, Syerii I</color>
Groza
<color=#adadad>(1943)</color>"
ussr_skr_groza_1943_1;Groza
ussr_skr_groza_1943_2;Patrol ship

ussr_mpk_201m_shop;PSKR-203
ussr_mpk_201m_0;"<color=#fffa62>Malen'kiy Protivolodochnyy Korabl' Proyekt 201M</color>
PSKR-203"
ussr_mpk_201m_1;PSKR-203
ussr_mpk_201m_2;Subchaser

ussr_mpk_201k_shop;P-190
ussr_mpk_201k_0;"<color=#fffa62>Malen'kiy Protivolodochnyy Korabl' Proyekt 201</color>
P-190"
ussr_mpk_201k_1;P-190
ussr_mpk_201k_2;Subchaser

ussr_mpk_204_shop;MPK-88
ussr_mpk_204_0;"<color=#fffa62>Malen'kiy Protivolodochnyy Korabl' Proyekt 204</color>
MPK-88"
ussr_mpk_204_1;MPK-88
ussr_mpk_204_2;Subchaser

ussr_mkl_186_shop;BK-521
ussr_mkl_186_0;"<color=#fffa62>Bronyekatyer Proyekt 186</color>
BK-521"
ussr_mkl_186_1;BK-521
ussr_mkl_186_2;Naval Armored Boat

ussr_mkl_186_mk85_shop;BK-558
ussr_mkl_186_mk85_0;"<color=#fffa62>Bronyekatyer Proyekt 186 (MK 85)</color>
BK-558"
ussr_mkl_186_mk85_1;BK-558
ussr_mkl_186_mk85_2;Naval Armored Boat

ussr_skr_pr50plo_rosomacha_shop;Rosomakha
ussr_skr_pr50plo_rosomacha_0;"<color=#fffa62>Storozhyevyye Korabl' Proyekt 50, Tip Gornostaj</color>
Rosomakha"
ussr_skr_pr50plo_rosomacha_1;Rosomakha
ussr_skr_pr50plo_rosomacha_2;Patrol ship

ussr_skr_pr50_jenot_shop;Yenot
ussr_skr_pr50_jenot_0;"<color=#fffa62>Storozhyevyye Korabl' Proyekt 50, Tip Gornostaj</color>
Yenot"
ussr_skr_pr50_jenot_1;Yenot
ussr_skr_pr50_jenot_2;Patrol ship

ussr_mpk_pr12412p_shop;MPK-211
ussr_mpk_pr12412p_0;"<color=#fffa62>Malen'kiy Protivolodochnyy Korabl' Proyekt 12412P</color>
MPK-211"
ussr_mpk_pr12412p_1;MPK-211
ussr_mpk_pr12412p_2;Patrol ship

ussr_mpk_pr12412_shop;MPK-140
ussr_mpk_pr12412_0;"<color=#fffa62>Malen'kiy Protivolodochnyy Korabl' Proyekt 12412 Molniya-2</color>
MPK-140"
ussr_mpk_pr12412_1;MPK-140
ussr_mpk_pr12412_2;Patrol ship

//USSR COASTAL FLEET - VEHICLE/FAMILY START: RANK 5
ussr_pr_206_shop;TK-12
ussr_pr_206_0;"<color=#fffa62>Bol'shiye Torpyednyj Katyer Proyekt 206</color>
TK-12"
ussr_pr_206_1;TK-12
ussr_pr_206_2;Motor Torpedo Boat

ussr_pr_206_race_shop;TK-12
ussr_pr_206_race_0;"<color=#fffa62>Bol'shiye Torpyednyj Katyer Proyekt 206</color>
TK-12"
ussr_pr_206_race_1;TK-12
ussr_pr_206_race_2;Motor Torpedo Boat

ussr_pr_206m_shop;T-98
ussr_pr_206m_0;"<color=#fffa62>Bol'shiye Torpyednyj Katyer Proyekt 206M Shtorm</color>
T-98"
ussr_pr_206m_1;T-98
ussr_pr_206m_2;Motor Torpedo Boat

ussr_mpk_pr1331m_shop;MPK-192
ussr_mpk_pr1331m_0;"<color=#fffa62>Malen'kiy Protivolodochnyy Korabl' Proyekt 1331M</color>
MPK-192"
ussr_mpk_pr1331m_1;MPK-192
ussr_mpk_pr1331m_2;Patrol ship

ussr_skr_pr159_shop;PLK-1
ussr_skr_pr159_0;"<color=#fffa62>Protivolodochnyye Korabl' Proyekt 159</color>
PLK-1"
ussr_skr_pr159_1;PLK-1
ussr_skr_pr159_2;Patrol ship

ussr_mpk_pr11451_shop;MPK-215
ussr_mpk_pr11451_0;"<color=#fffa62>Malen'kiy Protivolodochnyy Korabl' Proyekt 11451 Sokol-2</color>
MPK-215"
ussr_mpk_pr11451_1;MPK-215
ussr_mpk_pr11451_2;Subchaser

ussr_mpk_pr_1124_shop;MPK-33
ussr_mpk_pr_1124_0;"<color=#81c3fc>Zyelyenodol'skij sudostroityel'nyj zavod № 340 im. A. M. Gor'kogo</color>
<color=#fffa62>Malyj protivolodočnyj korabl' proyekt 1124 ""Al'batros""</color>
MPK-33"
ussr_mpk_pr_1124_1;MPK-33
ussr_mpk_pr_1124_2;Anti-Submarine Ship

ussr_skr_pr35_shop;PLK-7
ussr_skr_pr35_0;"<color=#fffa62>Protivolodochnyye Korabl' Proyekt 35</color>
PLK-7"
ussr_skr_pr35_1;PLK-7
ussr_skr_pr35_2;Patrol ship

ussr_pr_205pe_k225_shop;AK-225
ussr_pr_205pe_k225_0;"<color=#81c3fc>Lyeningradskij Primorskij zavod</color>
<color=#fffa62>Artillyerijskij katyer proyekt 205PÈ</color>
AK-225
<color=#adadad>(1975)</color>"
ussr_pr_205pe_k225_1;AK-225
ussr_pr_205pe_k225_2;Artillery Boat

//USSR BLUEWATER FLEET - VEHICLE/FAMILY START: RANK 1
ussr_destroyer_frunze_shop;Frunzye
ussr_destroyer_frunze_0;"<color=#fffa62>Novik-class</color>
Frunzye
<color=#adadad>(1940)</color>"
ussr_destroyer_frunze_1;Frunzye
ussr_destroyer_frunze_2;Destroyer

ussr_destroyer_kerch_shop;Kyerč' (1917)
ussr_destroyer_kerch_0;"<color=#fffa62>Eskadrennyy minonosets Tip Novik, 3rd syeriâ, Tip Fidonisi</color>
Kerch'
<color=#adadad>(1917)</color>"
ussr_destroyer_kerch_1;Kyerč' (1917)
ussr_destroyer_kerch_2;Destroyer

ussr_destroyer_7_besposhchadny_shop;Byespoŝadnyj
ussr_destroyer_7_besposhchadny_0;"<color=#fffa62>Pr. 7</color>
Byespoŝadnyj
<color=#adadad>(1942)</color>"
ussr_destroyer_7_besposhchadny_1;Byespoŝadnyj
ussr_destroyer_7_besposhchadny_2;Destroyer

ussr_destroyer_7_ryany_shop;R'ânyj
ussr_destroyer_7_ryany_0;"<color=#fffa62>Pr. 7</color>
R'ânyj
<color=#adadad>(1945)</color>"
ussr_destroyer_7_ryany_1;R'ânyj
ussr_destroyer_7_ryany_2;Destroyer

ussr_destroyer_7y_shop;Soobrazityel'nyj
ussr_destroyer_7y_0;"<color=#fffa62>Pr. 7U</color>
Soobrazityel'nyj
<color=#adadad>(1943)</color>"
ussr_destroyer_7y_1;Soobrazityel'nyj
ussr_destroyer_7y_2;Destroyer

ussr_destroyer_7y_stroyny_shop;Strojnyj
ussr_destroyer_7y_stroyny_0;"<color=#fffa62>Pr. 7U</color>
Strojnyj
<color=#adadad>(1945)</color>"
ussr_destroyer_7y_stroyny_1;Strojnyj
ussr_destroyer_7y_stroyny_2;Destroyer

ussr_destroyer_pr45_shop;Opytnyj
ussr_destroyer_pr45_0;"<color=#fffa62>Pr. 45</color>
Opytnyj
<color=#adadad>(1942)</color>"
ussr_destroyer_pr45_1;Opytnyj
ussr_destroyer_pr45_2;Destroyer

ussr_destroyer_regele_ferdinand_class_letuchiy_shop;Lyetučij
ussr_destroyer_regele_ferdinand_class_letuchiy_0;"<color=#fffa62>Regele Ferdinand-class</color>
Lyetučij
<color=#adadad>(1945)</color>"
ussr_destroyer_regele_ferdinand_class_letuchiy_1;Lyetučij
ussr_destroyer_regele_ferdinand_class_letuchiy_2;Destroyer

//USSR BLUEWATER FLEET - VEHICLE/FAMILY START: RANK 2
ussr_destroyer_moskva_shop;Moskva
ussr_destroyer_moskva_0;"<color=#fffa62>Lyeningrad-class</color>
Moskva
<color=#adadad>(1941)</color>"
ussr_destroyer_moskva_1;Moskva
ussr_destroyer_moskva_2;Destroyer

ussr_destroyer_leningrad_shop;Lyeningrad
ussr_destroyer_leningrad_0;"<color=#fffa62>Lyeningrad-class</color>
Lyeningrad
<color=#adadad>(1944)</color>"
ussr_destroyer_leningrad_1;Lyeningrad
ussr_destroyer_leningrad_2;Destroyer

ussr_destroyer_pr30_ognevoy_shop;Ognyevoj
ussr_destroyer_pr30_ognevoy_0;"<color=#fffa62>Pr. 30</color>
Ognyevoj
<color=#adadad>(1944)</color>"
ussr_destroyer_pr30_ognevoy_1;Ognyevoj
ussr_destroyer_pr30_ognevoy_2;Destroyer

ussr_destroyer_pr30bis_bezuprechnyi_shop;Byezupryečnyj
ussr_destroyer_pr30bis_bezuprechnyi_0;"<color=#fffa62>Pr. 30bis</color>
Byezupryečnyj
<color=#adadad>(1950)</color>"
ussr_destroyer_pr30bis_bezuprechnyi_1;Byezupryečnyj
ussr_destroyer_pr30bis_bezuprechnyi_2;Destroyer

ussr_destroyer_pr30bis_smelyi_shop;Smyelyj
ussr_destroyer_pr30bis_smelyi_0;"<color=#fffa62>Pr. 30bis</color>
Smyelyj
<color=#adadad>(1955)</color>"
ussr_destroyer_pr30bis_smelyi_1;Smyelyj
ussr_destroyer_pr30bis_smelyi_2;Destroyer

//USSR BLUEWATER FLEET - VEHICLE/FAMILY START: RANK 3
ussr_cruiser_krasnyi_kavkaz_shop;Krasnyj Kavkaz
ussr_cruiser_krasnyi_kavkaz_0;"<color=#fffa62>Svetlana-class</color>
Krasnyj Kavkaz
<color=#adadad>(1944)</color>"
ussr_cruiser_krasnyi_kavkaz_1;Krasnyj Kavkaz
ussr_cruiser_krasnyi_kavkaz_2;Light Cruiser

ussr_cruiser_krasnyi_krim_shop;Krasnyj Krym
ussr_cruiser_krasnyi_krim_0;"<color=#fffa62>Svetlana-class</color>
Krasnyj Krym
<color=#adadad>(1943)</color>"
ussr_cruiser_krasnyi_krim_1;Krasnyj Krym
ussr_cruiser_krasnyi_krim_2;Light Cruiser

ussr_cruiser_chervona_ukraina_shop;Čyervona Ukraina
ussr_cruiser_chervona_ukraina_0;"<color=#81c3fc>Russkomu sudostroityel'nomu akczionyernomu obŝyestvu «Russud»</color>
<color=#fffa62>Lyegkij kryejsyer tip Admiral Nakhimov</color>
Čyervona Ukraina"
ussr_cruiser_chervona_ukraina_1;Čyervona Ukraina
ussr_cruiser_chervona_ukraina_2;Light Cruiser

ussr_destroyer_pr20_tashkent_shop;Taškyent
ussr_destroyer_pr20_tashkent_0;"<color=#fffa62>Pr. 20</color>
Taškyent
<color=#adadad>(1942)</color>"
ussr_destroyer_pr20_tashkent_1;Taškyent
ussr_destroyer_pr20_tashkent_2;Destroyer

ussr_destroyer_pr48k_erevan_shop;Yerevan
ussr_destroyer_pr48k_erevan_0;"<color=#81c3fc>Sudostroityel'nyj zavod № 198 im. A. Marti</color>
<color=#fffa62>Lidyer proyekt 48, tip Kiyev</color>
Yerevan"
ussr_destroyer_pr48k_erevan_1;Yerevan
ussr_destroyer_pr48k_erevan_2;Destroyer

ussr_destroyer_pr56_spokoinyy_shop;Spokojnyj
ussr_destroyer_pr56_spokoinyy_0;"<color=#fffa62>Pr. 56</color>
Spokojnyj
<color=#adadad>(1956)</color>"
ussr_destroyer_pr56_spokoinyy_1;Spokojnyj
ussr_destroyer_pr56_spokoinyy_2;Destroyer

ussr_destroyer_pr56_blagorodny_shop;Blagorodnyj
ussr_destroyer_pr56_blagorodny_0;"<color=#fffa62>Pr. 56-PLO</color>
Blagorodnyj
<color=#adadad>(1978)</color>"
ussr_destroyer_pr56_blagorodny_1;Blagorodnyj
ussr_destroyer_pr56_blagorodny_2;Destroyer

ussr_cruiser_omaha_class_murmansk_shop;Murmansk
ussr_cruiser_omaha_class_murmansk_0;"<color=#81c3fc>Todd Dry Dock and Construction Company</color>
<color=#fffa62>Omakha-klass</color>
Murmansk"
ussr_cruiser_omaha_class_murmansk_1;Murmansk
ussr_cruiser_omaha_class_murmansk_2;Light Cruiser

ussr_destroyer_pr41_neustrashimy_shop;Nyeustrašimyj
ussr_destroyer_pr41_neustrashimy_0;"<color=#81c3fc>Pr. 41</color>
Nyeustrašimyj
<color=#adadad>(1960)</color>"
ussr_destroyer_pr41_neustrashimy_1;Nyeustrašimyj
ussr_destroyer_pr41_neustrashimy_2;Destroyer

//USSR BLUEWATER FLEET - VEHICLE/FAMILY START: RANK 4
ussr_cruiser_kirov_shop;Kirov
ussr_cruiser_kirov_0;"<color=#fffa62>Pr. 26</color>
Kirov
<color=#adadad>(1941)</color>"
ussr_cruiser_kirov_1;Kirov
ussr_cruiser_kirov_2;Light Cruiser

ussr_cruiser_voroshilov_shop;Vorošilov
ussr_cruiser_voroshilov_0;"<color=#fffa62>Pr. 26</color>
Vorošilov
<color=#adadad>(1943)</color>"
ussr_cruiser_voroshilov_1;Vorošilov
ussr_cruiser_voroshilov_2;Light Cruiser

ussr_cruiser_maxim_gorky_shop;Maksim Gor'kij
ussr_cruiser_maxim_gorky_0;"<color=#fffa62>Pr. 26bis</color>
Maksim Gor'kij
<color=#adadad>(1941)</color>"
ussr_cruiser_maxim_gorky_1;Maksim Gor'kij
ussr_cruiser_maxim_gorky_2;Light Cruiser

ussr_cruiser_chapayev_shop;Čapayev
ussr_cruiser_chapayev_0;"<color=#fffa62>Pr. 68-K</color>
Čapayev
<color=#adadad>(1950)</color>"
ussr_cruiser_chapayev_1;Čapayev
ussr_cruiser_chapayev_2;Light Cruiser

ussr_cruiser_sverdlov_shop;Sverdlov
ussr_cruiser_sverdlov_0;"<color=#fffa62>Pr. 68bis</color>
Sverdlov
<color=#adadad>(1952)</color>"
ussr_cruiser_sverdlov_1;Sverdlov
ussr_cruiser_sverdlov_2;Light Cruiser

ussr_cruiser_mikhail_kutuzov_shop;Mikhail Kutuzov
ussr_cruiser_mikhail_kutuzov_0;"<color=#fffa62>Pr. 68-A</color>
Mikhail Kutuzov
<color=#adadad>(1986)</color>"
ussr_cruiser_mikhail_kutuzov_1;Mikhail Kutuzov
ussr_cruiser_mikhail_kutuzov_2;Light Cruiser

ussr_cruiser_zheleznyakov_shop;Žyelyeznâkov
ussr_cruiser_zheleznyakov_0;"<color=#fffa62>Pr. 68-K</color>
Žyelyeznâkov
<color=#adadad>(1951)</color>"
ussr_cruiser_zheleznyakov_1;Žyelyeznâkov
ussr_cruiser_zheleznyakov_2;Light Cruiser

ussr_cruiser_shcherbakov_shop;Ŝyerbakov
ussr_cruiser_shcherbakov_0;"<color=#fffa62>Pr. 68bis-ZiF</color>
Ŝyerbakov"
ussr_cruiser_shcherbakov_1;Ŝyerbakov
ussr_cruiser_shcherbakov_2;Light Cruiser

ussr_destroyer_pr56_bravy_shop;Bravyj
ussr_destroyer_pr56_bravy_0;"<color=#81c3fc>Sudostroityel'nyj zavod № 445 <color=@commonTextColor>/</color> Syevastopol'skij morskoj zavod im.
Syergo Ordžonikidzye <color=@commonTextColor>/</color> Sudostroityel'nyj zavod № 200 im. 61 kommunara</color>
<color=#fffa62>Èskadryennyj minonosyecz proyekt 56K</color>
Bravyj
<color=#adadad>(1964)</color>"
ussr_destroyer_pr56_bravy_1;Bravyj
ussr_destroyer_pr56_bravy_2;Destroyer

ussr_destroyer_pr56_bravy_ec_0;Èskadryennyj minonosyecz proyekt 56K | Bravyj (1964)
ussr_destroyer_pr56_bravy_ec_1;Bravyj
ussr_destroyer_pr56_bravy_ec_2;Destroyer

ussr_cruiser_kerch_shop;Kyerč' (1950)
ussr_cruiser_kerch_0;"<color=#fffa62>Legkiy kreyser Tip Emmanuil Filibert Gertsog Aostskiy</color>
Kyerč'
<color=#adadad>(1950)</color>"
ussr_cruiser_kerch_1;Kyerč' (1950)
ussr_cruiser_kerch_2;Light Cruiser

//USSR BLUEWATER FLEET - VEHICLE/FAMILY START: RANK 5
ussr_battleship_poltava_shop;Poltava
ussr_battleship_poltava_0;"<color=#fffa62>Syevastopol'-class</color>
Poltava
<color=#adadad>(1914)</color>"
ussr_battleship_poltava_1;Poltava
ussr_battleship_poltava_2;Battleship

ussr_battleship_parizhskaya_kommuna_shop;Parižskaâ Kommuna
ussr_battleship_parizhskaya_kommuna_0;"<color=#fffa62>Syevastopol'-class</color>
Parižskaâ Kommuna
<color=#adadad>(1941)</color>"
ussr_battleship_parizhskaya_kommuna_1;Parižskaâ Kommuna
ussr_battleship_parizhskaya_kommuna_2;Battleship

ussr_battleship_marat_shop;Marat
ussr_battleship_marat_0;"<color=#fffa62>Syevastopol'-class</color>
Marat
<color=#adadad>(1941)</color>"
ussr_battleship_marat_1;Marat
ussr_battleship_marat_2;Battleship

ussr_battleship_oktyabrskaya_revolutsiya_shop;Okt'abr'skaya ryevolyutsiya
ussr_battleship_oktyabrskaya_revolutsiya_0;"<color=#81c3fc>Admiralt'ejsk'iye v'erf'i <color=@commonTextColor>/</color> Sudostroit'el'nyj zavot № 189 im. S.
Ordzhonik'idz'e</color>
<color=#fffa62>Linyejnyj korabl' t'ip S'evastopol'</color>
<color=#919191>Gangut</color>
Okt'abr'skaya ryevolyutsiya
<color=#adadad>(1944)</color>"
ussr_battleship_oktyabrskaya_revolutsiya_1;Okt'abr'skaya ryevolyutsiya
ussr_battleship_oktyabrskaya_revolutsiya_2;Battleship

ussr_battleship_imperatritsa_mariya_shop;Impyeratricza Mariâ
ussr_battleship_imperatritsa_mariya_0;"<color=#fffa62>Impyeratricza Mariâ-class</color>
Impyeratricza Mariâ
<color=#adadad>(1916)</color>"
ussr_battleship_imperatritsa_mariya_1;Impyeratricza Mariâ
ussr_battleship_imperatritsa_mariya_2;Battleship

ussr_battlecruiser_izmail_shop;Izmail
ussr_battlecruiser_izmail_0;"<color=#fffa62>Izmail-class</color>
Izmail"
ussr_battlecruiser_izmail_1;Izmail
ussr_battlecruiser_izmail_2;Battlecruiser

//USSR BLUEWATER FLEET - VEHICLE/FAMILY START: RANK 6
ussr_battleship_novorossiysk_shop;Novorossijsk
ussr_battleship_novorossiysk_0;"<color=#fffa62>Conte di Cavour-class</color>
Novorossijsk
<color=#adadad>(1955)</color>"
ussr_battleship_novorossiysk_1;Novorossijsk
ussr_battleship_novorossiysk_2;Battleship

ussr_battleship_arhangelsk_shop;Arkhangyel'sk
ussr_battleship_arhangelsk_0;"<color=#81c3fc>Portsmouth Royal Dockyard <color=@commonTextColor>/</color> Philadelphia Navy Yard</color>
<color=#fffa62>Linkor Tip Rojâl Sovyeryen</color>
Arkhangyel'sk"
ussr_battleship_arhangelsk_1;Arkhangyel'sk
ussr_battleship_arhangelsk_2;Battleship

ussr_battlecruiser_kronshtadt_shop;Kronštadt
ussr_battlecruiser_kronshtadt_0;"<color=#81c3fc>Zavod № 194 im. Marti</color>
<color=#fffa62>Tâžëlyj kryejsyer proyekt 69, tip Kronštadt</color>
Kronštadt"
ussr_battlecruiser_kronshtadt_1;Kronštadt
ussr_battlecruiser_kronshtadt_2;Battlecruiser

ussr_battlecruiser_sevastopol_shop;Syevastopol'
ussr_battlecruiser_sevastopol_0;"<color=#81c3fc>Sudostroityel'nyj zavod № 200 imyeni 61 kommunara</color>
<color=#fffa62>Tâžëlyj kryejsyer proyekt 69I, tip Kronštadt</color>
Syevastopol'"
ussr_battlecruiser_sevastopol_1;Syevastopol'
ussr_battlecruiser_sevastopol_2;Battlecruiser

ussr_battlecruiser_stalingrad_shop;Stalingrad
ussr_battlecruiser_stalingrad_0;"<color=#81c3fc>Nikolayevskiye ob""yedinënnyye gosudarstvyennyye zavody im. Andrye
Marti</color>
<color=#fffa62>Tâžëlyj kryejsyer proyekt 82, tip Stalingrad</color>
Stalingrad"
ussr_battlecruiser_stalingrad_1;Stalingrad
ussr_battlecruiser_stalingrad_2;Battlecruiser

//USSR BLUEWATER FLEET - VEHICLE/FAMILY START: RANK 7
ussr_battleship_pr23_sovetskij_soyuz_shop;Sovyetskij Soûz
ussr_battleship_pr23_sovetskij_soyuz_0;"<color=#81c3fc>Sudostroityel'nyj zavod № 189 im. S. Ordžonikidzye</color>
<color=#fffa62>Linyejnyj korabl' proyekt 23, tip Sovyetskij Soûz</color>
Sovyetskij Soûz"
ussr_battleship_pr23_sovetskij_soyuz_1;Sovyetskij Soûz
ussr_battleship_pr23_sovetskij_soyuz_2;Battleship

ussr_destroyer_rckt_pr956_0;Èskadryennyj minonosyecz proyekt 956 | Sovryemyennyj
ussr_destroyer_rckt_pr956_1;Sovryemyennyj
ussr_destroyer_rckt_pr956_2;Destroyer

//UK AIRCRAFT - VEHICLE/FAMILY START: RANK 1
fury_mk1_shop;Fury Mk. I
fury_mk1_0;"<color=#81c3fc>H. G. Hawker Engineering</color>
Fury Mk. I"
fury_mk1_1;Fury Mk. I
fury_mk1_2;Fury

fury_mk2_shop;Fury Mk. II
fury_mk2_0;"<color=#81c3fc>Hawker Aircraft</color>
Fury Mk. II"
fury_mk2_1;Fury Mk. II
fury_mk2_2;Fury

gladiator_mk2_france_shop;Gladiator Mk. II (B.E.F.)
gladiator_mk2_france_0;"<color=#81c3fc>Gloster Aircraft Company SS.37</color>
Gladiator Mk. II
<color=@currencyGoldColor>British Expeditionary Forces</color>"
gladiator_mk2_france_1;Gladiator Mk. II
gladiator_mk2_france_2;Gladiator

gladiator_mk2_silver_shop;Gladiator Mk. II (Silver)
gladiator_mk2_silver_0;"<color=#81c3fc>Gloster Aircraft Company SS.37</color>
Gladiator Mk. II
<color=#adadad>(Silver Finish)</color>"
gladiator_mk2_silver_1;Gladiator Mk. II
gladiator_mk2_silver_2;Gladiator

gladiator_mk2_shop;Gladiator Mk. II
gladiator_mk2_0;"<color=#81c3fc>Gloster Aircraft Company SS.37</color>
Gladiator Mk. II"
gladiator_mk2_1;Gladiator Mk. II
gladiator_mk2_2;Gladiator

gladiator_mk2_navy_shop;Sea Gladiator Mk. I
gladiator_mk2_navy_0;"<color=#81c3fc>Gloster Aircraft Company SS.37</color>
Sea Gladiator Mk. I"
gladiator_mk2_navy_1;Sea Gladiator Mk. I
gladiator_mk2_navy_2;Sea Gladiator

gladiator_mk2_tuck_shop;Tuck's Gladiator Mk. II
gladiator_mk2_tuck_0;"<color=#81c3fc>Gloster Aircraft Company SS.37</color>
Gladiator Mk. II
<color=@currencyGoldColor>Robert S. Tuck's</color>"
gladiator_mk2_tuck_1;Gladiator Mk. II
gladiator_mk2_tuck_2;Gladiator

nimrod_mk1_shop;Nimrod Mk. I
nimrod_mk1_0;"<color=#81c3fc>Hawker Aircraft HN1</color>
Nimrod Mk. I"
nimrod_mk1_1;Nimrod Mk. I
nimrod_mk1_2;Nimrod

nimrod_mk2_shop;Nimrod Mk. II
nimrod_mk2_0;"<color=#81c3fc>Hawker Aircraft HN2</color>
Nimrod Mk. II"
nimrod_mk2_1;Nimrod Mk. II
nimrod_mk2_2;Nimrod

v_156_b1_shop;Chesapeake Mk. I
v_156_b1_0;"<color=#81c3fc>Lewis and Vought Corporation V-156-B1</color>
Chesapeake Mk. I"
v_156_b1_1;Chesapeake Mk. I
v_156_b1_2;Chesapeake

blenheim_mkiv_shop;Blenheim Mk. IV
blenheim_mkiv_0;"<color=#81c3fc>Bristol Aeroplane Company Type 149</color>
Blenheim Mk. IV"
blenheim_mkiv_1;Blenheim Mk. IV
blenheim_mkiv_2;Blenheim

beaufort_mkviii_shop;▄ Beaufort Mk. VIII
beaufort_mkviii_0;"<color=#81c3fc>Bristol Aeroplane Company Type 152</color>
▄ Beaufort Mk. VIII"
beaufort_mkviii_1;▄ Beaufort Mk. VIII
beaufort_mkviii_2;▄ Beaufort

hp_12_shop;O/400
hp_12_0;"<color=#81c3fc>Handley Page Aircraft Company H.P.12</color>
O/400"
hp_12_1;O/400
hp_12_2;O/400

swordfish_mk1_shop;Swordfish Mk. I
swordfish_mk1_0;"<color=#81c3fc>Fairey Aviation Company T.S.R. II <color=@commonTextColor>/</color> Blackburn Aircraft</color>
Swordfish Mk. I ""Stringbag"""
swordfish_mk1_1;Swordfish Mk. I
swordfish_mk1_2;Swordfish

swordfish_mk2_shop;Swordfish Mk. II
swordfish_mk2_0;"<color=#81c3fc>Fairey Aviation Company T.S.R. II <color=@commonTextColor>/</color> Blackburn Aircraft</color>
Swordfish Mk. II ""Stringbag"""
swordfish_mk2_1;Swordfish Mk. II
swordfish_mk2_2;Swordfish

hp52_hampden_mk1_late_shop;Hampden Mk. I
hp52_hampden_mk1_late_0;"<color=#81c3fc>Handley Page Aircraft Company H.P.52</color>
Hampden Mk. I"
hp52_hampden_mk1_late_1;Hampden Mk. I
hp52_hampden_mk1_late_2;Hampden

hp52_hampden_tbmk1_shop;Hampden T.B. Mk. I
hp52_hampden_tbmk1_0;"<color=#81c3fc>Handley Page Aircraft Company H.P.52</color>
Hampden T.B. Mk. I"
hp52_hampden_tbmk1_1;Hampden T.B. Mk. I
hp52_hampden_tbmk1_2;Hampden

wirraway_shop;Wirraway Mk. I
wirraway_0;"<color=#81c3fc>North American Aviation NA-16-2K <color=@commonTextColor>/</color> Commonwealth Aircraft
Corporation CA-1</color>
Wirraway Mk. I"
wirraway_1;Wirraway Mk. I
wirraway_2;Wirraway

pby-5a_raf_shop;Catalina Mk. IIIa
pby-5a_raf_0;"<color=#81c3fc>Consolidated Aircraft Model 28-5A</color>
Catalina Mk. IIIa"
pby-5a_raf_1;Catalina Mk. III
pby-5a_raf_2;Catalina

walrus_mk1_shop;Walrus Mk. I
walrus_mk1_0;"<color=#81c3fc>Supermarine Aviation Works (Vickers) Type 236</color>
Walrus Mk. I"
walrus_mk1_1;Walrus Mk. I
walrus_mk1_2;Walrus

osprey_mk4_shop;Osprey Mk. IV
osprey_mk4_0;"<color=#81c3fc>Hawker Aircraft</color>
Osprey Mk. IV"
osprey_mk4_1;Osprey Mk. IV
osprey_mk4_2;Osprey

fairey_3f_mk3b_shop;Fairey IIIF Mk. IIIB
fairey_3f_mk3b_0;"<color=#81c3fc>Fairey Aviation Company</color>
Fairey IIIF Mk. IIIB"
fairey_3f_mk3b_1;Fairey IIIF Mk. IIIB
fairey_3f_mk3b_2;Fairey IIIF

//UK AIRCRAFT - VEHICLE/FAMILY START: RANK 2
hurricanemkii_shop;Hurricane Mk. IIb (trop.)
hurricanemkii_0;"<color=#81c3fc>Hawker Aircraft</color>
Hurricane Mk. IIb
<color=#adadad>(tropicalised)</color>"
hurricanemkii_1;Hurricane Mk. II
hurricanemkii_2;Hurricane

hurricane_mk1_shop;Hurricane Mk. I (1940)
hurricane_mk1_0;"<color=#81c3fc>Hawker Aircraft</color>
Hurricane Mk. I
<color=#adadad>(1940)</color>"
hurricane_mk1_1;Hurricane Mk. I
hurricane_mk1_2;Hurricane

hurricane_mk1_late_shop;Hurricane Mk. I (1940)
hurricane_mk1_late_0;"<color=#81c3fc>Hawker Aircraft</color>
Hurricane Mk. I
<color=#adadad>(1940)</color>"
hurricane_mk1_late_1;Hurricane Mk. I
hurricane_mk1_late_2;Hurricane

hurricane_mk1b_shop;Sea Hurricane F. Mk. Ib
hurricane_mk1b_0;"<color=#81c3fc>Hawker Aircraft</color>
Sea Hurricane F. Mk. Ib"
hurricane_mk1b_1;Sea Hurricane F. Mk. I
hurricane_mk1b_2;Sea Hurricane

hurricane_mk1c_shop;Sea Hurricane F. Mk. Ic
hurricane_mk1c_0;"<color=#81c3fc>Hawker Aircraft</color>
Sea Hurricane F. Mk. Ic"
hurricane_mk1c_1;Sea Hurricane F. Mk. I
hurricane_mk1c_2;Sea Hurricane

hurricane_mk4_shop;Hurricane F.B. Mk. IV
hurricane_mk4_0;"<color=#81c3fc>Hawker Aircraft</color>
Hurricane F.B. Mk. IV"
hurricane_mk4_1;Hurricane F.B. Mk. IV
hurricane_mk4_2;Hurricane

hurricane_mk1_late_ep_shop;Hurricane Mk. I (1940) (800 Sqn.)
hurricane_mk1_late_ep_0;"<color=#81c3fc>Hawker Aircraft</color>
Hurricane Mk. I
<color=#adadad>(1940)</color>
<color=@currencyGoldColor>No. 800 Naval Air Squadron</color>"
hurricane_mk1_late_ep_1;Hurricane Mk. I
hurricane_mk1_late_ep_2;Hurricane

typhoon_mk1a_shop;Typhoon F. Mk. Ia
typhoon_mk1a_0;"<color=#81c3fc>Hawker Aircraft</color>
Typhoon F. Mk. Ia"
typhoon_mk1a_1;Typhoon F. Mk. I
typhoon_mk1a_2;Typhoon

typhoon_mk1b_late_shop;Typhoon F.B. Mk. Ib (Mar 1943)
typhoon_mk1b_late_0;"<color=#81c3fc>Hawker Aircraft</color>
Typhoon F.B. Mk. Ib
<color=#adadad>(March 1943)</color>"
typhoon_mk1b_late_1;Typhoon F.B. Mk. I
typhoon_mk1b_late_2;Typhoon

typhoon_mk1b_shop;Typhoon F.B. Mk. Ib
typhoon_mk1b_0;"<color=#81c3fc>Hawker Aircraft</color>
Typhoon F.B. Mk. Ib"
typhoon_mk1b_1;Typhoon F.B. Mk. I
typhoon_mk1b_2;Typhoon

spitfire_mk1_shop;Spitfire Mk. Ia
spitfire_mk1_0;"<color=#81c3fc>Supermarine Aviation Works (Vickers) Type 300</color>
Spitfire Mk. Ia"
spitfire_mk1_1;Spitfire Mk. I
spitfire_mk1_2;Spitfire

spitfiremkiia_shop;Spitfire Mk. IIa
spitfiremkiia_0;"<color=#81c3fc>Supermarine Aviation Works (Vickers) Type 329 <color=@commonTextColor>/</color> M.A.P. Castle Bromwich
Aircraft Factory</color>
Spitfire Mk. IIa"
spitfiremkiia_1;Spitfire Mk. II
spitfiremkiia_2;Spitfire

spitfiremkii_shop;Spitfire Mk. IIb
spitfiremkii_0;"<color=#81c3fc>Supermarine Aviation Works (Vickers) Type 329 <color=@commonTextColor>/</color> M.A.P. Castle Bromwich
Aircraft Factory</color>
Spitfire Mk. IIb"
spitfiremkii_1;Spitfire Mk. II
spitfiremkii_2;Spitfire

spitfire_mk5b_shop;Spitfire F. Mk. Vb (trop.)
spitfire_mk5b_0;"<color=#81c3fc>Supermarine Aviation Works (Vickers) Type 352</color>
Spitfire F. Mk. Vb
<color=#adadad>(tropicalised)</color>"
spitfire_mk5b_1;Spitfire F. Mk. V
spitfire_mk5b_2;Spitfire

spitfire_mk5b_notrop_shop;Spitfire F. Mk. Vb
spitfire_mk5b_notrop_0;"<color=#81c3fc>Supermarine Aviation Works (Vickers) Type 349</color>
Spitfire F. Mk. Vb"
spitfire_mk5b_notrop_1;Spitfire F. Mk. V
spitfire_mk5b_notrop_2;Spitfire

spitfiremkiia_ep_shop;Spitfire Mk. IIa (411 Sq. RCAF)
spitfiremkiia_ep_0;"<color=#81c3fc>Supermarine Aviation Works (Vickers) Type 329 <color=@commonTextColor>/</color> M.A.P. Castle Bromwich
Aircraft Factory</color>
Spitfire Mk. IIa
<color=@currencyGoldColor>No. 411 Squadron ""City of New York"", Royal Canadian Air Force,
«Venture I»</color>"
spitfiremkiia_ep_1;Spirfire Mk. II
spitfiremkiia_ep_2;Spitfire

spitfire_mk5b_float_shop;Spitfire F. Mk. Vb (W3760)
spitfire_mk5b_float_0;"<color=#81c3fc>Supermarine Aviation Works (Vickers) Type 355 <color=@commonTextColor>/</color> Folland Aircraft
Company</color>
Spitfire F. Mk. Vb
<color=#adadad>(October 1942)</color>
<color=@currencyGoldColor>W3760</color>"
spitfire_mk5b_float_1;Spitfire F. Mk. V
spitfire_mk5b_float_2;Spitfire

spitfire_ix_early_shop;Spitfire F. Mk. IX (Aug 1942)
spitfire_ix_early_0;"<color=#81c3fc>Supermarine Aviation Works (Vickers) Type 361</color>
Spitfire F. Mk. IX
<color=#adadad>(August 1942)</color>"
spitfire_ix_early_1;Spitfire F. Mk. IX
spitfire_ix_early_2;Spitfire

spitfire_xvi_shop;Spitfire F. Mk. XVI
spitfire_xvi_0;"<color=#81c3fc>Supermarine Aviation Works (Vickers) Type 361</color>
Spitfire F. Mk. XVI"
spitfire_xvi_1;Spitfire F. Mk. XVI
spitfire_xvi_2;Spitfire

spitfire_mk5c_shop;Spitfire F. Mk. Vc (trop.)
spitfire_mk5c_0;"<color=#81c3fc>Supermarine Aviation Works (Vickers) Type 352/6</color>
Spitfire F. Mk. Vc
<color=#adadad>(tropicalised)</color>"
spitfire_mk5c_1;Spitfire F. Mk. V
spitfire_mk5c_2;Spitfire

spitfire_mk5c_notrop_shop;Spitfire F. Mk. Vc
spitfire_mk5c_notrop_0;"<color=#81c3fc>Supermarine Aviation Works (Vickers) Type 349</color>
Spitfire F. Mk. Vc"
spitfire_mk5c_notrop_1;Spitfire F. Mk. V
spitfire_mk5c_notrop_2;Spitfire

spitfire_mk9c_4cannons_shop;Spitfire F. Mk. IX
spitfire_mk9c_4cannons_0;"<color=#81c3fc>Supermarine Aviation Works (Vickers) Type 361</color>
Spitfire F. Mk. IX"
spitfire_mk9c_4cannons_1;Spitfire F. Mk. IX
spitfire_mk9c_4cannons_2;Spitfire

spitfire_mk14e_shop;Spitfire F. Mk. XIV (e)
spitfire_mk14e_0;"<color=#81c3fc>Supermarine Aviation Works (Vickers) Type 379</color>
Spitfire F. Mk. XIV (e)"
spitfire_mk14e_1;Spitfire F. Mk. XIV
spitfire_mk14e_2;Spitfire

spitfire_mk18e_shop;Spitfire F. Mk. XVIII (e)
spitfire_mk18e_0;"<color=#81c3fc>Supermarine Aviation Works (Vickers) Type 394</color>
Spitfire F. Mk. XVIII (e)"
spitfire_mk18e_1;Spitfire F. Mk. XVIII
spitfire_mk18e_2;Spitfire

spitfire_ix_shop;Spitfire L.F. Mk. IX (e)
spitfire_ix_0;"<color=#81c3fc>Supermarine Aviation Works (Vickers) Type 361 <color=@commonTextColor>/</color> M.A.P. Castle Bromwich
Aircraft Factory</color>
Spitfire L.F. Mk. IX (e)"
spitfire_ix_1;Spitfire L.F. Mk. IX
spitfire_ix_2;Spitfire

spitfire_ix_tutorial_shop;Spitfire L.F. Mk. IX (e)
spitfire_ix_tutorial_0;"<color=#81c3fc>Supermarine Aviation Works (Vickers) Type 361 <color=@commonTextColor>/</color> M.A.P. Castle Bromwich
Aircraft Factory</color>
Spitfire L.F. Mk. IX (e)"
spitfire_ix_tutorial_1;Spitfire L.F. Mk. IX
spitfire_ix_tutorial_2;Spitfire

spitfire_f22_shop;Spitfire F. Mk. 22
spitfire_f22_0;"<color=#81c3fc>Supermarine Aviation Works (Vickers) Type 356 <color=@commonTextColor>/</color> M.A.P. Castle Bromwich
Aircraft Factory</color>
Spitfire F. Mk. 22"
spitfire_f22_1;Spitfire F. Mk. 22
spitfire_f22_2;Spitfire

spitfire_f24_shop;Spitfire F. Mk. 24
spitfire_f24_0;"<color=#81c3fc>Supermarine Aviation Works (Vickers) Type 356</color>
Spitfire F. Mk. 24"
spitfire_f24_1;Spitfire F. Mk. 24
spitfire_f24_2;Spitfire

spitfire_ix_plagis_shop;Plagis' Spitfire L.F. Mk. IX
spitfire_ix_plagis_0;"<color=#81c3fc>Supermarine Aviation Works (Vickers) Type 361 <color=@commonTextColor>/</color> M.A.P. Castle Bromwich
Aircraft Factory</color>
Spitfire L.F. Mk. IX
<color=@currencyGoldColor>Yannis Plagis'</color>"
spitfire_ix_plagis_1;Spitfire L.F. Mk. IX
spitfire_ix_plagis_2;Spitfire

spitfire_mk14c_shop;Spitfire F. Mk. XIV
spitfire_mk14c_0;"<color=#81c3fc>Supermarine Aviation Works (Vickers) Type 379</color>
Spitfire F. Mk. XIV"
spitfire_mk14c_1;Spitfire F. Mk. XIV
spitfire_mk14c_2;Spitfire

spitfire_fr_mk14e_shop;Prendergast's Spitfire L.F. Mk. XIV (e)
spitfire_fr_mk14e_0;"<color=#81c3fc>Supermarine Aviation Works (Vickers) Type 379</color>
Spitfire L.F. Mk. XIV (e)
<color=@currencyGoldColor>James Prendergast's</color>"
spitfire_fr_mk14e_1;Spitfire L.F. Mk. XIV
spitfire_fr_mk14e_2;Spitfire

firebrand_tf4_shop;Firebrand T.F. Mk. IV
firebrand_tf4_0;"<color=#81c3fc>Blackburn Aircraft B.46</color>
Firebrand T.F. Mk. IV"
firebrand_tf4_1;Firebrand T.F. Mk. IV
firebrand_tf4_2;Firebrand

beaufighter_mk6c_shop;Beaufighter Mk. VIc
beaufighter_mk6c_0;"<color=#81c3fc>Bristol Aeroplane Company Type 156</color>
Beaufighter Mk. VIc"
beaufighter_mk6c_1;Beaufighter Mk. VI
beaufighter_mk6c_2;Beaufighter

beaufighter_mkx_shop;Beaufighter T.F. Mk. X
beaufighter_mkx_0;"<color=#81c3fc>Bristol Aeroplane Company Type 156</color>
Beaufighter T.F. Mk. X"
beaufighter_mkx_1;Beaufighter T.F. Mk. X
beaufighter_mkx_2;Beaufighter

beaufighter_mk21_shop;▄ Beaufighter Mk. 21
beaufighter_mk21_0;"<color=#81c3fc>Bristol Aeroplane Company Type 156 <color=@commonTextColor>/</color> Department of Aircraft Production</color>
▄ Beaufighter Mk. 21"
beaufighter_mk21_1;▄ Beaufighter Mk. 21
beaufighter_mk21_2;▄ Beaufighter

beaufighter_mk1_40mm_shop;Beaufighter Mk. I (R2055)
beaufighter_mk1_40mm_0;"<color=#81c3fc>Bristol Aeroplane Company Type 156</color>
Beaufighter Mk. I
<color=@currencyGoldColor>R2055</color>"
beaufighter_mk1_40mm_1;Beaufighter Mk. I
beaufighter_mk1_40mm_2;Beaufighter

tempest_mkv_vikkers_shop;Tempest F.B. Mk. V (SN354)
tempest_mkv_vikkers_0;"<color=#81c3fc>Hawker Aircraft</color>
Tempest F.B. Mk. V
<color=@currencyGoldColor>SN354</color>"
tempest_mkv_vikkers_1;Tempest F.B. Mk. V
tempest_mkv_vikkers_2;Tempest

tempest_mkv_shop;Tempest F.B. Mk. V
tempest_mkv_0;"<color=#81c3fc>Hawker Aircraft</color>
Tempest F.B. Mk. V Series II"
tempest_mkv_1;Tempest F.B. Mk. V
tempest_mkv_2;Tempest

tempest_mk2_shop;Tempest F.B. Mk. II
tempest_mk2_0;"<color=#81c3fc>Hawker Aircraft</color>
Tempest F.B. Mk. II"
tempest_mk2_1;Tempest F.B. Mk. II
tempest_mk2_2;Tempest

sunderland_mk3a_shop;Sunderland Mk. IIIa
sunderland_mk3a_0;"<color=#81c3fc>Short Brothers S.125</color>
Sunderland Mk. IIIa"
sunderland_mk3a_1;Sunderland Mk. III
sunderland_mk3a_2;Sunderland

sunderland_mk5_shop;Sunderland Mk. V
sunderland_mk5_0;"<color=#81c3fc>Short Brothers S.125</color>
Sunderland Mk. V"
sunderland_mk5_1;Sunderland Mk. V
sunderland_mk5_2;Sunderland

wellington_mk1c_shop;Wellington Mk. Ic
wellington_mk1c_0;"<color=#81c3fc>Vickers-Armstrongs Type 405</color>
Wellington Mk. Ic ""Wimpy"""
wellington_mk1c_1;Wellington Mk. I
wellington_mk1c_2;Wellington

wellington_mk1c_late_shop;Wellington Mk. Ic (late)
wellington_mk1c_late_0;"<color=#81c3fc>Vickers-Armstrongs Type 405</color>
Wellington Mk. Ic ""Wimpy""
<color=#adadad>(late)</color>"
wellington_mk1c_late_1;Wellington Mk. I
wellington_mk1c_late_2;Wellington

wellington_mk3_shop;Wellington Mk. III
wellington_mk3_0;"<color=#81c3fc>Vickers-Armstrongs Type 417</color>
Wellington Mk. III ""Wimpy"""
wellington_mk3_1;Wellington Mk. III
wellington_mk3_2;Wellington

wellington_mk10_shop;Wellington Mk. X
wellington_mk10_0;"<color=#81c3fc>Vickers-Armstrongs Type 448</color>
Wellington Mk. X ""Wimpy"""
wellington_mk10_1;Wellington Mk. X
wellington_mk10_2;Wellington

avenger_mk1_shop;Avenger T.R. Mk. II
avenger_mk1_0;"<color=#81c3fc>Grumman Aircraft Engineering Corporation G-40</color>
Avenger T.R. Mk. II"
avenger_mk1_1;Avenger T.R. Mk. II
avenger_mk1_2;Avenger

hudson_mk_v_shop;Hudson Mk. V
hudson_mk_v_0;"<color=#81c3fc>Lockheed Aircraft Corporation Model 414</color>
Hudson Mk. V"
hudson_mk_v_1;Hudson Mk. V
hudson_mk_v_2;Hudson

b_48_firecrest_shop;Firecrest (RT651)
b_48_firecrest_0;"<color=#81c3fc>Blackburn Aircraft B.48</color>
Firecrest
<color=@currencyGoldColor>RT651</color>"
b_48_firecrest_1;Firecrest
b_48_firecrest_2;Firecrest

corsair_fmk2_shop;Corsair F. Mk. II
corsair_fmk2_0;"<color=#81c3fc>Vought-Sikorsky Aircraft V-166B</color>
Corsair F. Mk. II"
corsair_fmk2_1;Corsair F. Mk. II
corsair_fmk2_2;Corsair

d_520_shop;▄ D.520-C1
d_520_0;"<color=#81c3fc>Société nationale des constructions aéronautiques du Midi</color>
▄ D.520-C1"
d_520_1;▄ D.520-C1
d_520_2;▄ D.520

d_521_shop;▄ D.521
d_521_0;"<color=#81c3fc>Société nationale des constructions aéronautiques du Midi</color>
▄ D.521"
d_521_1;▄ D.521
d_521_2;▄ D.521

intruder_mk_1_shop;Havoc Mk. I
intruder_mk_1_0;"<color=#81c3fc>Douglas Aircraft Company DB-7</color>
Havoc Mk. I"
intruder_mk_1_1;Havoc Mk. I
intruder_mk_1_2;Havoc

boston_mk_1_shop;Boston Mk. I
boston_mk_1_0;"<color=#81c3fc>Douglas Aircraft Company DB-7</color>
Boston Mk. I"
boston_mk_1_1;Boston Mk. I
boston_mk_1_2;Boston

db_7_shop;▄☨ DB-7 B-3
db_7_0;"<color=#81c3fc>Douglas Aircraft Company DB-7</color>
▄☨ DB-7 B-3"
db_7_1;▄☨ DB-7 B-3
db_7_2;▄☨ DB-7

f4f-4_martlet_mk4_shop;Martlet Mk. IV
f4f-4_martlet_mk4_0;"<color=#81c3fc>Grumman Aircraft Engineering Corporation G-36B</color>
Martlet Mk. IV"
f4f-4_martlet_mk4_1;Martlet Mk. IV
f4f-4_martlet_mk4_2;Martlet

boomerang_mki_shop;Boomerang Mk. I
boomerang_mki_0;"<color=#81c3fc>Commonwealth Aircraft Corporation CA-12</color>
Boomerang Mk. I"
boomerang_mki_1;Boomerang Mk. I
boomerang_mki_2;Boomerang

boomerang_mkii_shop;Boomerang Mk. II
boomerang_mkii_0;"<color=#81c3fc>Commonwealth Aircraft Corporation CA-13</color>
Boomerang Mk. II"
boomerang_mkii_1;Boomerang Mk. II
boomerang_mkii_2;Boomerang

//UK AIRCRAFT - VEHICLE/FAMILY START: RANK 3
firefly_mk1_shop;Firefly F. Mk. I
firefly_mk1_0;"<color=#81c3fc>Fairey Aviation Company Type 4</color>
Firefly F. Mk. I"
firefly_mk1_1;Firefly F. Mk. I
firefly_mk1_2;Firefly

firefly_mk5_shop;Firefly F.R. Mk. 5
firefly_mk5_0;"<color=#81c3fc>Fairey Aviation Company Type J</color>
Firefly F.R. Mk. 5"
firefly_mk5_1;Firefly F.R. Mk. 5
firefly_mk5_2;Firefly

seafire_mk3_shop;Seafire L.F. Mk. III
seafire_mk3_0;"<color=#81c3fc>Supermarine Aviation Works (Vickers) Type 358</color>
Seafire L.F. Mk. III"
seafire_mk3_1;Seafire L.F. Mk. III
seafire_mk3_2;Seafire

seafire_mk17_shop;Seafire F. Mk. XVII
seafire_mk17_0;"<color=#81c3fc>Supermarine Aviation Works (Vickers) Type 384 <color=@commonTextColor>/</color> Westland Aircraft</color>
Seafire F. Mk. XVII"
seafire_mk17_1;Seafire F. Mk. XVII
seafire_mk17_2;Seafire

seafire_fr47_shop;Seafire F.R. Mk. 47
seafire_fr47_0;"<color=#81c3fc>Supermarine Aviation Works (Vickers) Type 388</color>
Seafire F.R. Mk. 47"
seafire_fr47_1;Seafire F.R. Mk. 47
seafire_fr47_2;Seafire

mosquito_fb_mk6_shop;Mosquito F.B. Mk. VI
mosquito_fb_mk6_0;"<color=#81c3fc>de Havilland Aircraft Company D.H. 98</color>
Mosquito F.B. Mk. VI"
mosquito_fb_mk6_1;Mosquito F.B. Mk. VI
mosquito_fb_mk6_2;Mosquito

mosquito_fb_mk18_shop;Mosquito F.B. Mk. XVIII
mosquito_fb_mk18_0;"<color=#81c3fc>de Havilland Aircraft Company D.H. 98</color>
Mosquito F.B. Mk. XVIII"
mosquito_fb_mk18_1;Mosquito F.B. Mk. XVIII
mosquito_fb_mk18_2;Mosquito

mosquito_nf_mk2_shop;Mosquito N.F. Mk. II
mosquito_nf_mk2_0;"<color=#81c3fc>de Havilland Aircraft Company D.H. 98</color>
Mosquito N.F. Mk. II"
mosquito_nf_mk2_1;Mosquito N.F. Mk. II
mosquito_nf_mk2_2;Mosquito

mosquito_tr_mk33_shop;Mosquito T.R. Mk. 33
mosquito_tr_mk33_0;"<color=#81c3fc>de Havilland Aircraft Company D.H. 98</color>
Mosquito T.R. Mk. 33"
mosquito_tr_mk33_1;Mosquito T.R. Mk. 33
mosquito_tr_mk33_2;Mosquito

mosquito_b_mk16_shop;Mosquito B. Mk. XVI
mosquito_b_mk16_0;"<color=#81c3fc>de Havilland Aircraft Company D.H. 98</color>
Mosquito B. Mk. XVI"
mosquito_b_mk16_1;Mosquito B. Mk. XVI
mosquito_b_mk16_2;Mosquito

brigand_b1_shop;Brigand B. Mk. 1
brigand_b1_0;"<color=#81c3fc>Bristol Aeroplane Company Type 164</color>
Brigand B. Mk. 1"
brigand_b1_1;Brigand B. Mk. 1
brigand_b1_2;Brigand

whirlwind_mk1_shop;Whirlwind Mk. I
whirlwind_mk1_0;"<color=#81c3fc>Westland Aircraft</color>
Whirlwind Mk. I"
whirlwind_mk1_1;Whirlwind Mk. I
whirlwind_mk1_2;Whirlwind

whirlwind_p9_shop;P. 9 (L6844)
whirlwind_p9_0;"<color=#81c3fc>Westland Aircraft P. 9</color>
<color=@currencyGoldColor>L6844</color>"
whirlwind_p9_1;P. 9
whirlwind_p9_2;P. 9

halifax_mk3_shop;Halifax B. Mk. III
halifax_mk3_0;"<color=#81c3fc>Handley Page Aircraft Company H.P.61</color>
Halifax B. Mk. III"
halifax_mk3_1;Halifax B. Mk. III
halifax_mk3_2;Halifax

stirling_mk1_shop;Stirling B. Mk. I
stirling_mk1_0;"<color=#81c3fc>Short Brothers S.29</color>
Stirling B. Mk. I"
stirling_mk1_1;Stirling B. Mk. I
stirling_mk1_2;Stirling

stirling_mk3_shop;Stirling B. Mk. III
stirling_mk3_0;"<color=#81c3fc>Short Brothers S.29</color>
Stirling B. Mk. III"
stirling_mk3_1;Stirling B. Mk. III
stirling_mk3_2;Stirling

hellcat_fmk1_shop;Hellcat F. Mk. II
hellcat_fmk1_0;"<color=#81c3fc>Grumman Aircraft Engineering Corporation G-50</color>
Hellcat F. Mk. II"
hellcat_fmk1_1;Hellcat F. Mk. II
hellcat_fmk1_2;Hellcat

thunderbolt_mk1_shop;Thunderbolt Mk. I
thunderbolt_mk1_0;"<color=#81c3fc>Republic Aviation Corporation AP-10</color>
Thunderbolt Mk. I"
thunderbolt_mk1_1;Thunderbolt Mk. I
thunderbolt_mk1_2;Thunderbolt

p-51b_shop;Mustang Mk. Ia
p-51b_0;"<color=#81c3fc>North American Aviation NA-91</color>
Mustang Mk. Ia"
p-51b_1;Mustang Mk. Ia
p-51b_2;Mustang

//UK AIRCRAFT - VEHICLE/FAMILY START: RANK 4
sea_fury_fb11_shop;Sea Fury F.B. Mk. 11
sea_fury_fb11_0;"<color=#81c3fc>Hawker Aircraft</color>
Sea Fury F.B. Mk. 11"
sea_fury_fb11_1;Sea Fury F.B. Mk. 11
sea_fury_fb11_2;Sea Fury

welkin_fmk1_shop;Welkin F. Mk. I
welkin_fmk1_0;"<color=#81c3fc>Westland Aircraft</color>
Welkin F. Mk. I"
welkin_fmk1_1;Welkin F. Mk. I
welkin_fmk1_2;Welkin

hornet_mk3_shop;Hornet Mk. III
hornet_mk3_0;"<color=#81c3fc>de Havilland Aircraft Company D.H. 103</color>
Hornet Mk. III"
hornet_mk3_1;Hornet Mk. III
hornet_mk3_2;Hornet

hornet_mk1_shop;Hornet Mk. I
hornet_mk1_0;"<color=#81c3fc>de Havilland Aircraft Company D.H. 103</color>
Hornet Mk. I"
hornet_mk1_1;Hornet Mk. I
hornet_mk1_2;Hornet

lancaster_mk1_shop;Lancaster B. Mk. I
lancaster_mk1_0;"<color=#81c3fc>A.V. Roe and Company Type 683</color>
Lancaster B. Mk. I"
lancaster_mk1_1;Lancaster B. Mk. I
lancaster_mk1_2;Lancaster

lancaster_mk3_shop;Lancaster B. Mk. III
lancaster_mk3_0;"<color=#81c3fc>A.V. Roe and Company Type 683</color>
Lancaster B. Mk. III"
lancaster_mk3_1;Lancaster B. Mk. III
lancaster_mk3_2;Lancaster

lincoln_b2_shop;Lincoln B. Mk. II
lincoln_b2_0;"<color=#81c3fc>A.V. Roe and Company Type 694</color>
Lincoln B. Mk. II"
lincoln_b2_1;Lincoln B. Mk. II
lincoln_b2_2;Lincoln

shackleton_mr_mk_2_shop;Shackleton M.R. Mk. 2
shackleton_mr_mk_2_0;"<color=#81c3fc>A.V. Roe and Company Type 696</color>
Shackleton M.R. Mk. 2"
shackleton_mr_mk_2_1;Shackleton M.R. Mk. 2
shackleton_mr_mk_2_2;Shackleton

mb_5_shop;MB. 5
mb_5_0;<color=#81c3fc>Martin-Baker Aircraft Company MB. 5</color>
mb_5_1;MB. 5
mb_5_2;MB. 5

strikemaster_mk88_shop;Strikemaster Mk. 88
strikemaster_mk88_0;"<color=#81c3fc>British Aircraft Corporation BAC 167</color>
Strikemaster Mk. 88 ""Blunty"""
strikemaster_mk88_1;Strikemaster Mk. 88
strikemaster_mk88_2;Strikemaster

wyvern_s4_shop;Wyvern S. Mk. 4
wyvern_s4_0;"<color=#81c3fc>Westland Aircraft W.35</color>
Wyvern S. Mk. 4"
wyvern_s4_1;Wyvern S. Mk. 4
wyvern_s4_2;Wyvern

//UK AIRCRAFT - VEHICLE/FAMILY START: RANK 5
vampire_fb5_shop;Vampire F.B. Mk. 5
vampire_fb5_0;"<color=#81c3fc>de Havilland Aircraft Company D.H. 100</color>
Vampire F.B. Mk. 5"
vampire_fb5_1;Vampire F.B. Mk. 5
vampire_fb5_2;Vampire

venom_fb4_shop;Venom F.B. Mk. 4
venom_fb4_0;"<color=#81c3fc>de Havilland Aircraft Company D.H. 112</color>
Venom F.B. Mk. 4"
venom_fb4_1;Venom F.B. Mk. 4
venom_fb4_2;Venom

sea_venom_faw20_shop;Sea Venom F.(A.W.) Mk. 20
sea_venom_faw20_0;"<color=#81c3fc>de Havilland Aircraft Company D.H. 112</color>
Sea Venom F.(A.W.) Mk. 20"
sea_venom_faw20_1;Sea Venom F.(A.W.) Mk. 20
sea_venom_faw20_2;Sea Venom

meteor_fmk3_shop;Meteor F. Mk. 3
meteor_fmk3_0;"<color=#81c3fc>Gloster Aircraft Company G.41D</color>
Meteor F. Mk. 3"
meteor_fmk3_1;Meteor F. Mk. 3
meteor_fmk3_2;Meteor

meteor_fmk3_navy_shop;Meteor F. Mk. 3 (EE337)
meteor_fmk3_navy_0;"<color=#81c3fc>Gloster Aircraft Company G.41D</color>
Meteor F. Mk. 3
<color=#adadad>(Derwent Mk. 5)</color>
<color=@currencyGoldColor>EE337</color>"
meteor_fmk3_navy_1;Meteor F. Mk. 3
meteor_fmk3_navy_2;Meteor

meteor_fmk4_lw_shop;Meteor F. Mk. 3/4 (EE360)
meteor_fmk4_lw_0;"<color=#81c3fc>Gloster Aircraft Company G.41E</color>
Meteor F. Mk. 3/4
<color=#adadad>(Derwent Mk. 5)</color>
<color=@currencyGoldColor>EE360</color>"
meteor_fmk4_lw_1;Meteor F. Mk. 3/4
meteor_fmk4_lw_2;Meteor

meteor_fmk4_sw_shop;Meteor F. Mk. 4
meteor_fmk4_sw_0;"<color=#81c3fc>Gloster Aircraft Company G.41G</color>
Meteor F. Mk. 4"
meteor_fmk4_sw_1;Meteor F. Mk. 4
meteor_fmk4_sw_2;Meteor

meteor_fmk8_shop;Meteor F. Mk. 8
meteor_fmk8_0;"<color=#81c3fc>Gloster Aircraft Company G.41K</color>
Meteor F. Mk. 8"
meteor_fmk8_1;Meteor F. Mk. 8
meteor_fmk8_2;Meteor

meteor_fmk8_reaper_shop;GAF
meteor_fmk8_reaper_0;"<color=#81c3fc>Gloster Aircraft Company Ground Attack Fighter ""Reaper""</color>"
meteor_fmk8_reaper_1;GAF
meteor_fmk8_reaper_2;GAF

attaker_fb1_shop;Attacker F.B. Mk. 1
attaker_fb1_0;"<color=#81c3fc>Supermarine Aviation Works (Vickers) Type 398</color>
Attacker F.B. Mk. 1"
attaker_fb1_1;Attacker F.B. Mk. 1
attaker_fb1_2;Attacker

attaker_fb2_shop;Attacker F.B. Mk. 2
attaker_fb2_0;"<color=#81c3fc>Supermarine Aviation Works (Vickers) Type 398</color>
Attacker F.B. Mk. 2"
attaker_fb2_1;Attacker F.B. Mk. 2
attaker_fb2_2;Attacker

sea_hawk_fga6_shop;Sea Hawk F.G.A. Mk. 6
sea_hawk_fga6_0;"<color=#81c3fc>Hawker Aircraft</color>
Sea Hawk F.G.A. Mk. 6"
sea_hawk_fga6_1;Sea Hawk F.G.A. Mk. 6
sea_hawk_fga6_2;Sea Hawk

swift_f1_shop;Swift F. Mk. 1
swift_f1_0;"<color=#81c3fc>Supermarine Aviation Works (Vickers) Type 541</color>
Swift F. Mk. 1"
swift_f1_1;Swift F. Mk. 1
swift_f1_2;Swift

swift_f7_shop;Swift F. Mk. 7
swift_f7_0;"<color=#81c3fc>Supermarine Aviation Works (Vickers) Type 552</color>
Swift F. Mk. 7"
swift_f7_1;Swift F. Mk. 7
swift_f7_2;Swift

washington_b1_shop;Washington B. Mk. 1
washington_b1_0;"<color=#81c3fc>Boeing Airplane Company Model 345</color>
Washington B. Mk. 1"
washington_b1_1;Washington B. Mk. 1
washington_b1_2;Washington

canberra_bmk2_shop;Canberra B. Mk. 2
canberra_bmk2_0;"<color=#81c3fc>The English Electric Company A.1</color>
Canberra B. Mk. 2"
canberra_bmk2_1;Canberra B. Mk. 2
canberra_bmk2_2;Canberra

canberra_bimk6_shop;Canberra B.(I.) Mk. 6
canberra_bimk6_0;"<color=#81c3fc>The English Electric Company A.1</color>
Canberra B.(I.) Mk. 6"
canberra_bimk6_1;Canberra B.(I.) Mk. 6
canberra_bimk6_2;Canberra

dh_110_sea_vixen_shop;Sea Vixen F.(A.W.) Mk. 2
dh_110_sea_vixen_0;"<color=#81c3fc>de Havilland Aircraft Company D.H. 110</color>
Sea Vixen F.(A.W.) Mk. 2"
dh_110_sea_vixen_1;Sea Vixen F.(A.W.) Mk. 2
dh_110_sea_vixen_2;Sea Vixen

marut_mk1_shop;Mārut Mk I
marut_mk1_0;"<color=#81c3fc>Hindustān Ēyronōṭiks Limiṭeḍ HF-24</color>
Mārut Mk I"
marut_mk1_1;Mārut Mk I
marut_mk1_2;Mārut

//UK AIRCRAFT - VEHICLE/FAMILY START: RANK 6
hunter_f1_shop;Hunter F. Mk. 1
hunter_f1_0;"<color=#81c3fc>Hawker Aircraft</color>
Hunter F. Mk. 1"
hunter_f1_1;Hunter F. Mk. 1
hunter_f1_2;Hunter

hunter_f6_shop;Hunter F. Mk. 6
hunter_f6_0;"<color=#81c3fc>Hawker Aircraft</color>
Hunter F. Mk. 6"
hunter_f6_1;Hunter F. Mk. 6
hunter_f6_2;Hunter

hunter_f9_rhodesia_shop;Hunter F.G.A. Mk. 9
hunter_f9_rhodesia_0;"<color=#81c3fc>Hawker Aircraft</color>
Hunter F.G.A. Mk. 9"
hunter_f9_rhodesia_1;Hunter F.G.A. Mk. 9
hunter_f9_rhodesia_2;Hunter

javelin_fmk9_shop;Javelin F.(A.W.) Mk. 9
javelin_fmk9_0;"<color=#81c3fc>Gloster Aircraft Company G.A.5</color>
Javelin F.(A.W.) Mk. 9"
javelin_fmk9_1;Javelin F.(A.W.) Mk. 9
javelin_fmk9_2;Javelin

lightning_f6_shop;Lightning F. Mk. 6
lightning_f6_0;"<color=#81c3fc>British Aircraft Corporation</color>
Lightning F. Mk. 6"
lightning_f6_1;Lightning F. Mk. 6
lightning_f6_2;Lightning

scimitar_f1_shop;Scimitar F. Mk. 1
scimitar_f1_0;"<color=#81c3fc>Supermarine Aviation Works (Vickers) Type 544</color>
Scimitar F. Mk. 1"
scimitar_f1_1;Scimitar F. Mk. 1
scimitar_f1_2;Scimitar

jaguar_gr1_shop;▄ Jaguar G.R. Mk. 1
jaguar_gr1_0;"<color=#81c3fc>SEPECAT Jaguar S</color>
▄ Jaguar G.R. Mk. 1"
jaguar_gr1_1;▄ Jaguar G.R. Mk. 1
jaguar_gr1_2;▄ Jaguar

jaguar_gr1a_shop;▄ Jaguar G.R. Mk. 1B
jaguar_gr1a_0;"<color=#81c3fc>SEPECAT Jaguar S</color>
▄ Jaguar G.R. Mk. 1B"
jaguar_gr1a_1;▄ Jaguar G.R. Mk. 1
jaguar_gr1a_2;▄ Jaguar

jaguar_is_shop;☸ Jaguar IS (DARIN II)
jaguar_is_0;"<color=#81c3fc>SEPECAT Jaguar IS <color=@commonTextColor>/</color> Hindustān Ēyronōṭiks Limiṭeḍ</color>
☸ Jaguar DARIN II ""Śamśēr""
<color=#adadad>(Stage 3)</color>"
jaguar_is_1;☸ Jaguar IS
jaguar_is_2;☸ Jaguar

harrier_gr3_shop;Harrier G.R. Mk. 3
harrier_gr3_0;"<color=#81c3fc>Hawker Siddeley Aviation</color>
Harrier G.R. Mk. 3"
harrier_gr3_1;Harrier G.R. Mk. 3
harrier_gr3_2;Harrier

harrier_gr1_shop;Harrier G.R. Mk. 1
harrier_gr1_0;"<color=#81c3fc>Hawker Siddeley Aviation</color>
Harrier G.R. Mk. 1"
harrier_gr1_1;Harrier G.R. Mk. 1
harrier_gr1_2;Harrier

harrier_frs1_shop;Sea Harrier F.R.S. Mk. 1 (1982)
harrier_frs1_0;"<color=#81c3fc>British Aerospace Corporation</color>
Sea Harrier F.R.S. Mk. 1
<color=#adadad>(1982)</color>"
harrier_frs1_1;Sea Harrier F.R.S. Mk. 1 (1982)
harrier_frs1_2;Sea Harrier

harrier_frs1_early_shop;Sea Harrier F.R.S. Mk. 1 (1980)
harrier_frs1_early_0;"<color=#81c3fc>British Aerospace Corporation</color>
Sea Harrier F.R.S. Mk. 1
<color=#adadad>(1980)</color>"
harrier_frs1_early_1;Sea Harrier F.R.S. Mk. 1 (1980)
harrier_frs1_early_2;Sea Harrier

harrier_t10_shop;Harrier T. Mk. 10
harrier_t10_0;"<color=#81c3fc>British Aerospace <color=@commonTextColor>/</color> McDonnell Douglas Corporation</color>
Harrier T. Mk. 10"
harrier_t10_1;Harrier T. Mk. 10
harrier_t10_2;Harrier

sea_harrier_fa2_shop;Sea Harrier F.A. Mk. 2
sea_harrier_fa2_0;"<color=#81c3fc>British Aerospace Corporation</color>
Sea Harrier F.A. Mk. 2"
sea_harrier_fa2_1;Sea Harrier F.A. Mk. 2
sea_harrier_fa2_2;Sea Harrier

harrier_gr7_shop;Harrier G.R. Mk. 7
harrier_gr7_0;"<color=#81c3fc>British Aerospace <color=@commonTextColor>/</color> McDonnell Douglas Corporation</color>
Harrier G.R. Mk. 7"
harrier_gr7_1;Harrier G.R. Mk. 7
harrier_gr7_2;Harrier

buccaneer_s2_shop;Buccaneer S. Mk. 2
buccaneer_s2_0;"<color=#81c3fc>Blackburn Aircraft B.111 <color=@commonTextColor>/</color> Hawker Siddeley Aviation</color>
Buccaneer S. Mk. 2"
buccaneer_s2_1;Buccaneer S. Mk. 2
buccaneer_s2_2;Buccaneer

buccaneer_s1_shop;Buccaneer S. Mk. 1
buccaneer_s1_0;"<color=#81c3fc>Blackburn Aircraft B.103</color>
Buccaneer S. Mk. 1"
buccaneer_s1_1;Buccaneer S. Mk. 1
buccaneer_s1_2;Buccaneer

buccaneer_s2b_shop;Buccaneer S. Mk. 2B
buccaneer_s2b_0;"<color=#81c3fc>Hawker Siddeley Aviation</color>
Buccaneer S. Mk. 2B"
buccaneer_s2b_1;Buccaneer S. Mk. 2B
buccaneer_s2b_2;Buccaneer

//UK AIRCRAFT - VEHICLE/FAMILY START: RANK 7
f-4m_fgr2_shop;Phantom F.G.R. Mk. 2
f-4m_fgr2_0;"<color=#81c3fc>McDonnell Douglas Corporation Model 98KD <color=@commonTextColor>/</color> British Aerospace
Corporation</color>
Phantom F.G.R. Mk. 2"
f-4m_fgr2_1;Phantom F.G.R. Mk. 2
f-4m_fgr2_2;Phantom

f-4k_shop;Phantom F.G. Mk. 1
f-4k_0;"<color=#81c3fc>McDonnell Douglas Corporation Model 98FB <color=@commonTextColor>/</color> British Aerospace
Corporation</color>
Phantom F.G. Mk. 1"
f-4k_1;Phantom F.G. Mk. 1
f-4k_2;Phantom

f-4jk_shop;Phantom F. Mk. 3
f-4jk_0;"<color=#81c3fc>McDonnell Douglas Corporation Model 98NC <color=@commonTextColor>/</color> Naval Air Rework Facility</color>
Phantom F. Mk. 3"
f-4jk_1;Phantom F. Mk. 3
f-4jk_2;Phantom

tornado_f3_shop;▄ Tornado F. Mk. 3
tornado_f3_0;"<color=#81c3fc>Panavia Aircraft PA-200</color>
▄ Tornado F. Mk. 3
<color=#adadad>(Batch 2)</color>"
tornado_f3_1;▄ Tornado F. Mk. 3
tornado_f3_2;▄ Tornado

tornado_gr1_shop;▄ Tornado G.R. Mk. 1
tornado_gr1_0;"<color=#81c3fc>Panavia Aircraft PA-200</color>
▄ Tornado G.R. Mk. 1
<color=#adadad>(Batch 1) (February, 1991)</color>"
tornado_gr1_1;▄ Tornado G.R. Mk. 1
tornado_gr1_2;▄ Tornado

tornado_gr4_shop;▄ Tornado G.R. Mk. 4
tornado_gr4_0;"<color=#81c3fc>Panavia Aircraft PA-200 <color=@commonTextColor>/</color> BAE Systems</color>
▄ Tornado G.R. Mk. 4"
tornado_gr4_1;▄ Tornado G.R. Mk. 4
tornado_gr4_2;▄ Tornado

tornado_f3_late_shop;▄ Tornado F. Mk. 3 (AOP)
tornado_f3_late_0;"<color=#81c3fc>Panavia Aircraft PA-200</color>
▄ Tornado F. Mk. 3
<color=#adadad>(AMRAAM Optimisation Programme)</color>"
tornado_f3_late_1;▄ Tornado F. Mk. 3
tornado_f3_late_2;▄ Tornado

tornado_ids_de_assta1_britain_killstreak_shop;☢▄ IDS-Tornado (ASSTA 1)
tornado_ids_de_assta1_britain_killstreak_0;"<color=#81c3fc>Panavia Aircraft PA-200</color>
☢▄ IDS-Tornado
<color=#adadad>(Avionics System Software Tornado in ADA 1)</color>"
tornado_ids_de_assta1_britain_killstreak_1;☢▄ IDS-Tornado
tornado_ids_de_assta1_britain_killstreak_2;☢▄ IDS-Tornado

hawk_200_shop;Hawk 200 (ZH200)
hawk_200_0;"<color=#81c3fc>British Aerospace Hawk 200</color>
<color=@currencyGoldColor>ZH200</color>"
hawk_200_1;Hawk 200
hawk_200_2;Hawk

hawk_200_rda_shop;Hawk 200 (RDA)
hawk_200_rda_0;"<color=#81c3fc>British Aerospace Hawk 200</color>
<color=#adadad>(Radar Development Aircraft)</color>"
hawk_200_rda_1;Hawk 200
hawk_200_rda_2;Hawk

f_111c_raaf_shop;▄ F-111C
f_111c_raaf_0;"<color=#81c3fc>General Dynamics Corporation Model 12 <color=@commonTextColor>+</color> Grumman Aerospace
Corporation</color>
▄ F-111C ""Aardvark"""
f_111c_raaf_1;▄ F-111C
f_111c_raaf_2;▄ F-111

//UK AIRCRAFT - VEHICLE/FAMILY START: RANK 8
saab_jas39c_south_africa_shop;▄ Gripen C (Cobra)
saab_jas39c_south_africa_0;"<color=#81c3fc>▄ Saab 39 Gripen C</color>
<color=#adadad>(Cobra)</color>"
saab_jas39c_south_africa_1;▄ Gripen C
saab_jas39c_south_africa_2;▄ Gripen

saab_jas39c_south_africa_missile_test_shop;▄ Gripen C (Cobra)
saab_jas39c_south_africa_missile_test_0;"<color=#81c3fc>▄ Saab 39 Gripen C</color>
<color=#adadad>(Cobra)</color>"
saab_jas39c_south_africa_missile_test_1;▄ Gripen C
saab_jas39c_south_africa__missile_test_2;▄ Gripen

fa_18a_raaf_shop;▄ F/A-18A
fa_18a_raaf_0;"<color=#81c3fc>McDonnell Douglas Corporation Model 267 <color=@commonTextColor>/</color> Government Aircraft
Factories</color>
▄ F/A-18A Hornet"
fa_18a_raaf_1;▄ F/A-18A
fa_18a_raaf_2;▄ F/A-18

fa_18a_hug_2_raaf_shop;▄ F/A-18A (HUG 2.4)
fa_18a_hug_2_raaf_0;"<color=#81c3fc>McDonnell Douglas Corporation Model 267 <color=@commonTextColor>/</color> Government Aircraft
Factories</color>
▄ F/A-18A Hornet
<color=#adadad>(Hornet Upgrade Program Phase 2.4)</color>"
fa_18a_hug_2_raaf_1;▄ F/A-18A
fa_18a_hug_2_raaf_2;▄ F/A-18

cf_188a_canada_shop;CF-188A
cf_188a_canada_0;"<color=#81c3fc>McDonnell Douglas Corporation Model 267</color>
CF-188A Hornet"
cf_188a_canada_1;CF-188A
cf_188a_canada_2;CF-188

fa_18f_block_2_raaf_shop;▄ F/A-18F-2-MC
fa_18f_block_2_raaf_0;"<color=#81c3fc>Boeing Defense, Space & Security</color>
▄ F/A-18F-2-MC Super Hornet"
fa_18f_block_2_raaf_1;▄ F/A-18F
fa_18f_block_2_raaf_2;▄ F/A-18

mig-21_bison_shop;☸ Mig-21 Bāisan
mig-21_bison_0;"<color=#81c3fc>Hindustān Ēyronōṭiks Limiṭeḍ</color>
☸ Mig-21 Bāisan"
mig-21_bison_1;☸ Mig-21 Bāisan
mig-21_bison_2;☸ Mig-21

//UK AIRCRAFT - VEHICLE/FAMILY START: RANK 9
ef_2000_fgr4_shop;▄ Typhoon F.G.R. Mk. 4 (Centurion)
ef_2000_fgr4_0;"<color=#81c3fc>Eurofighter Jagdflugzeug EF2000 Typhoon (Tranche 3)</color>
▄ Typhoon F.G.R. Mk. 4
<color=#adadad>(Project Centurion Phase 2)</color>"
ef_2000_fgr4_1;▄ Typhoon F.G.R. Mk. 4
ef_2000_fgr4_2;▄ Typhoon

ef_2000_typhoon_aesa_shop;▄ Typhoon F.G.R. Mk. 4 (ZK355)
ef_2000_typhoon_aesa_0;"<color=#81c3fc>Eurofighter Jagdflugzeug EF2000 Typhoon (Tranche 3)</color>
▄ Typhoon F.G.R. Mk. 4
<color=@currencyGoldColor>ZK355</color>"
ef_2000_typhoon_aesa_1;▄ Typhoon F.G.R. Mk. 4
ef_2000_typhoon_aesa_2;▄ Typhoon

//UK HELICOPTERS - VEHICLE/FAMILY START: RANK 5
scout_ah_mk1_shop;Scout A.H. Mk. 1
scout_ah_mk1_0;"<color=#81c3fc>Westland Helicopters Sprite</color>
Scout A.H. Mk. 1"
scout_ah_mk1_1;Scout A.H. Mk. 1
scout_ah_mk1_2;Scout

wasp_has_mk1_shop;Wasp H.A.S. Mk. 1
wasp_has_mk1_0;"<color=#81c3fc>Westland Helicopters Sprite</color>
Wasp H.A.S. Mk. 1"
wasp_has_mk1_1;Wasp H.A.S. Mk. 1
wasp_has_mk1_2;Wasp

wessex_mk5_shop;Wessex H.U. Mk. 5
wessex_mk5_0;"<color=#81c3fc>Sikorsky Aircraft Corporation S-58 <color=@commonTextColor>/</color> Westland Helicopters</color>
Wessex H.U. Mk. 5"
wessex_mk5_1;Wessex H.U. Mk. 5
wessex_mk5_2;Wessex

//UK HELICOPTERS - VEHICLE/FAMILY START: RANK 6
lynx_ah_mk1_shop;Lynx A.H. Mk. 1
lynx_ah_mk1_0;"<color=#81c3fc>Westland Helicopters WG.13</color>
Lynx A.H. Mk. 1"
lynx_ah_mk1_1;Lynx A.H. Mk. 1
lynx_ah_mk1_2;Lynx

g_lynx_shop;G-Lynx
g_lynx_0;<color=#81c3fc>Westland Helicopters WG.13 G-Lynx</color>
g_lynx_1;G-Lynx
g_lynx_2;G-Lynx

super_hind_mk3_shop;Night Hawk
super_hind_mk3_0;<color=#81c3fc>Paramount Group Night Hawk</color>
super_hind_mk3_1;Night Hawk
super_hind_mk3_2;Night Hawk

ah_2_rooivalk_shop;Rooivalk Mk 1F
ah_2_rooivalk_0;"<color=#81c3fc>Denel Aviation CSH-2</color>
Rooivalk Mk 1F"
ah_2_rooivalk_1;Rooivalk Mk 1
ah_2_rooivalk_2;Rooivalk

//UK HELICOPTERS - VEHICLE/FAMILY START: RANK 7
ah_mk1_shop;Apache A.H. Mk. 1
ah_mk1_0;"<color=#81c3fc>Boeing Rotorcraft Systems <color=@commonTextColor>/</color> AugustaWestland</color>
Apache A.H. Mk. 1"
ah_mk1_1;Apache A.H. Mk. 1
ah_mk1_2;Apache

ah_64e_britain_shop;Apache A.H. Mk. 2
ah_64e_britain_0;"<color=#81c3fc>Boeing Defense, Space & Security</color>
Apache A.H. Mk. 2"
ah_64e_britain_1;Apache A.H. Mk. 2
ah_64e_britain_2;Apache

//UK GROUND VEHICLES - VEHICLE/FAMILY START: RANK 1
uk_a_13_mk1_shop;A.13, Mk. I
uk_a_13_mk1_0;"<color=#81c3fc>Nuffield Mechanizations and Aero</color>
Tank, Cruiser, Mk. III, A.13, Mk. I"
uk_a_13_mk1_1;A.13, Mk. I
uk_a_13_mk1_2;Cruiser Tank

uk_a_13_mk2_shop;A.13, Mk. II
uk_a_13_mk2_0;"<color=#81c3fc>Nuffield Mechanizations and Aero</color>
Tank, Cruiser, Mk. IV, A.13, Mk. II"
uk_a_13_mk2_1;A.13, Mk. II
uk_a_13_mk2_2;Cruiser Tank

uk_a_13_mk1_3rd_rtr_shop;A.13, Mk. I (3rd R.T.R.)
uk_a_13_mk1_3rd_rtr_0;"<color=#81c3fc>Nuffield Mechanizations and Aero</color>
Tank, Cruiser, Mk. III, A.13, Mk. I
<color=@currencyGoldColor>3rd Royal Tank Regiment</color>"
uk_a_13_mk1_3rd_rtr_1;A13, Mk. I
uk_a_13_mk1_3rd_rtr_2;Cruiser Tank

uk_a_13_mk2_1939_shop;A.13, Mk. IIa
uk_a_13_mk2_1939_0;"<color=#81c3fc>Nuffield Mechanizations and Aero</color>
Tank, Cruiser, Mk. IVa, A.13, Mk. IIa"
uk_a_13_mk2_1939_1;A.13, Mk. IIa
uk_a_13_mk2_1939_2;Cruiser Tank

uk_m3_stuart_shop;Stuart Mk. I
uk_m3_stuart_0;"<color=#81c3fc>American Car and Foundry Company</color>
Tank, Light, Stuart, Mk. I"
uk_m3_stuart_1;Stuart, Mk. I
uk_m3_stuart_2;Light Tank

uk_m3a1_stuart_shop;Stuart, Mk. III
uk_m3a1_stuart_0;"<color=#81c3fc>American Car and Foundry Company</color>
Tank, Light, Stuart, Mk. III"
uk_m3a1_stuart_1;Stuart, Mk. III
uk_m3a1_stuart_2;Light Tank

uk_a17_mk_1_tetrarch_shop;Tetrarch, Mk. I
uk_a17_mk_1_tetrarch_0;"<color=#81c3fc>Vickers-Armstrongs</color>
Tank, Light, Mk. VII, A.17, Tetrarch, Mk. I"
uk_a17_mk_1_tetrarch_1;Tetrarch, Mk. I
uk_a17_mk_1_tetrarch_2;Light Tank

uk_a17_mk_1_tetrarch_race_shop;Tetrarch, Mk. I
uk_a17_mk_1_tetrarch_race_0;"<color=#81c3fc>Vickers-Armstrongs</color>
Tank, Light, Mk. VII, A.17, Tetrarch, Mk. I"
uk_a17_mk_1_tetrarch_race_1;Tetrarch, Mk. I
uk_a17_mk_1_tetrarch_race_2;Light Tank

uk_daimler_mk_2_shop;Daimler, Mk. II
uk_daimler_mk_2_0;"<color=#81c3fc>The Daimler Motor Company</color>
Car, Armoured, Daimler, Mk. II"
uk_daimler_mk_2_1;Daimler, Mk. II
uk_daimler_mk_2_2;Armoured Car

uk_vickers_mk_6_aa_mk_1_shop;A.5, Mk. I, A.A., Mk. I
uk_vickers_mk_6_aa_mk_1_0;"<color=#81c3fc>Vickers-Armstrongs</color>
Tank, Light, Mk. VIa, A.5, Mk. I, A.A., Mk. I"
uk_vickers_mk_6_aa_mk_1_1;A.5, Mk. I, A.A., Mk. I
uk_vickers_mk_6_aa_mk_1_2;SPAAG

uk_t17e2_race_shop;Staghound, A.A., Mk. I
uk_t17e2_race_0;"<color=#81c3fc>Chevrolet Motor Car Company</color>
Car, Armoured, Staghound, A.A., Mk. I"
uk_t17e2_race_1;Staghound, A.A., Mk. I
uk_t17e2_race_2;SPAAG

uk_t17e2_shop;Staghound, A.A., Mk. I
uk_t17e2_0;"<color=#81c3fc>Chevrolet Motor Car Company</color>
Car, Armoured, Staghound, A.A., Mk. I"
uk_t17e2_1;Staghound, A.A., Mk. I
uk_t17e2_2;SPAAG

uk_mark_v_shop;Mk. V (Male)
uk_mark_v_0;"<color=#81c3fc>Metropolitan Amalgamated Railway Carriage and Wagon Company</color>
Tank, Mk. V
<color=#adadad>(Male)</color>"
uk_mark_v_1;Mk. V (Male)
uk_mark_v_2;Medium Tank

uk_sarc_mk4_a_shop;SARC Mk. IVA
uk_sarc_mk4_a_0;"<color=#81c3fc>Dorman Long Company</color>
South African Armoured Reconnaissance Car Mk. IVA"
uk_sarc_mk4_a_1;SARC Mk. IVA
uk_sarc_mk4_a_2;Reconnaissance Car

uk_a1e1_independent_shop;A.1E1
uk_a1e1_independent_0;"<color=#81c3fc>Vickers Limited</color>
Tank, Heavy, A.1E1 'Independent'"
uk_a1e1_independent_1;A.1E1
uk_a1e1_independent_2;Heavy Tank

uk_alecto_mk_1_shop;Alecto, Mk. I
uk_alecto_mk_1_0;"<color=#81c3fc>Vickers-Armstrongs</color>
95mm, Self-Propelled, A.25E2, Alecto, Mk. I"
uk_alecto_mk_1_1;Alecto, MK. I
uk_alecto_mk_1_2;SPG

//UK GROUND VEHICLES - VEHICLE/FAMILY START: RANK 2
uk_crusader_mk_2_shop;Crusader, Mk. II
uk_crusader_mk_2_0;"<color=#81c3fc>Nuffield Mechanizations and Aero</color>
Tank, Cruiser, Mk. VI, A.15, Crusader, Mk. II"
uk_crusader_mk_2_1;Crusader, Mk. II
uk_crusader_mk_2_2;Cruiser Tank

uk_crusader_mk_3_shop;Crusader, Mk. III
uk_crusader_mk_3_0;"<color=#81c3fc>Nuffield Mechanizations and Aero</color>
Tank, Cruiser, Mk. VI, A.15, Crusader, Mk. III"
uk_crusader_mk_3_1;Crusader, Mk. III
uk_crusader_mk_3_2;Cruiser Tank

uk_crusader_mk_2_the_saint_shop;Crusader, Mk. II (1st Arm.Div.)
uk_crusader_mk_2_the_saint_0;"<color=#81c3fc>Nuffield Mechanizations and Aero</color>
Tank, Cruiser, Mk. VI, A.15, Crusader, Mk. II
<color=@currencyGoldColor>1st Armoured Division, ""The Saint""</color>"
uk_crusader_mk_2_the_saint_1;Crusader, Mk. II
uk_crusader_mk_2_the_saint_2;Cruiser Tank

uk_crusader_aa_mk_1_shop;Crusader, Mk. III, A.A., Mk. I
uk_crusader_aa_mk_1_0;"<color=#81c3fc>Nuffield Mechanizations and Aero</color>
Tank, Cruiser, Mk. VI, A.15, Crusader, Mk. III, A.A., Mk. I"
uk_crusader_aa_mk_1_1;Crusader, Mk. III, A.A., Mk. I
uk_crusader_aa_mk_1_2;SPAAG

uk_crusader_aa_mk_2_shop;Crusader, Mk. III, A.A., Mk. II
uk_crusader_aa_mk_2_0;"<color=#81c3fc>Nuffield Mechanizations and Aero</color>
Tank, Cruiser, Mk. VI, A.15, Crusader, Mk. III, A.A., Mk. II"
uk_crusader_aa_mk_2_1;Crusader, Mk. III, A.A., Mk. II
uk_crusader_aa_mk_2_2;SPAAG

uk_crusader_aa_mk_2_kit_3rank_shop;"Crusader, Mk. III, A.A., Mk. II ""Echoes of Overlord"""
uk_crusader_aa_mk_2_kit_3rank_0;"<color=#81c3fc>Nuffield Mechanizations and Aero</color>
Tank, Cruiser, Mk. VI, A.15, Crusader, Mk. III, A.A., Mk. II
<color=@currencyGoldColor>""Echoes of Overlord""</color>"
uk_crusader_aa_mk_2_kit_3rank_1;Crusader, Mk. III, A.A., Mk. II
uk_crusader_aa_mk_2_kit_3rank_2;SPAAG

uk_crusader_aa_mk_2_tutorial_shop;Crusader, Mk. III, A.A., Mk. II
uk_crusader_aa_mk_2_tutorial_0;"<color=#81c3fc>Nuffield Mechanizations and Aero</color>
Tank, Cruiser, Mk. VI, A.15, Crusader, Mk. III, A.A., Mk. II"
uk_crusader_aa_mk_2_tutorial_1;Crusader, Mk. III, A.A., Mk. II
uk_crusader_aa_mk_2_tutorial_2;SPAAG

uk_cruiser_ram_1_shop;Ram, Mk. I
uk_cruiser_ram_1_0;"<color=#81c3fc>Montreal Locomotive Works</color>
Tank, Cruiser, Ram, Mk. I"
uk_cruiser_ram_1_1;Ram, Mk. I
uk_cruiser_ram_1_2;Medium Tank

uk_a27m_cromwell_1_shop;Cromwell, Mk. Ic
uk_a27m_cromwell_1_0;"<color=#81c3fc>Birmingham Railway Carriage and Wagon Company</color>
Tank, Cruiser, Mk. VIII, A.27M, Cromwell, Mk. Ic"
uk_a27m_cromwell_1_1;Cromwell, Mk. Ic
uk_a27m_cromwell_1_2;Cruiser Tank

uk_a27m_cromwell_5_shop;Cromwell, Mk. Vc
uk_a27m_cromwell_5_0;"<color=#81c3fc>Birmingham Railway Carriage and Wagon Company</color>
Tank, Cruiser, Mk. VIII, A.27M, Cromwell, Mk. Vc"
uk_a27m_cromwell_5_1;Cromwell, Mk. Vc
uk_a27m_cromwell_5_2;Cruiser Tank

uk_a27m_cromwell_5_rp3_shop;Cromwell, Mk. Vc (RP-3)
uk_a27m_cromwell_5_rp3_0;"<color=#81c3fc>Birmingham Railway Carriage and Wagon Company</color>
Tank, Cruiser, Mk. VIII, A.27M, Cromwell, Mk. Vc
<color=#adadad>(RP-3)</color>"
uk_a27m_cromwell_5_rp3_1;Cromwell, Mk. Vc
uk_a27m_cromwell_5_rp3_2;Cruiser Tank

uk_sherman_II_shop;Sherman, Mk. II
uk_sherman_II_0;"<color=#81c3fc>Chrysler Corporation</color>
Tank, Medium, Sherman, Mk. II"
uk_sherman_II_1;Sherman, Mk. II
uk_sherman_II_2;Medium Tank

uk_sherman_vc_firefly_shop;Sherman, Mk. Vc
uk_sherman_vc_firefly_0;"<color=#81c3fc>Chrysler Corporation <color=@commonTextColor>/</color> Royal Ordnance Factory, Nottingham</color>
Tank, Medium, Sherman, Mk. Vc ""Firefly"""
uk_sherman_vc_firefly_1;Sherman, Mk. V
uk_sherman_vc_firefly_2;Medium Tank

uk_sherman_vc_firefly_kit_3rank_shop;"Sherman, Mk. Vc ""Echoes of Overlord"""
uk_sherman_vc_firefly_kit_3rank_0;"<color=#81c3fc>Chrysler Corporation <color=@commonTextColor>/</color> Royal Ordnance Factory, Nottingham</color>
Tank, Medium, Sherman, Mk. Vc ""Firefly""
<color=@currencyGoldColor>""Echoes of Overlord""</color>"
uk_sherman_vc_firefly_kit_3rank_1;Sherman, Mk. V
uk_sherman_vc_firefly_kit_3rank_2;Medium Tank

uk_sherman_ic_firefly_shop;⋠ Sherman, Mk. Ic (2. Dy.Pan.)
uk_sherman_ic_firefly_0;"<color=#81c3fc>Chrysler Corporation <color=@commonTextColor>/</color> Royal Ordnance Factory, Nottingham</color>
⋠ Tank, Medium, Sherman, Mk. Ic ""Firefly""
<color=@currencyGoldColor>2. Warszawska Dywizja Pancerna, 2. Warszawska Brygada Pancerna, 4. Pułk
Pancerny ""Skorpion"", 1. Szwadron, ""Trzyniec""</color>"
uk_sherman_ic_firefly_1;⋠ Sherman, Mk. Ic
uk_sherman_ic_firefly_2;Medium Tank

uk_valentine_mk_1_shop;Valentine, Mk. I
uk_valentine_mk_1_0;"<color=#81c3fc>Vickers-Armstrongs</color>
Tank, Infantry, Mk. III, Valentine, Mk. I"
uk_valentine_mk_1_1;Valentine, Mk. I
uk_valentine_mk_1_2;Infantry Tank

uk_valentine_mk_11_shop;Valentine, Mk. XI
uk_valentine_mk_11_0;"<color=#81c3fc>Vickers-Armstrongs</color>
Tank, Infantry, Mk. III, Valentine, Mk. XI"
uk_valentine_mk_11_1;Valentine, Mk. XI
uk_valentine_mk_11_2;Infantry Tank

uk_valentine_mk_9_shop;Valentine, Mk. IX
uk_valentine_mk_9_0;"<color=#81c3fc>Vickers-Armstrongs</color>
Tank, Infantry, Mk. III, Valentine, Mk. IX"
uk_valentine_mk_9_1;Valentine, Mk. IX
uk_valentine_mk_9_2;Infantry Tank

uk_a_12_mk_2_matilda_2_shop;Matilda, Mk. III
uk_a_12_mk_2_matilda_2_0;"<color=#81c3fc>The Vulcan Foundry</color>
Tank, Infantry, Mk. IIa*, A.12, Matilda, Mk. III"
uk_a_12_mk_2_matilda_2_1;Matilda, Mk. III
uk_a_12_mk_2_matilda_2_2;Infantry Tank

uk_matilda_hedgehog_shop;Matilda, Mk. IV (Hedgehog)
uk_matilda_hedgehog_0;"<color=#81c3fc>The Vulcan Foundry <color=@commonTextColor>/</color> The School of Armour</color>
Tank, Infantry, Mk. II, A.12, Matilda, Mk. IV
<color=#adadad>(Projector, Hedgehog, No. 1, Mk. 1)</color>"
uk_matilda_hedgehog_1;Matilda, Mk. IV
uk_matilda_hedgehog_2;Infantry Tank

uk_a_22_mk_1_churchill_1941_shop;Churchill, Mk. I
uk_a_22_mk_1_churchill_1941_0;"<color=#81c3fc>Vauxhall Motors</color>
Tank, Infantry, Mk. IV, A.22A, Churchill, Mk. I"
uk_a_22_mk_1_churchill_1941_1;Churchill, Mk. I
uk_a_22_mk_1_churchill_1941_2;Infantry Tank

uk_churchill_avre_shop;Churchill, Mk. III AVRE
uk_churchill_avre_0;"<color=#81c3fc>Vauxhall Motors</color>
Tank, Assault Vehicle, Royal Engineers, Mk. IV, A.22, Churchill, Mk. III"
uk_churchill_avre_1;Churchill, Mk. III AVRE
uk_churchill_avre_2;Infantry Tank

uk_a_22b_mk_3_churchill_1942_shop;Churchill, Mk. III
uk_a_22b_mk_3_churchill_1942_0;"<color=#81c3fc>Vauxhall Motors</color>
Tank, Infantry, Mk. IV, A.22B, Churchill, Mk. III"
uk_a_22b_mk_3_churchill_1942_1;Churchill, Mk. III
uk_a_22b_mk_3_churchill_1942_2;Infantry Tank

uk_churchill_na75_shop;Churchill, Mk. IV, N.A.75
uk_churchill_na75_0;"<color=#81c3fc>Vauxhall Motors</color>
Tank, Infantry, Mk. IV, A.22, Churchill, Mk. IV, N.A.75"
uk_churchill_na75_1;Churchill, Mk. IV
uk_churchill_na75_2;Infantry Tank

uk_a_22f_mk_7_churchill_1944_shop;Churchill, Mk. VII
uk_a_22f_mk_7_churchill_1944_0;"<color=#81c3fc>Vauxhall Motors</color>
Tank, Infantry, Mk. IV, A.22F, Churchill, Mk. VII"
uk_a_22f_mk_7_churchill_1944_1;Churchill, Mk. VII
uk_a_22f_mk_7_churchill_1944_2;Infantry Tank

uk_a_22f_mk_7_churchill_crocodile_shop;Churchill, Mk. VII, Crocodile
uk_a_22f_mk_7_churchill_crocodile_0;"<color=#81c3fc>Vauxhall Motors</color>
Tank, Infantry, Mk. IV, A.22F, Churchill, Mk. VII, Crocodile"
uk_a_22f_mk_7_churchill_crocodile_1;Churchill, Mk. VII, Crocodile
uk_a_22f_mk_7_churchill_crocodile_2;Infantry Tank

uk_sp_17_pdr_valentine_shop;Archer, Mk. I
uk_sp_17_pdr_valentine_0;"<color=#81c3fc>Vickers-Armstrongs</color>
17-pdr, Self-Propelled, Valentine, Mk. I, Archer, Mk. I"
uk_sp_17_pdr_valentine_1;Archer, Mk. I
uk_sp_17_pdr_valentine_2;SPG

uk_3_inch_gun_carrier_shop;3-in Gun, Mk. I
uk_3_inch_gun_carrier_0;"<color=#81c3fc>Vauxhall Motors</color>
Carrier, Churchill, A.22D, 3-in Gun, Mk. I"
uk_3_inch_gun_carrier_1;3-in Gun, Mk. I
uk_3_inch_gun_carrier_2;SPG

uk_17_pdr_m10_achilles_shop;Achilles, Mk. Ic
uk_17_pdr_m10_achilles_0;"<color=#81c3fc>General Motors Corporation, Fisher Body Division, Grand Blanc Tank Plant
<color=@commonTextColor>/</color> Royal Arsenal</color>
17-pdr, Self-Propelled, Achilles, Mk. Ic ""Firefly"""
uk_17_pdr_m10_achilles_1;Achilles, Mk. I
uk_17_pdr_m10_achilles_2;SPG

uk_17_pdr_m10_achilles_norfolk_yeomanry_shop;Achilles, Mk. Ic (65th AT.Reg.)
uk_17_pdr_m10_achilles_norfolk_yeomanry_0;"<color=#81c3fc>General Motors Corporation, Fisher Body Division, Grand Blanc Tank Plant
<color=@commonTextColor>/</color> Royal Arsenal</color>
17-pdr, Self-Propelled, Achilles, Mk. Ic ""Firefly""
<color=@currencyGoldColor>65th Anti-Tank Regiment Royal Artillery</color>"
uk_17_pdr_m10_achilles_norfolk_yeomanry_1;Achilles, Mk. I
uk_17_pdr_m10_achilles_norfolk_yeomanry_2;SPG

uk_armored_car_mk_2_aa_shop;A.E.C., Mk. II, A.A.
uk_armored_car_mk_2_aa_0;"<color=#81c3fc>Associated Equipment Company <color=@commonTextColor>/</color> Nuffield Mechanizations and Aero</color>
Car, Armoured, A.E.C., Mk. II, A.A."
uk_armored_car_mk_2_aa_1;A.E.C., Mk. II, A.A.
uk_armored_car_mk_2_aa_2;SPAAG

uk_armored_car_aec_mk_2_shop;A.E.C., Mk. II
uk_armored_car_aec_mk_2_0;"<color=#81c3fc>Associated Equipment Company</color>
Car, Armoured, A.E.C., Mk. II"
uk_armored_car_aec_mk_2_1;A.E.C., Mk. II
uk_armored_car_aec_mk_2_2;Armored Car

uk_marmon_herrington_mk_6_2pdr_shop;SARC Mk. VI (2-pdr.)
uk_marmon_herrington_mk_6_2pdr_0;"<color=#81c3fc>Dorman Long Company</color>
South African Armoured Reconnaissance Car Mk. VI
<color=#adadad>(2-pdr.)</color>"
uk_marmon_herrington_mk_6_2pdr_1;SARC Mk. VI
uk_marmon_herrington_mk_6_2pdr_2;Reconnaissance Car

uk_marmon_herrington_mk_6_6pdr_shop;SARC Mk. VI (6-pdr.)
uk_marmon_herrington_mk_6_6pdr_0;"<color=#81c3fc>Dorman Long Company</color>
South African Armoured Reconnaissance Car Mk. VI
<color=#adadad>(6-pdr.)</color>"
uk_marmon_herrington_mk_6_6pdr_1;SARC Mk. VI
uk_marmon_herrington_mk_6_6pdr_2;Reconnaissance Car

uk_a25_mk_8_shop;Harry Hopkins, Mk. I
uk_a25_mk_8_0;"<color=#81c3fc>Vickers-Armstrongs</color>
Tank, Light, Mk. VII, A.25, Harry Hopkins, Mk. I"
uk_a25_mk_8_1;Harry Hopkins, Mk. I
uk_a25_mk_8_2;Light Tank

uk_mk1_grant_shop;Grant, Mk. I
uk_mk1_grant_0;"<color=#81c3fc>Baldwin Locomotive Works</color>
Tank, Medium, Grant Mk. I"
uk_mk1_grant_1;Grant, Mk. I
uk_mk1_grant_2;Medium Tank

uk_ac1_sentinel_shop;A.C.I
uk_ac1_sentinel_0;"<color=#81c3fc>Chullora Tank Assembly Shops</color>
Tank, Australian Cruiser, Mk. I ""Sentinel"""
uk_ac1_sentinel_1;A.C.I
uk_ac1_sentinel_2;Cruiser Tank

uk_ac4_thunderbolt_shop;A.C.IV
uk_ac4_thunderbolt_0;"<color=#81c3fc>Chullora Tank Assembly Shops</color>
Tank, Australian Cruiser, Mk. IV"
uk_ac4_thunderbolt_1;A.C.IV
uk_ac4_thunderbolt_2;Cruiser Tank

uk_m4a5_ram_2_shop;"Ram, Mk. II (CT39981)"
uk_m4a5_ram_2_0;"<color=#81c3fc>Montreal Locomotive Works</color>
Tank, Cruiser, Ram, Mk. II
<color=@currencyGoldColor>CT39981</color>"
uk_m4a5_ram_2_1;Ram, Mk. II
uk_m4a5_ram_2_2;Medium Tank

uk_ram_90mm_aa_shop;Ram, Mk. II (O.Q.F., 3.7-inch, Mk. II)
uk_ram_90mm_aa_0;"<color=#81c3fc>Montreal Locomotive Works</color>
Tank, Cruiser, Ram, Mk. II
<color=#adadad>(Gun, O.Q.F., 3.7-inch, Mk. II)</color>"
uk_ram_90mm_aa_1;Ram, Mk. II (3.7-inch)
uk_ram_90mm_aa_2;SPG

//UK GROUND VEHICLES - VEHICLE/FAMILY START: RANK 3
uk_a30_challenger_shop;Challenger, Mk. I
uk_a30_challenger_0;"<color=#81c3fc>Birmingham Railway Carriage and Wagon Company</color>
Tank, Cruiser, A.30, Challenger, Mk. I"
uk_a30_challenger_1;Challenger, Mk. I
uk_a30_challenger_2;Cruiser Tank

uk_a_34_comet_shop;Comet, Mk. Ia
uk_a_34_comet_0;"<color=#81c3fc>Leyland Motors</color>
Tank, Cruiser, Mk. VIII, A.34, Comet, Mk. Ia"
uk_a_34_comet_1;Comet, Mk. Ia
uk_a_34_comet_2;Cruiser Tank

uk_a_34_comet_iron_duke_shop;Comet, Mk. Ia (7th Arm.Div.)
uk_a_34_comet_iron_duke_0;"<color=#81c3fc>Leyland Motors</color>
Tank, Cruiser, Mk. VIII, A.34, Comet, Mk. Ia
<color=@currencyGoldColor>7th Armoured Division, ""Iron Duke IV""</color>"
uk_a_34_comet_iron_duke_1;Comet, Mk. Ia
uk_a_34_comet_iron_duke_2;Cruiser Tank

uk_m44_shop;Cardinal
uk_m44_0;"<color=#81c3fc>Massey-Harris</color>
Howitzer, 155mm, Self-Propelled, Cardinal"
uk_m44_1;Cardinal
uk_m44_2;SPH

uk_a30_sp_avenger_shop;Avenger, Mk. I
uk_a30_sp_avenger_0;"<color=#81c3fc>Birmingham Railway Carriage and Wagon Company</color>
17-pdr, Self-Propelled, A.30, Avenger, Mk. I"
uk_a30_sp_avenger_1;Avenger, Mk. I
uk_a30_sp_avenger_2;Medium Tank

uk_a30_sp_avenger_kit_3rank_shop;"Avenger, Mk. I ""Echoes of Overlord"""
uk_a30_sp_avenger_kit_3rank_0;"<color=#81c3fc>Birmingham Railway Carriage and Wagon Company</color>
17-pdr, Self-Propelled, A.30, Avenger, Mk. I
<color=@currencyGoldColor>""Echoes of Overlord""</color>"
uk_a30_sp_avenger_kit_3rank_1;Avenger, Mk. I
uk_a30_sp_avenger_kit_3rank_2;Medium Tank

uk_ystervark_spaa_shop;Ystervark
uk_ystervark_spaa_0;"<color=#81c3fc>Armaments Corporation of South Africa</color>
Ystervark 23mm GAI-C01 Anti-Aircraft System"
uk_ystervark_spaa_1;Ystervark
uk_ystervark_spaa_2;SPAAG

uk_bosvark_shop;Bosvark
uk_bosvark_0;"<color=#81c3fc>Megkon Incorporated</color>
<color=#ff8c80>Project Zulmac</color>
Bosvark 23mm GA6 Anti-Aircraft System"
uk_bosvark_1;Bosvark
uk_bosvark_2;SPAAG

uk_concept3_ngac_shop;Concept 3
uk_concept3_ngac_0;"<color=#81c3fc>Sandock-Austral</color>
<color=#ff8c80>New Generation Armoured Car</color>
Test Bed 8x8, Concept 3"
uk_concept3_ngac_1;Concept 3
uk_concept3_ngac_2;Light Tank

uk_a_33_excelsior_shop;Commodore
uk_a_33_excelsior_0;"<color=#81c3fc>The English Electric Company</color>
Tank, Heavy Assault, A.33/B, Commodore"
uk_a_33_excelsior_1;Commodore
uk_a_33_excelsior_2;Heavy Assult Tank

uk_tog_2_shop;T.O.G. 2*
uk_tog_2_0;"<color=#81c3fc>William Foster & Co.</color>
T.O.G. 2*"
uk_tog_2_1;T.O.G. 2*
uk_tog_2_2;Super Heavy Tank

//UK GROUND VEHICLES - VEHICLE/FAMILY START: RANK 4
uk_centurion_mk_1_shop;Centurion, Mk. I*
uk_centurion_mk_1_0;"<color=#81c3fc>Royal Ordnance Factory, Leeds</color>
<color=#5cae63>F.V.4007</color>
Tank, Cruiser, A.41, Centurion, Mk. I*"
uk_centurion_mk_1_1;Centurion, Mk. I*
uk_centurion_mk_1_2;MBT

uk_centurion_mk_3_shop;Centurion, Mk. 3
uk_centurion_mk_3_0;"<color=#81c3fc>Royal Ordnance Factory, Leeds</color>
<color=#5cae63>F.V.4007</color>
Tank, Medium Gun, Centurion, Mk. 3"
uk_centurion_mk_3_1;Centurion, Mk. 3
uk_centurion_mk_3_2;MBT

uk_centurion_mk_2_shop;Centurion, Mk. II
uk_centurion_mk_2_0;"<color=#81c3fc>Royal Ordnance Factory, Leeds</color>
<color=#5cae63>F.V.4007</color>
Tank, Cruiser, A.41A, Centurion, Mk. II"
uk_centurion_mk_2_1;Centurion, Mk. II
uk_centurion_mk_2_2;MBT

uk_centurion_mk_3_ss11_shop;▄ strv 81 (C III) (rb 52A)
uk_centurion_mk_3_ss11_0;"<color=#81c3fc>Royal Ordnance Factory, Leeds</color>
<color=#919191>stridsvagn C III</color>
▄ stridsvagn 81
<color=#adadad>(robot 52A)</color>"
uk_centurion_mk_3_ss11_1;▄ strv 81
uk_centurion_mk_3_ss11_2;MBT

uk_centurion_action_x_shop;Centurion, Mk. 7 (CMT)
uk_centurion_action_x_0;"<color=#81c3fc>Royal Ordnance Factory, Leeds</color>
<color=#5cae63>F.V.4007</color>
Tank, Medium Gun, Centurion, Mk. 7
<color=#adadad>(Centurion Mantletless Turret)</color>"
uk_centurion_action_x_1;Centurion, Mk. 7
uk_centurion_action_x_2;MBT

uk_centurion_mk_10_shop;Centurion, Mk. 10
uk_centurion_mk_10_0;"<color=#81c3fc>Royal Ordnance Factory, Leeds</color>
<color=#5cae63>F.V.4017</color>
Tank, Medium Gun, Centurion, Mk. 10"
uk_centurion_mk_10_1;Centurion, Mk. 10
uk_centurion_mk_10_2;MBT

uk_centurion_mk_5_raac_shop;Centurion, Mk. 5/1 (R.A.A.C.)
uk_centurion_mk_5_raac_0;"<color=#81c3fc>Royal Ordnance Factory, Leeds</color>
<color=#5cae63>F.V.4011</color>
Tank, Medium Gun, Centurion, Mk. 5/1
<color=@currencyGoldColor>Royal Australian Armoured Corps</color>"
uk_centurion_mk_5_raac_1;Centurion, Mk. 5/1
uk_centurion_mk_5_raac_2;MBT

uk_centurion_mk_5_avre_era_shop;Centurion, Mk. 5 AVRE
uk_centurion_mk_5_avre_era_0;"<color=#81c3fc>Royal Ordnance Factory, Leeds</color>
<color=#5cae63>F.V.4003</color>
Tank, Assault Vehicle, Royal Engineers, 165mm Gun, Centurion, Mk. 5"
uk_centurion_mk_5_avre_era_1;Centurion, Mk. 5 AVRE
uk_centurion_mk_5_avre_era_2;Combat Engineering Vehicle

uk_fv4004_conway_shop;Conway
uk_fv4004_conway_0;"<color=#81c3fc>Royal Ordnance Factory, Leeds <color=@commonTextColor>/</color> Chubb Fire & Security</color>
<color=#5cae63>F.V.4004</color>
Tank, Heavy Gun, Conway"
uk_fv4004_conway_1;Conway
uk_fv4004_conway_2;SPG

uk_charioteer_mk_7_shop;Charioteer, Mk. 7f
uk_charioteer_mk_7_0;"<color=#81c3fc>Birmingham Railway Carriage and Wagon Company <color=@commonTextColor>/</color> Robinson and
Kershaw</color>
<color=#5cae63>F.V.4101</color>
Tank, Medium Gun, Charioteer, Mk. 7f"
uk_charioteer_mk_7_1;Charioteer, Mk. 7f
uk_charioteer_mk_7_2;Medium Tank

uk_fv4202_shop;F.V.4202
uk_fv4202_0;"<color=#81c3fc>Leyland Motors</color>
<color=#5cae63>F.V.4202</color>"
uk_fv4202_1;F.V.4202
uk_fv4202_2;Medium Tank

uk_fv4005_shop;Centaur
uk_fv4005_0;"<color=#81c3fc>Royal Ordnance Factory, Leeds</color>
<color=#5cae63>F.V.4005</color>
Tank, Heavy Gun, Stage II, Centaur"
uk_fv4005_1;Centaur
uk_fv4005_2;SPG

uk_m109a1_shop;▄ M109A1
uk_m109a1_0;"<color=#81c3fc>General Motors Company</color>
▄ Howitzer, Medium, Self-Propelled, 155mm, M109A1"
uk_m109a1_1;▄ M109A1
uk_m109a1_2;SPG

uk_g6_spg_shop;GV6 Mk 1
uk_g6_spg_0;"<color=#81c3fc>Sandock-Austral <color=@commonTextColor>+</color> Lyttelton Engineering Works G6-45</color>
<color=#ff8c80>Project Sherbett III</color>
GV6 Mk 1 155 mm Self-Propelled Gun-Howitzer ""Renoster"""
uk_g6_spg_1;GV6 Mk 1
uk_g6_spg_2;SPH

uk_a39_tortoise_shop;Tortoise
uk_a39_tortoise_0;"<color=#81c3fc>Nuffield Mechanizations and Aero</color>
Tank, Heavy Assault, A.39E1, Tortoise"
uk_a39_tortoise_1;Tortoise
uk_a39_tortoise_2;Heavy Assult Tank

uk_as_90_mk_2_shop;L131
uk_as_90_mk_2_0;"<color=#81c3fc>Vickers Shipbuilding and Engineering</color>
<color=#ff8c80>Artillery System for the 1990s</color>
Gun Equipment, 155 mm, L131"
uk_as_90_mk_2_1;L131
uk_as_90_mk_2_2;SPH

uk_skink_aa_shop;Skink
uk_skink_aa_0;"<color=#81c3fc>Montreal Locomotive Works <color=@commonTextColor>/</color> Dominion Foundries and Steel</color>
Tank, Anti-Aircraft, 20mm, Quad, Skink"
uk_skink_aa_1;Skink
uk_skink_aa_2;SPAAG

us_skink_aa_kit_3rank_shop;"▃ Skink ""Hell on Wheels"""
us_skink_aa_kit_3rank_0;"<color=#81c3fc>Montreal Locomotive Works <color=@commonTextColor>/</color> Dominion Foundries and Steel</color>
▃ Tank, Anti-Aircraft, 20mm, Quad, Skink
<color=@currencyGoldColor>""Hell on Wheels""</color>"
us_skink_aa_kit_3rank_1;▃ Skink
us_skink_aa_kit_3rank_2;SPAA

us_skink_aa_shop;▃ Skink
us_skink_aa_0;"<color=#81c3fc>Montreal Locomotive Works <color=@commonTextColor>/</color> Dominion Foundries and Steel</color>
▃ Tank, Anti-Aircraft, 20mm, Quad, Skink"
us_skink_aa_1;▃ Skink
us_skink_aa_2;SPAA

uk_ratel_90_shop;Ratel 90 Mk 3
uk_ratel_90_0;"<color=#81c3fc>Sandock-Austral <color=@commonTextColor>/</color> Lyttelton Engineering Works</color>
Ratel 90 Mk 3 Fire Support Vehicle"
uk_ratel_90_1;Ratel 90 Mk 3
uk_ratel_90_2;FSV

uk_ratel_20_shop;Ratel 20 Mk 3 (MILAN)
uk_ratel_20_0;"<color=#81c3fc>Sandock-Austral <color=@commonTextColor>/</color> Lyttelton Engineering Works</color>
Ratel 20 Mk 3 Infantry Combat Vehicle
<color=#adadad>(MILAN)</color>"
uk_ratel_20_1;Ratel 20 Mk 3
uk_ratel_20_2;IFV

uk_ratel_zt3_shop;Ratel ZT3-A2
uk_ratel_zt3_0;"<color=#81c3fc>Sandock-Austral <color=@commonTextColor>/</color> Kentron</color>
<color=#ff8c80>Project Raleigh</color>
Ratel ZT3-A2 Anti-Tank Missile System"
uk_ratel_zt3_1;Ratel ZT3-A2
uk_ratel_zt3_2;ATMC

uk_eland_90_mk_7_shop;Eland 90 Mk 7
uk_eland_90_mk_7_0;"<color=#81c3fc>Sandock-Austral</color>
Eland 90 Mk 7 Armoured Car"
uk_eland_90_mk_7_1;Eland 90 Mk 7
uk_eland_90_mk_7_2;Armoured Car

uk_vickers_gbt_155_shop;SP 155
uk_vickers_gbt_155_0;<color=#81c3fc>Vickers Shipbuilding and Engineering SP 155</color>
uk_vickers_gbt_155_1;SP 155
uk_vickers_gbt_155_2;SPH

uk_a_43_black_prince_shop;Black Prince
uk_a_43_black_prince_0;"<color=#81c3fc>Vauxhall Motors</color>
Tank, Infantry, A.43E1, Black Prince"
uk_a_43_black_prince_1;Black Prince
uk_a_43_black_prince_2;Infantry Tank

//UK GROUND VEHICLES - VEHICLE/FAMILY START: RANK 5
uk_fv221_caernarvon_shop;Caernarvon, Mk. 2
uk_fv221_caernarvon_0;"<color=#81c3fc>Royal Ordnance Factory, Dalmuir</color>
<color=#5cae63>F.V.221</color>
Tank, Medium Gun, Caernarvon, Mk. 2"
uk_fv221_caernarvon_1;Caernarvon, Mk. 2
uk_fv221_caernarvon_2;Heavy Tank

uk_conqueror_mk_2_shop;Conqueror, Mk. 2
uk_conqueror_mk_2_0;"<color=#81c3fc>Royal Ordnance Factory, Dalmuir</color>
<color=#5cae63>F.V.214</color>
Tank, Heavy No. 1, 120 mm gun, Conqueror, Mk. 2"
uk_conqueror_mk_2_1;Conqueror, Mk. 2
uk_conqueror_mk_2_2;Heavy Tank

uk_vickers_mbt_mk_1_shop;Vickers Mk. 1
uk_vickers_mbt_mk_1_0;<color=#81c3fc>Vickers-Armstrongs Mk. 1 Main Battle Tank</color>
uk_vickers_mbt_mk_1_1;Vickers Mk. 1
uk_vickers_mbt_mk_1_2;MBT

uk_vickers_mbt_mk_3_shop;Vickers Mk. 3
uk_vickers_mbt_mk_3_0;<color=#81c3fc>Vickers-Armstrongs Mk. 3 Main Battle Tank</color>
uk_vickers_mbt_mk_3_1;Vickers Mk. 3
uk_vickers_mbt_mk_3_2;MBT

uk_vickers_mk_11_shop;Vickers Mk. 11
uk_vickers_mk_11_0;"<color=#81c3fc>Vickers Defence Systems Mk. 11 Long Range Patrol Vehicle ""Viper""</color>"
uk_vickers_mk_11_1;Vickers Mk. 11
uk_vickers_mk_11_2;Long-Range Patrol Vehicle

uk_vickers_mk7_shop;Vickers Mk. 7/2
uk_vickers_mk7_0;"<color=#81c3fc>Vickers Defence Systems <color=@commonTextColor>+</color> Krauss-Maffei Wegmann
Mk. 7/2 Main Battle Tank</color>"
uk_vickers_mk7_1;Vickers Mk. 7/2
uk_vickers_mk7_2;MBT

uk_fv438_swingfire_shop;Swingfire
uk_fv438_swingfire_0;"<color=#81c3fc>Guest, Keen and Nettlefolds <color=@commonTextColor>/</color> Fairey Engineering <color=@commonTextColor>+</color> British Aircraft
Corporation</color>
<color=#5cae63>F.V.438</color>
Launcher, Guided Missile, Carrier Mounted, Full Tracked, Swingfire"
uk_fv438_swingfire_1;Swingfire
uk_fv438_swingfire_2;ATMC

uk_falcon_shop;Falcon
uk_falcon_0;<color=#81c3fc>Guest, Keen and Nettlefolds <color=@commonTextColor>/</color> Vickers-Armstrongs
Falcon Anti-Aircraft Gun System</color>
uk_falcon_1;Falcon
uk_falcon_2;SPAAG

uk_fv107_scimitar_shop;Scimitar
uk_fv107_scimitar_0;"<color=#81c3fc>Alvis</color>
<color=#5cae63>F.V.107</color>
Combat Vehicle, Reconnaissance, Full Tracked, Scimitar"
uk_fv107_scimitar_1;Scimitar
uk_fv107_scimitar_2;IFV

uk_fv107_scimitar_mk2_shop;Scimitar, Mk. 2 (TES)
uk_fv107_scimitar_mk2_0;"<color=#81c3fc>Alvis <color=@commonTextColor>/</color> BAE Systems Land and Armaments, Hadley Castle Works <color=@commonTextColor>+</color> Defence
Support Group, Donnington</color>
<color=#5cae63>F.V.107</color>
Combat Vehicle, Reconnaissance, Full Tracked, Scimitar, Mk. 2
<color=#adadad>(Theatre Entry Standard)</color>"
uk_fv107_scimitar_mk2_1;Scimitar, Mk. 2
uk_fv107_scimitar_mk2_2;IFV

uk_fv721_fox_shop;Fox
uk_fv721_fox_0;"<color=#81c3fc>Royal Ordnance Factory, Leeds</color>
<color=#5cae63>F.V.721</color>
Combat Vehicle, Reconnaissance, Wheeled, 30mm Gun, Fox"
uk_fv721_fox_1;Fox
uk_fv721_fox_2;Armoured Car

//UK GROUND VEHICLES - VEHICLE/FAMILY START: RANK 6
uk_chieftain_mk_3_shop;Chieftain, Mk. 3
uk_chieftain_mk_3_0;"<color=#81c3fc>British Leyland Motor Corporation</color>
<color=#5cae63>F.V.4201</color>
Tank, Combat, 120mm Gun, Chieftain, Mk. 3"
uk_chieftain_mk_3_1;Chieftain
uk_chieftain_mk_3_2;MBT

uk_chieftain_mk_5_shop;Chieftain, Mk. 5
uk_chieftain_mk_5_0;"<color=#81c3fc>British Leyland Motor Corporation</color>
<color=#5cae63>F.V.4201</color>
Tank, Combat, 120mm Gun, Chieftain, Mk. 5"
uk_chieftain_mk_5_1;Chieftain
uk_chieftain_mk_5_2;MBT

uk_chieftain_mk_10_shop;Chieftain, Mk. 10
uk_chieftain_mk_10_0;"<color=#81c3fc>British Leyland Motor Corporation</color>
<color=#5cae63>F.V.4201</color>
Tank, Combat, 120mm Gun, Chieftain, Mk. 10"
uk_chieftain_mk_10_1;Chieftain, Mk. 10
uk_chieftain_mk_10_2;MBT

uk_chieftain_900_shop;Chieftain 900
uk_chieftain_900_0;"<color=#81c3fc>British Leyland Motor Corporation <color=@commonTextColor>/</color> Royal Ordnance Factories
Chieftain 900</color>"
uk_chieftain_900_1;Chieftain 900
uk_chieftain_900_2;MBT

uk_chieftain_marksman_shop;Chieftain Mk. 10 Marksman
uk_chieftain_marksman_0;"<color=#81c3fc>British Leyland Motor Corporation <color=@commonTextColor>/</color> Marconi Company
Chieftain Mk. 10 Marksman</color>"
uk_chieftain_marksman_1;Chieftain Mk. 10 Marksman
uk_chieftain_marksman_2;SPAAG

uk_olifant_mk_1a_shop;Olifant Mk 1A
uk_olifant_mk_1a_0;"<color=#81c3fc>Olifant Manufacturing Company</color>
<color=#ff8c80>Project Semel</color>
Olifant Mk 1A Main Battle Tank"
uk_olifant_mk_1a_1;Olifant Mk 1A
uk_olifant_mk_1a_2;MBT

uk_olifant_mk_2_shop;Olifant Mk 2
uk_olifant_mk_2_0;"<color=#81c3fc>Olifant Manufacturing Company</color>
<color=#ff8c80>Project Atolasa</color>
Olifant Mk 2 Main Battle Tank"
uk_olifant_mk_2_1;Olifant Mk 2
uk_olifant_mk_2_2;MBT

uk_fv510_isv_shop;Warrior
uk_fv510_isv_0;"<color=#81c3fc>GKN</color>
<color=#ff8c80>Mechanised Combat Vehicle for the 1980s</color>
<color=#5cae63>F.V.520</color>
Combat Vehicle, Infantry Section, Tracked, Warrior"
uk_fv510_isv_1;Warrior
uk_fv510_isv_2;IFV

uk_fv102_striker_shop;Striker
uk_fv102_striker_0;"<color=#81c3fc>Alvis</color>
<color=#5cae63>F.V.102</color>
Launcher, Guided Missile, Carrier Mounted, Full Tracked, Striker"
uk_fv102_striker_1;Striker
uk_fv102_striker_2;ATMC

uk_rooikat_za_35_shop;ZA-35
uk_rooikat_za_35_0;"<color=#81c3fc>Sandock-Austral <color=@commonTextColor>/</color> Armaments Corporation of South Africa <color=@commonTextColor>+</color> Lyttelton
Engineering Works <color=@commonTextColor>+</color> Kentron <color=@commonTextColor>+</color> Electronics System Development</color>
<color=#ff8c80>ZA-SPADS</color>
ZA-35 Self-Propelled Anti-Aircraft Gun System"
uk_rooikat_za_35_1;ZA-35
uk_rooikat_za_35_2;SPAAG

uk_tracked_rapier_shop;Tracked Rapier (1985)
uk_tracked_rapier_0;"<color=#81c3fc>British Aircraft Corporation <color=@commonTextColor>/</color> FMC Corporation, Ordnance Engineering
Division</color>
Tracked Rapier Launcher Vehicle, RCM 748
<color=#adadad>(1985)</color>"
uk_tracked_rapier_1;Tracked Rapier
uk_tracked_rapier_2;SPAAM

uk_rooikat_76_shop;Rooikat Mk 1D
uk_rooikat_76_0;"<color=#81c3fc>Sandock-Austral <color=@commonTextColor>/</color> Lyttelton Engineering Works</color>
<color=#ff8c80>Project Arum Lily</color>
Rooikat Mk 1D Armoured Car"
uk_rooikat_76_1;Rooikat Mk 1D
uk_rooikat_76_2;Armoured Car

uk_rooikat_mttd_shop;MTTD
uk_rooikat_mttd_0;"<color=#81c3fc>Sandock-Austral <color=@commonTextColor>/</color> Denel Land Systems Medium Turret Technology
Demonstrator</color>"
uk_rooikat_mttd_1;MTTD
uk_rooikat_mttd_2;Armoured Car

uk_rooikat_105_td_shop;Rooikat 105 (MP Mk 2)
uk_rooikat_105_td_0;"<color=#81c3fc>Sandock-Austral <color=@commonTextColor>/</color> Lyttelton Engineering Works <color=@commonTextColor>/</color> Reumech Olifant
Manufacturing Company</color>
Rooikat 105 Armoured Fighting Vehicle
<color=#adadad>(Medium Performance Mk 2)</color>"
uk_rooikat_105_td_1;Rooikat 105
uk_rooikat_105_td_2;Armoured Car

uk_badger_shop;Badger SV
uk_badger_0;"<color=#81c3fc>Denel Land Systems</color>
<color=#ff8c80>New Generation Infantry Fighting Vehicle <color=@commonTextColor>|</color> Project Hoefyster</color>
Badger Infantry Combat Vehicle Section Variant"
uk_badger_1;Badger SV
uk_badger_2;IFV

uk_vfm_5_shop;VFM5
uk_vfm_5_0;<color=#81c3fc>Vickers Defense Systems <color=@commonTextColor>+</color> FMC Corporation Mk. 5 Battle Tank</color>
uk_vfm_5_1;VFM5
uk_vfm_5_2;Light Tank

uk_vijayanta_shop;Vijayantā Mk I
uk_vijayanta_0;"<color=#81c3fc>Vickers-Armstrongs <color=@commonTextColor>/</color> Bhārī Vāhan Nirmāṇī</color>
Ṭaink Vijayantā Mk I"
uk_vijayanta_1;Vijayantā Mk I
uk_vijayanta_2;MBT

uk_khalid_shop;Khālid
uk_khalid_0;"<color=#81c3fc>Royal Ordnance Factory, Leeds</color>
Dabābeh Khālid"
uk_khalid_1;Khālid
uk_khalid_2;MBT

uk_centurion_shot_kal_d_shop;▄ Šoṭ Kal D
uk_centurion_shot_kal_d_0;"<color=#81c3fc>Royal Ordnance Factory, Leeds <color=@commonTextColor>/</color> Ḥil ha-Ḥimuš</color>
▄ Ṭank Šoṭ Kal Dalet"
uk_centurion_shot_kal_d_1;▄ Šoṭ Kal D
uk_centurion_shot_kal_d_2;MBT

uk_shir_2_shop;Shir 2
uk_shir_2_0;"<color=#81c3fc>Military Vehicles and Engineering Establishment <color=@commonTextColor>+</color> Royal Ordnance
Factory, Leeds</color>
<color=#5cae63>F.V.4030/3</color>
Shir 2"
uk_shir_2_1;Shir 2
uk_shir_2_2;MBT

//UK GROUND VEHICLES - VEHICLE/FAMILY START: RANK 7
uk_challenger_1_shop;Challenger 1, Mk. 2
uk_challenger_1_0;"<color=#81c3fc>Royal Ordnance Factory, Leeds</color>
<color=#5cae63>F.V.4030/4</color>
Tank, Combat, 120mm Gun, Challenger 1, Mk. 2"
uk_challenger_1_1;Challenger 1
uk_challenger_1_2;MBT

uk_challenger_mk_3_shop;Challenger 1, Mk. 3
uk_challenger_mk_3_0;"<color=#81c3fc>Royal Ordnance Factory, Leeds</color>
<color=#5cae63>F.V.4030/4</color>
Tank, Combat, 120mm Gun, Challenger 1, Mk. 3"
uk_challenger_mk_3_1;Challenger 1
uk_challenger_mk_3_2;MBT

uk_challenger_1_mk_3_gulf_shop;Challenger 1, Mk. 3 (R.S.D.G.)
uk_challenger_1_mk_3_gulf_0;"<color=#81c3fc>Royal Ordnance Factory, Leeds</color>
<color=#5cae63>F.V.4030/4</color>
Tank, Combat, 120mm Gun, Challenger 1, Mk. 3
<color=@currencyGoldColor>Royal Scots Dragoon Guards</color>"
uk_challenger_1_mk_3_gulf_1;Challenger 1
uk_challenger_1_mk_3_gulf_2;MBT

uk_challenger_II_shop;Challenger 2 (2E)
uk_challenger_II_0;"<color=#81c3fc>Vickers Defence Systems</color>
<color=#5cae63>F.V.4034</color>
Tank, Combat, 120mm Gun, Challenger 2
<color=#adadad>(Dorchester Level 2E) (2003)</color>"
uk_challenger_II_1;Challenger 2
uk_challenger_II_2;MBT

uk_challenger_2_dorchester_shop;Challenger 2 (2F)
uk_challenger_2_dorchester_0;"<color=#81c3fc>Vickers Defence Systems</color>
<color=#5cae63>F.V.4034</color>
Tank, Combat, 120mm Gun, Challenger 2
<color=#adadad>(Dorchester Level 2F)</color>"
uk_challenger_2_dorchester_1;Challenger 2
uk_challenger_2_dorchester_2;MBT

uk_challenger_2_tes_shop;Challenger 2 (TES) (2H) (2008)
uk_challenger_2_tes_0;"<color=#81c3fc>Vickers Defence Systems</color>
<color=#5cae63>F.V.4034</color>
Tank, Combat, 120mm Gun, Challenger 2
<color=#adadad>(Theatre Entry Standard) (Dorchester Level 2H) (2008)</color>"
uk_challenger_2_tes_1;Challenger 2 (TES)
uk_challenger_2_tes_2;MBT

uk_challenger_2_megatron_shop;Challenger 2 (TES) (2H) (2011)
uk_challenger_2_megatron_0;"<color=#81c3fc>Vickers Defence Systems</color>
<color=#5cae63>F.V.4034</color>
Tank, Combat, 120mm Gun, Challenger 2
<color=#adadad>(Theatre Entry Standard) (Dorchester Level 2H) (2011)</color>"
uk_challenger_2_megatron_1;Challenger 2 (TES)
uk_challenger_2_megatron_2;MBT

uk_challenger_2_megatron_sm_shop;◍ Emily's Challenger 2 (TES) (2H) (2011)
uk_challenger_2_megatron_sm_0;"<color=#81c3fc>Vickers Defence Systems</color>
<color=#5cae63>F.V.4034</color>
◍ Tank, Combat, 120mm Gun, Challenger 2
<color=#adadad>(Theatre Entry Standard) (Dorchester Level 2H) (2011)</color>
<color=@currencyGoldColor>Emily's</color>"
uk_challenger_2_megatron_sm_1;◍ Challenger 2 (TES)
uk_challenger_2_megatron_sm_2;MBT

uk_challenger_II_yt_cup_2019_shop;␙ Challenger 2 (2E)
uk_challenger_II_yt_cup_2019_0;"<color=#81c3fc>Vickers Defence Systems</color>
<color=#5cae63>F.V.4034</color>
␙ Tank, Combat, 120mm Gun, Challenger 2
<color=#adadad>(Dorchester Level 2E) (2003)</color>"
uk_challenger_II_yt_cup_2019_1;␙ Challenger 2
uk_challenger_II_yt_cup_2019_2;MBT

uk_challenger_2_lep_shop;ATD Challenger 2
uk_challenger_2_lep_0;<color=#81c3fc>Rheinmetall BAE Systems Land
Advanced Technology Demonstrator Challenger 2 Platform</color>
uk_challenger_2_lep_1;Challenger 2
uk_challenger_2_lep_2;MBT

uk_challenger_2_bn_shop;"Challenger 2, Mk. 2 ""BN"""
uk_challenger_2_bn_0;"<color=#81c3fc>Vickers Defence Systems <color=@commonTextColor>/</color> BAE Systems Land and Armaments</color>
<color=#5cae63>F.V.4034</color>
Tank, Combat, 120mm Gun, Challenger 2 ""Black Night""
<color=#adadad>(Life Extension Program)</color>"
uk_challenger_2_bn_1;"Challenger 2 ""BN"""
uk_challenger_2_bn_2;MBT

uk_challenger_2e_shop;Challenger 2E
uk_challenger_2e_0;"<color=#81c3fc>Vickers Defence Systems</color>
<color=#5cae63>F.V.4034</color>
Tank, Combat, 120mm Gun, Challenger 2E
<color=#adadad>(2003)</color>"
uk_challenger_2e_1;Challenger 2E
uk_challenger_2e_2;MBT

uk_ttd_shop;TTD
uk_ttd_0;"<color=#81c3fc>Reumech Olifant Manufacturing Company <color=@commonTextColor>+</color> Lyttleton Engineering Works
Tank Technology Demonstrator</color>
<color=#ff8c80>Project Loggim</color>"
uk_ttd_1;TTD
uk_ttd_2;MBT

uk_desert_warrior_shop;Fāris
uk_desert_warrior_0;"<color=#81c3fc>GKN</color>
Fāris"
uk_desert_warrior_1;Fāris
uk_desert_warrior_2;IFV

uk_stormer_air_defence_shop;Stormer Air Defense
uk_stormer_air_defence_0;<color=#81c3fc>Alvis Stormer Air Defense</color>
uk_stormer_air_defence_1;Stormer Air Defense
uk_stormer_air_defence_2;SPAAG/M

uk_9a33bm2_shop;☸ Osā-Eke
uk_9a33bm2_0;"<color=#81c3fc>Moskofsk'ij mashinostroit'el'nyj zavot «Znamya»</color>
☸ Osā-Eke Prakṣepāstra Praṇālī"
uk_9a33bm2_1;☸ Osā-Eke
uk_9a33bm2_2;SPAA

uk_stormer_hvm_shop;F.V.4333 (HVM)
uk_stormer_hvm_0;"<color=#81c3fc>Alvis</color>
<color=#5cae63>F.V.4333</color>
Combat Vehicle, Carrier, Full Tracked, High Velocity Missile System"
uk_stormer_hvm_1;F.V.4333 (HVM)
uk_stormer_hvm_2;SPAAM

uk_9a35_m_shop;☸ Sṭrelā-10 Em
uk_9a35_m_0;"<color=#81c3fc>Saratofsk'ij zavot t'ažyelogo mashinostroyeniya</color>
☸ Sṭrelā-10 Em Prakṣepāstra Praṇālī"
uk_9a35_m_1;☸ Sṭrelā-10 Em
uk_9a35_m_2;SPAAM

uk_ajax_shop;Ajax
uk_ajax_0;"<color=#81c3fc>General Dynamics Land Systems UK AJAX</color>
Combat Vehicle, Reconnaissance, Full Tracked, Ajax"
uk_ajax_1;Ajax
uk_ajax_2;AFV

uk_t_90s_bheeshma_shop;☸ Ṭī-90 Es Bhīṣma
uk_t_90s_bheeshma_0;"<color=#81c3fc>UralVagonZavot <color=@commonTextColor>/</color> Bhārī Vāhan Nirmāṇī</color>
☸ Ṭaink Ṭī-90 Es Bhīṣma"
uk_t_90s_bheeshma_1;☸ Ṭī-90 Es
uk_t_90s_bheeshma_2;MBT

uk_boxer_crv_block2_shop;▄ Boxer CRV (LAND 400)
uk_boxer_crv_block2_0;"<color=#81c3fc>ARTEC <color=@commonTextColor>+</color> Rheinmetall Landsysteme
▄ Boxer Combat Reconnaissance Vehicle</color>
<color=#adadad>(LAND 400 Phase 2)</color>"
uk_boxer_crv_block2_1;▄ Boxer CRV
uk_boxer_crv_block2_2;CRV

//UK GROUND VEHICLES - VEHICLE/FAMILY START: RANK 8
uk_m1a1_aim_abrams_shop;▄ M1A1 AIM SA
uk_m1a1_aim_abrams_0;"<color=#81c3fc>General Dynamics Land Systems</color>
▄ Tank, Combat, Full Tracked: 120mm Gun, M1A1 Abrams, Abrams
Integrated Management, Situational Awareness"
uk_m1a1_aim_abrams_1;▄ M1A1 AIM SA
uk_m1a1_aim_abrams_2;MBT

uk_m1a2_sep3_abrams_shop;▄ M1A2 SEPv3
uk_m1a2_sep3_abrams_0;"<color=#81c3fc>General Dynamics Land Systems</color>
▄ Tank, Combat, Full Tracked: 120mm Gun, M1A2, System
Enhancement Package Version 3"
uk_m1a2_sep3_abrams_1;▄ M1A2 SEPv3
uk_m1a2_sep3_abrams_2;MBT

uk_adats_m113a3_shop;▄ ADATS
uk_adats_m113a3_0;"<color=#81c3fc>FMC <color=@commonTextColor>/</color> OC Oerlikon Corporation <color=@commonTextColor>+</color> Martin Marietta Corporation</color>
▄ Air Defense Anti-Tank System"
uk_adats_m113a3_1;▄ ADATS
uk_adats_m113a3_2;SPAAM

uk_sky_sabre_launcher_shop;SV 15T (Land Ceptor)
uk_sky_sabre_launcher_0;"<color=#81c3fc>Rafael International <color=@commonTextColor>+</color> MBDA UK</color>
Support Vehicle 15-Tonne
<color=#adadad>(Land Ceptor)</color>"
uk_sky_sabre_launcher_1;SV 15T (Land Ceptor)
uk_sky_sabre_launcher_2;SPAAM

uk_sky_sabre_fcs_shop;SV 15T (Giraffe AMB)
uk_sky_sabre_fcs_0;"<color=#81c3fc>Rafael International <color=@commonTextColor>+</color> MBDA UK</color>
Support Vehicle 15-Tonne
<color=#adadad>(Giraffe Agile Multi Beam)</color>"
uk_sky_sabre_fcs_1;SV 15T (Giraffe AMB)
uk_sky_sabre_fcs_2;Radar

//UK COASTAL FLEET - VEHICLE/FAMILY START: RANK 1
uk_mtb_1series_shop;HMS MTB 7
uk_mtb_1series_0;"<color=#81c3fc>British Power Boat Co.</color>
<color=#fffa62>BPB 60 ft-class</color>
HMS MTB 7"
uk_mtb_1series_1;HMS MTB 7
uk_mtb_1series_2;Motor Torpedo Boat

uk_mtb_2series_shop;HMS MTB 16
uk_mtb_2series_0;"<color=#81c3fc>British Power Boat Co.</color>
<color=#fffa62>BPB 60 ft-class</color>
HMS MTB 16"
uk_mtb_2series_1;HMS MTB 16
uk_mtb_2series_2;Motor Torpedo Boat

uk_mtb35_vosper_shop;HMS MTB 35
uk_mtb35_vosper_0;"<color=#81c3fc>Vosper & Co.</color>
<color=#fffa62>Vosper 70 ft-class</color>
HMS MTB 35"
uk_mtb35_vosper_1;HMS MTB 35
uk_mtb35_vosper_2;Motor Gun Boat

uk_mtb_vosper_1series_shop;HMS MTB 23
uk_mtb_vosper_1series_0;"<color=#81c3fc>Vosper & Co.</color>
<color=#fffa62>Vosper 70 ft-class</color>
HMS MTB 23"
uk_mtb_vosper_1series_1;HMS MTB 23
uk_mtb_vosper_1series_2;Motor Torpedo Boat

uk_mtb_vosper_2series_shop;HMS MTB 234
uk_mtb_vosper_2series_0;"<color=#81c3fc>Vosper & Co.</color>
<color=#fffa62>Vosper 72 ft-class</color>
HMS MTB 234"
uk_mtb_vosper_2series_1;HMS MTB 234
uk_mtb_vosper_2series_2;Motor Torpedo Boat

uk_fairmile_a_ml100_shop;HMS ML 100
uk_fairmile_a_ml100_0;"<color=#81c3fc>Woodnutt & Co. <color=@commonTextColor>/</color> Bembridge Harbour</color>
<color=#fffa62>Fairmile Type A-class</color>
HMS ML 100
<color=#adadad>(1940)</color>"
uk_fairmile_a_ml100_1;HMS ML 100
uk_fairmile_a_ml100_2;Motor Launch

uk_fairmile_b_ml345_shop;HMS ML 345
uk_fairmile_b_ml345_0;"<color=#81c3fc>Diesel Constructors <color=@commonTextColor>/</color> United States Naval Base No. 18</color>
<color=#fffa62>Fairmile Type B-class</color>
HMS ML 345
<color=#adadad>(1943)</color>"
uk_fairmile_b_ml345_1;HMS ML 345
uk_fairmile_b_ml345_2;Motor Launch

uk_fairmile_c_shop;HMS MGB 312
uk_fairmile_c_0;"<color=#81c3fc>Woodnutt & Co.</color>
<color=#fffa62>Fairmile Type C-class</color>
HMS MGB 312"
uk_fairmile_c_1;HMS MGB 312
uk_fairmile_c_2;Motor Gun Boat

uk_fairmile_c_332_shop;HMS MGB 332
uk_fairmile_c_332_0;"<color=#81c3fc>James A. Silver</color>
<color=#fffa62>Fairmile Type C-class</color>
HMS MGB 332"
uk_fairmile_c_332_1;HMS MGB 332
uk_fairmile_c_332_2;Motor Gun Boat

uk_fairmile_d_697_800_shop;HMS MTB 697
uk_fairmile_d_697_800_0;"<color=#81c3fc>Woodnutt & Co.</color>
<color=#fffa62>Fairmile Type D-class</color>
HMS MTB 697"
uk_fairmile_d_697_800_1;HMS MTB 697
uk_fairmile_d_697_800_2;Motor Torpedo Boat

uk_fairmile_d_601_616_shop;HMS MGB 601
uk_fairmile_d_601_616_0;"<color=#81c3fc>Tough Bros</color>
<color=#fffa62>Fairmile Type D-class</color>
HMS MGB 601"
uk_fairmile_d_601_616_1;HMS MGB 601
uk_fairmile_d_601_616_2;Motor Gun Boat

uk_fairmile_d_617_632_shop;HMS MGB 617
uk_fairmile_d_617_632_0;"<color=#81c3fc>William Osbourne</color>
<color=#fffa62>Fairmile Type D-class</color>
HMS MGB 617"
uk_fairmile_d_617_632_1;HMS MGB 617
uk_fairmile_d_617_632_2;Motor Torpedo Boat

uk_fairmile_d_5001_5029_shop;HMS MTB 5001
uk_fairmile_d_5001_5029_0;"<color=#81c3fc>Woodnutt & Co.</color>
<color=#fffa62>Fairmile Type D-class</color>
HMS MTB 5001"
uk_fairmile_d_5001_5029_1;HMS MTB 5001
uk_fairmile_d_5001_5029_2;Motor Torpedo Boat

uk_fairmile_lcs_l_h_mk2_shop;HMS LCS(L)(2) 257
uk_fairmile_lcs_l_h_mk2_0;"<color=#81c3fc>Austins of East Ham</color>
<color=#fffa62>Fairmile Type H-class</color>
HMS LCS(L)(2) 257"
uk_fairmile_lcs_l_h_mk2_1;HMS LCS(L)(2) 257
uk_fairmile_lcs_l_h_mk2_2;Motor Gun Boat

uk_70ft_mgb_shop;HMS MGB 61
uk_70ft_mgb_0;"<color=#81c3fc>British Power Boat Co.</color>
<color=#fffa62>BPB 70 ft-class</color>
HMS MGB 61"
uk_70ft_mgb_1;HMS MGB 61
uk_70ft_mgb_2;Motor Gun Boat

uk_hdml_ml1383_shop;HMS HDML 1383
uk_hdml_ml1383_0;"<color=#81c3fc>Anderson Rigden & Perkins</color>
<color=#fffa62>HDML-class</color>
HMS HDML 1383"
uk_hdml_ml1383_1;HMS HDML 1383
uk_hdml_ml1383_2;Harbour Defence Motor Launch

//UK COASTAL FLEET - VEHICLE/FAMILY START: RANK 2
uk_73ft_vosper_type1_shop;HMS MTB 379
uk_73ft_vosper_type1_0;"<color=#81c3fc>Vosper & Co.</color>
<color=#fffa62>Vosper 73 ft-class</color>
HMS MTB 379"
uk_73ft_vosper_type1_1;HMS MTB 379
uk_73ft_vosper_type1_2;Motor Torpedo Boat

uk_dark_class_shop;HMS Dark Adventurer (P 1101)
uk_dark_class_0;"<color=#81c3fc>Saunders-Roe</color>
<color=#fffa62>Dark-class</color>
HMS Dark Adventurer (P 1101)"
uk_dark_class_1;HMS Dark Adventurer
uk_dark_class_2;Motor Gun Boat

uk_dark_class_mtb_shop;HMS Dark Aggressor (P 1102)
uk_dark_class_mtb_0;"<color=#81c3fc>Saunders-Roe</color>
<color=#fffa62>Dark-class</color>
HMS Dark Aggressor (P 1102)"
uk_dark_class_mtb_1;HMS Dark Aggressor
uk_dark_class_mtb_2;Motor Gun Boat

uk_dark_class_mtb_td_shop;⋦ HMS Dark Aggressor (P 1102)
uk_dark_class_mtb_td_0;"<color=#81c3fc>Saunders-Roe</color>
<color=#fffa62>Dark-class</color>
⋦ HMS Dark Aggressor (P 1102)"
uk_dark_class_mtb_td_1;⋦ HMS Dark Aggressor
uk_dark_class_mtb_td_2;Motor Torpedo Boat

uk_isles_class_trawler_shop;HMS Orsay (J 450)
uk_isles_class_trawler_0;"<color=#81c3fc>Cochrane & Sons</color>
<color=#fffa62>Isles-class</color>
HMS Orsay (J 450)
<color=#adadad>(Gun, Q.F., 4-inch, Mk. V)</color>"
uk_isles_class_trawler_1;HMS Orsay
uk_isles_class_trawler_2;Danlayer

uk_flower_class_shop;HMCS Brantford (K 218)
uk_flower_class_0;"<color=#81c3fc>Midland Shipyards <color=@commonTextColor>/</color> Cockatoo Island Dockyard</color>
<color=#fffa62>Flower-class</color>
HMCS Brantford (K 218)
<color=#adadad>(1944)</color>"
uk_flower_class_1;HMCS Brantford
uk_flower_class_2;Corvette

uk_73ft_vosper_type2_shop;HMS MTB 523
uk_73ft_vosper_type2_0;"<color=#81c3fc>Vosper & Co.</color>
<color=#fffa62>Vosper 73 ft-class</color>
HMS MTB 523"
uk_73ft_vosper_type2_1;HMS MTB 523
uk_73ft_vosper_type2_2;Motor Torpedo Boat

uk_71ft_mgb_shop;HMS MGB 75
uk_71ft_mgb_0;"<color=#81c3fc>British Power Boat Co.</color>
<color=#fffa62>BPB 72 ft-class</color>
HMS MGB 75"
uk_71ft_mgb_1;HMS MGB 75
uk_71ft_mgb_2;Motor Gun Boat

uk_71ft_mtb460_shop;HMS MTB 460
uk_71ft_mtb460_0;"<color=#81c3fc>British Power Boat Co.</color>
<color=#fffa62>BPB 72 ft-class</color>
HMS MTB 460"
uk_71ft_mtb460_1;HMS MTB 460
uk_71ft_mtb460_2;Motor Torpedo Boat

//UK COASTAL FLEET - VEHICLE/FAMILY START: RANK 3
uk_gay_class_archer_shop;HMS Gay Archer (P 1041)
uk_gay_class_archer_0;"<color=#81c3fc>Vosper & Co.</color>
<color=#fffa62>Gay-class</color>
HMS Gay Archer (P 1041)"
uk_gay_class_archer_1;HMS Gay Archer
uk_gay_class_archer_2;Motor Torpedo Boat

uk_sgb_309_shop;HMS Grey Goose (S 309)
uk_sgb_309_0;"<color=#81c3fc>J. Samuel White & Co.</color>
<color=#fffa62>SGB-class</color>
HMS Grey Goose (S 309)"
uk_sgb_309_1;HMS Grey Goose
uk_sgb_309_2;Steam Gun Boat

uk_sgb_304_shop;HMS Grey Fox (S 304)
uk_sgb_304_0;"<color=#81c3fc>Yarrow & Co.</color>
<color=#fffa62>SGB-class</color>
HMS Grey Fox (S 304)"
uk_sgb_304_1;HMS Grey Fox
uk_sgb_304_2;Steam Gun Boat

uk_higgins_78ft_mtb422_shop;HMS MTB 422
uk_higgins_78ft_mtb422_0;"<color=#81c3fc>Higgins Industies</color>
<color=#fffa62>Higgins 78'-class</color>
HMS MTB 422"
uk_higgins_78ft_mtb422_1;HMS MTB 422
uk_higgins_78ft_mtb422_2;Motor Torpedo Boat

//UK COASTAL FLEET - VEHICLE/FAMILY START: RANK 4
uk_attack_class_arrow_shop;HMAS Arrow (P 88)
uk_attack_class_arrow_0;"<color=#81c3fc>John Walker & Co.</color>
<color=#fffa62>Attack-class</color>
HMAS Arrow (P 88)"
uk_attack_class_arrow_1;HMAS Arrow
uk_attack_class_arrow_2;Patrol Boat

uk_fremantle_class_shop;HMAS Fremantle (FCPB 203)
uk_fremantle_class_0;"<color=#81c3fc>Brooke Marine</color>
<color=#fffa62>Fremantle-class</color>
HMAS Fremantle (FCPB 203)"
uk_fremantle_class_1;HMAS Fremantle
uk_fremantle_class_2;Patrol Boat

uk_corvette_orla_shop;L.É. Orla (P 41)
uk_corvette_orla_0;"<color=#81c3fc>Hall, Russell & Co. <color=@commonTextColor>/</color> Cork Dockyard</color>
<color=#fffa62>Peacock-class</color>
L.É. Orla (P 41)
<color=#adadad>(2008)</color>"
uk_corvette_orla_1;L.É. Orla
uk_corvette_orla_2;Corvette

uk_corvette_peacock_shop;HMS Peacock (P 239)
uk_corvette_peacock_0;"<color=#81c3fc>Hall, Russell & Co.</color>
<color=#fffa62>Peacock-class</color>
HMS Peacock (P 239)"
uk_corvette_peacock_1;HMS Peacock
uk_corvette_peacock_2;Corvette

uk_frigate_whitby_shop;HMS Whitby (F 36)
uk_frigate_whitby_0;"<color=#81c3fc>Cammell Laird & Co.</color>
<color=#fffa62>Type 12 <color=@commonTextColor>|</color> Whitby-class</color>
HMS Whitby (F 36)"
uk_frigate_whitby_1;HMS Whitby
uk_frigate_whitby_2;Anti-Submarine Frigate

uk_frigate_whitby_blackpool_shop;HMS Blackpool (F 77)
uk_frigate_whitby_blackpool_0;"<color=#81c3fc>Harland & Wolff Group Holdings</color>
<color=#fffa62>Type 12 <color=@commonTextColor>|</color> Whitby-class</color>
HMS Blackpool (F 77)"
uk_frigate_whitby_blackpool_1;HMS Blackpool
uk_frigate_whitby_blackpool_2;Anti-Submarine Frigate

uk_frigate_river_shop;HMS Spey (K 246)
uk_frigate_river_0;"<color=#81c3fc>Smiths Dock Co. <color=@commonTextColor>/</color> Sri Lanka Navy Dockyard</color>
<color=#fffa62>River-class</color>
HMS Spey (K 246)
<color=#adadad>(1944)</color>"
uk_frigate_river_1;HMS Spey
uk_frigate_river_2;Frigate

//UK COASTAL FLEET - VEHICLE/FAMILY START: RANK 5
uk_brave_borderer_shop;HMS Brave Borderer (P 1011)
uk_brave_borderer_0;"<color=#81c3fc>Vosper & Co.</color>
<color=#fffa62>Type 153 <color=@commonTextColor>|</color> Brave-class</color>
HMS Brave Borderer (P 1011)"
uk_brave_borderer_1;HMS Brave Borderer
uk_brave_borderer_2;Motor Torpedo Boat

uk_destroyer_restigouche_class_terranova_shop;HMCS Terra Nova (DDE 259)
uk_destroyer_restigouche_class_terranova_0;"<color=#81c3fc>Victoria Machinery Depot</color>
<color=#fffa62>Restigouche-class</color>
HMCS Terra Nova (DDE 259)"
uk_destroyer_restigouche_class_terranova_1;HMCS Terra Nova
uk_destroyer_restigouche_class_terranova_2;Destroyer Escort

uk_frigate_leopard_shop;HMS Leopard (F 14)
uk_frigate_leopard_0;"<color=#81c3fc>Portsmouth Royal Dockyard</color>
<color=#fffa62>Type 41 <color=@commonTextColor>|</color> Leopard-class</color>
HMS Leopard (F 14)"
uk_frigate_leopard_1;HMS Leopard
uk_frigate_leopard_2;Anti-Aircraft Frigate

//UK BLUEWATER FLEET - VEHICLE/FAMILY START: RANK 1
uk_destroyer_v_class_vega_shop;HMS Vega (L 41)
uk_destroyer_v_class_vega_0;"<color=#81c3fc>William Doxford & Sons <color=@commonTextColor>/</color> Chatham Royal Dockyard</color>
<color=#fffa62>Admiralty V-class</color>
HMS Vega (L 41)
<color=#adadad>(1939)</color>"
uk_destroyer_v_class_vega_1;HMS Vega
uk_destroyer_v_class_vega_2;Destroyer

uk_destroyer_v_class_verdun_shop;HMS Verdun (L 93)
uk_destroyer_v_class_verdun_0;"<color=#81c3fc>R. & W. Hawthorn, Leslie & Co. <color=@commonTextColor>/</color> Chatham Royal Dockyard</color>
<color=#fffa62>Admiralty V-class</color>
HMS Verdun (L 93)
<color=#adadad>(1940)</color>"
uk_destroyer_v_class_verdun_1;HMS Verdun
uk_destroyer_v_class_verdun_2;Destroyer

uk_destroyer_v_class_valhalla_shop;HMS Valhalla (D 44)
uk_destroyer_v_class_valhalla_0;"<color=#81c3fc>Cammell Laird & Co. <color=@commonTextColor>/</color> Port Edgar</color>
<color=#fffa62>Admiralty V-class</color>
HMS Valhalla (D 44)
<color=#adadad>(1923)</color>"
uk_destroyer_v_class_valhalla_1;HMS Valhalla
uk_destroyer_v_class_valhalla_2;Destroyer

uk_destroyer_hunt_2series_shop;HMS Calpe (L 71)
uk_destroyer_hunt_2series_0;"<color=#81c3fc>Swan Hunter & Wigham Richardson <color=@commonTextColor>/</color> Malta Dockyard</color>
<color=#fffa62>Type II Hunt-class</color>
HMS Calpe (L 71)
<color=#adadad>(1945)</color>"
uk_destroyer_hunt_2series_1;HMS Calpe
uk_destroyer_hunt_2series_2;Destroyer

uk_destroyer_hunt_4series_shop;HMS Brissenden (L 79)
uk_destroyer_hunt_4series_0;"<color=#81c3fc>John I. Thornycroft & Co. <color=@commonTextColor>/</color> Pembroke Dockyard</color>
<color=#fffa62>Type IV Hunt-class</color>
HMS Brissenden (L 79)
<color=#adadad>(1945)</color>"
uk_destroyer_hunt_4series_1;HMS Brissenden
uk_destroyer_hunt_4series_2;Destroyer

uk_destroyer_g_grafton_shop;HMS Grafton (H 89)
uk_destroyer_g_grafton_0;"<color=#81c3fc>John I. Thornycroft & Co.</color>
<color=#fffa62>G-class</color>
HMS Grafton (H 89)"
uk_destroyer_g_grafton_1;HMS Grafton
uk_destroyer_g_grafton_2;Destroyer

uk_destroyer_g_grafton_EC_0;G-class | HMS Grafton (H 89)
uk_destroyer_g_grafton_EC_1;HMS Grafton
uk_destroyer_g_grafton_EC_2;Destroyer

uk_destroyer_st_class_saumarez_shop;HMS Saumarez (G 12)
uk_destroyer_st_class_saumarez_0;"<color=#81c3fc>R. & W. Hawthorn, Leslie & Co. <color=@commonTextColor>/</color> HMS Proserpine</color>
<color=#fffa62>S-class</color>
HMS Saumarez (G 12)
<color=#adadad>(1944)</color>"
uk_destroyer_st_class_saumarez_1;HMS Saumarez
uk_destroyer_st_class_saumarez_2;Destroyer

uk_destroyer_clemson_churchill_shop;HMS Churchill (I 45)
uk_destroyer_clemson_churchill_0;"<color=#81c3fc>Newport News Shipbuilding and Dry Dock Co. <color=@commonTextColor>/</color> Charleston Naval
Shipyard</color>
<color=#fffa62>Town-class</color>
HMS Churchill (I 45)
<color=#adadad>(1943)</color>"
uk_destroyer_clemson_churchill_1;HMS Churchill
uk_destroyer_clemson_churchill_2;Destroyer

uk_destroyer_clemson_churchill_EC_0;Town-class | HMS Churchill (I 45) (1943)
uk_destroyer_clemson_churchill_EC_1;HMS Churchill
uk_destroyer_clemson_churchill_EC_2;Destroyer

uk_destroyer_clemson_montgomery_g95_shop;HMS Montgomery (G 95)
uk_destroyer_clemson_montgomery_g95_0;"<color=#81c3fc>Bath Iron Works <color=@commonTextColor>/</color> Barrow-in-Furness</color>
<color=#fffa62>Town-class</color>
HMS Montgomery (G 95)
<color=#adadad>(1941)</color>"
uk_destroyer_clemson_montgomery_g95_1;HMS Montgomery
uk_destroyer_clemson_montgomery_g95_2;Destroyer

//UK BLUEWATER FLEET - VEHICLE/FAMILY START: RANK 2
uk_destroyer_tribal_shop;HMS Eskimo (G 75)
uk_destroyer_tribal_0;"<color=#81c3fc>Vickers-Armstrongs <color=@commonTextColor>/</color> Barrow-in-Furness</color>
<color=#fffa62>Tribal-class</color>
HMS Eskimo (G 75)
<color=#adadad>(1940)</color>"
uk_destroyer_tribal_1;HMS Eskimo
uk_destroyer_tribal_2;Destroyer

uk_destroyer_tribal_EC_0;Tribal-class | HMS Eskimo (G 75) (1940)
uk_destroyer_tribal_EC_1;HMS Eskimo
uk_destroyer_tribal_EC_2;Destroyer

uk_destroyer_n_class_shop;HMAS Nepal (G 25)
uk_destroyer_n_class_0;"<color=#81c3fc>John I. Thornycroft & Co. <color=@commonTextColor>/</color> HMAS Kuttabul</color>
<color=#fffa62>N-class</color>
HMAS Nepal (G 25)
<color=#adadad>(1943)</color>"
uk_destroyer_n_class_1;HMAS Nepal
uk_destroyer_n_class_2;Destroyer

uk_destroyer_n_class_EC_0;N-class | HMAS Nepal (G 25) (1943)
uk_destroyer_n_class_EC_1;HMAS Nepal
uk_destroyer_n_class_EC_2;Destroyer

uk_destroyer_k_class_shop;HMS Kelvin (F 37)
uk_destroyer_k_class_0;"<color=#81c3fc>Fairfield Shipbuilding & Engineering Co.</color>
<color=#fffa62>K-class</color>
HMS Kelvin (F 37)"
uk_destroyer_k_class_1;HMS Kelvin
uk_destroyer_k_class_2;Destroyer

uk_egret_class_shop;HMS Egret (L 75)
uk_egret_class_0;"<color=#81c3fc>J. Samuel White & Co. Ltd. <color=@commonTextColor>/</color> Humber Commercial Shipyard</color>
<color=#fffa62>Egret-class</color>
HMS Egret (L 75)
<color=#adadad>(1943)</color>"
uk_egret_class_1;HMS Egret
uk_egret_class_2;Sloop

uk_minelayer_abdiel_class_abdiel_shop;HMS Abdiel (M 39)
uk_minelayer_abdiel_class_abdiel_0;"<color=#81c3fc>J. Samuel White & Co. <color=@commonTextColor>/</color> Palmers Shipyard</color>
<color=#fffa62>Abdiel-class</color>
HMS Abdiel (M 39)
<color=#adadad>(1942)</color>"
uk_minelayer_abdiel_class_abdiel_1;HMS Abdiel
uk_minelayer_abdiel_class_abdiel_2;Minelayer

uk_destroyer_j_class_shop;HMS Jervis (G 00)
uk_destroyer_j_class_0;"<color=#81c3fc>R. & W. Hawthorn, Leslie & Co. <color=@commonTextColor>/</color> Belfast Dry Dock</color>
<color=#fffa62>J-class</color>
HMS Jervis (G 00)
<color=#adadad>(1945)</color>"
uk_destroyer_j_class_1;HMS Jervis
uk_destroyer_j_class_2;Destroyer

uk_destroyer_tribal_mohawk_shop;HMS Mohawk (L 31)
uk_destroyer_tribal_mohawk_0;"<color=#81c3fc>John I. Thornycroft & Co.</color>
<color=#fffa62>Tribal-class</color>
HMS Mohawk (L 31)"
uk_destroyer_tribal_mohawk_1;HMS Mohawk
uk_destroyer_tribal_mohawk_2;Destroyer

uk_destroyer_g_garland_shop;ORP Garland (H 37)
uk_destroyer_g_garland_0;"<color=#81c3fc>Fairfield Shipbuilding & Engineering Co. <color=@commonTextColor>/</color> Smiths Dockyard</color>
<color=#fffa62>G-class</color>
ORP Garland (H 37)
<color=#adadad>(1942)</color>"
uk_destroyer_g_garland_1;ORP Garland
uk_destroyer_g_garland_2;Destroyer

//UK BLUEWATER FLEET - VEHICLE/FAMILY START: RANK 3
uk_destroyer_battle_2series_shop;HMS Armada (R 14)
uk_destroyer_battle_2series_0;"<color=#81c3fc>R. & W. Hawthorn, Leslie & Co.</color>
<color=#fffa62>Battle-class</color>
HMS Armada (R 14)"
uk_destroyer_battle_2series_1;HMS Armada
uk_destroyer_battle_2series_2;Destroyer

uk_destroyer_battle_tobruk_shop;HMAS Tobruk (D 37)
uk_destroyer_battle_tobruk_0;"<color=#81c3fc>Cockatoo Docks and Engineering Co.</color>
<color=#fffa62>Battle-class</color>
HMAS Tobruk (D 37)"
uk_destroyer_battle_tobruk_1;HMAS Tobruk
uk_destroyer_battle_tobruk_2;Destroyer

uk_cruiser_arethusa_shop;HMS Arethusa (26)
uk_cruiser_arethusa_0;"<color=#81c3fc>Chatham Royal Dockyard <color=@commonTextColor>/</color> Charleston Naval Shipyard</color>
<color=#fffa62>Arethusa-class</color>
HMS Arethusa (26)
<color=#adadad>(1943)</color>"
uk_cruiser_arethusa_1;HMS Arethusa (26)
uk_cruiser_arethusa_2;Light Cruiser

uk_cruiser_arethusa_EC_0;Arethusa-class | HMS Arethusa (26) (1943)
uk_cruiser_arethusa_EC_1;Arethusa
uk_cruiser_arethusa_EC_2;Light Cruiser

uk_destroyer_daring_class_diana_shop;HMS Diana (D 126)
uk_destroyer_daring_class_diana_0;"<color=#81c3fc>Yarrow & Co. <color=@commonTextColor>/</color> Chatham Royal Dockyard</color>
<color=#fffa62>Daring-class</color>
HMS Diana (D 126)
<color=#adadad>(1959)</color>"
uk_destroyer_daring_class_diana_1;HMS Diana
uk_destroyer_daring_class_diana_2;Destroyer

uk_destroyer_daring_class_daring_shop;HMS Daring (D 05)
uk_destroyer_daring_class_daring_0;"<color=#81c3fc>Swan Hunter & Wigham Richardson</color>
<color=#fffa62>Daring-class</color>
HMS Daring (D 05)"
uk_destroyer_daring_class_daring_1;HMS Daring
uk_destroyer_daring_class_daring_2;Destroyer

uk_destroyer_daring_class_diamond_shop;HMS Diamond (D 35)
uk_destroyer_daring_class_diamond_0;"<color=#81c3fc>John Brown & Co.</color>
<color=#fffa62>Daring-class</color>
HMS Diamond (D 35)"
uk_destroyer_daring_class_diamond_1;HMS Diamond
uk_destroyer_daring_class_diamond_2;Destroyer

uk_cruiser_enterprise_d52_shop;HMS Enterprise (D 52)
uk_cruiser_enterprise_d52_0;"<color=#81c3fc>John Brown & Co. <color=@commonTextColor>/</color> Devonport Royal Dockyard</color>
<color=#fffa62>Emerald-class</color>
HMS Enterprise (D 52)
<color=#adadad>(1944)</color>"
uk_cruiser_enterprise_d52_1;HMS Enterprise
uk_cruiser_enterprise_d52_2;Light Cruiser

uk_cruiser_enterprise_d52_EC_0;Emerald-class | HMS Enterprise (D 52) (1944)
uk_cruiser_enterprise_d52_EC_1;HMS Enterprise
uk_cruiser_enterprise_d52_EC_2;Light Cruiser

uk_cruiser_hawkins_shop;HMS Hawkins (D 86)
uk_cruiser_hawkins_0;"<color=#81c3fc>Chatham Royal Dockyard <color=@commonTextColor>/</color> Portsmouth Royal Dockyard</color>
<color=#fffa62>Hawkins-class</color>
HMS Hawkins (D 86)
<color=#adadad>(1942)</color>"
uk_cruiser_hawkins_1;HMS Hawkins
uk_cruiser_hawkins_2;Heavy Cruiser

uk_destroyer_haida_shop;HMCS Haida (G 63)
uk_destroyer_haida_0;"<color=#81c3fc>Vickers-Armstrongs</color>
<color=#fffa62>Tribal-class</color>
HMCS Haida (G 63)"
uk_destroyer_haida_1;HMCS Haida
uk_destroyer_haida_2;Destroyer

uk_destroyer_battle_cadiz_shop;HMS Cadiz (D 79)
uk_destroyer_battle_cadiz_0;"<color=#81c3fc>Fairfield Shipbuilding & Engineering Co.</color>
<color=#fffa62>Battle-class</color>
HMS Cadiz (D 79)"
uk_destroyer_battle_cadiz_1;HMS Cadiz
uk_destroyer_battle_cadiz_2;Destroyer

//UK BLUEWATER FLEET - VEHICLE/FAMILY START: RANK 4
uk_cruiser_leander_shop;HMNZS Leander (75)
uk_cruiser_leander_0;"<color=#81c3fc>Vickers-Armstrongs <color=@commonTextColor>/</color> Auckland Dockyard</color>
<color=#fffa62>Leander-class</color>
HMNZS Leander (75)
<color=#adadad>(1941)</color>"
uk_cruiser_leander_1;HMNZS Leander
uk_cruiser_leander_2;Light Cruiser

uk_cruiser_leander_EC_0;Leander-class | HMNZS Leander (75) (1941)
uk_cruiser_leander_EC_1;HMNZS Leander
uk_cruiser_leander_EC_2;Light Cruiser

uk_cruiser_fiji_class_fiji_shop;HMS Fiji (58)
uk_cruiser_fiji_class_fiji_0;"<color=#81c3fc>John Brown & Co. <color=@commonTextColor>/</color> Clydebank Shipyard</color>
<color=#fffa62>Colony-class</color>
HMS Fiji (58)
<color=#adadad>(1941)</color>"
uk_cruiser_fiji_class_fiji_1;HMS Fiji
uk_cruiser_fiji_class_fiji_2;Light Cruiser

uk_cruiser_southampton_shop;HMS Southampton (C 83)
uk_cruiser_southampton_0;"<color=#81c3fc>John Brown & Co. <color=@commonTextColor>/</color> Tyne Shipyard</color>
<color=#fffa62>Town-class</color>
HMS Southampton (C 83)
<color=#adadad>(1940)</color>"
uk_cruiser_southampton_1;HMS Southampton
uk_cruiser_southampton_2;Light Cruiser

uk_cruiser_liverpool_shop;HMS Liverpool (C 11)
uk_cruiser_liverpool_0;"<color=#81c3fc>Fairfield Shipbuilding & Engineering Co. <color=@commonTextColor>/</color> Rosyth Dockyard</color>
<color=#fffa62>Town-class</color>
HMS Liverpool (C 11)
<color=#adadad>(1944)</color>"
uk_cruiser_liverpool_1;HMS Liverpool
uk_cruiser_liverpool_2;Light Cruiser

uk_cruiser_belfast_shop;HMS Belfast (C 35)
uk_cruiser_belfast_0;"<color=#81c3fc>Harland & Wolff Group Holdings <color=@commonTextColor>/</color> Devonport Royal Dockyard</color>
<color=#fffa62>Town-class</color>
HMS Belfast (C 35)
<color=#adadad>(1959)</color>"
uk_cruiser_belfast_1;HMS Belfast
uk_cruiser_belfast_2;Light Cruiser

uk_cruiser_dido_shop;HMS Dido (37)
uk_cruiser_dido_0;"<color=#81c3fc>Cammell Laird & Co. <color=@commonTextColor>/</color> Brooklyn Navy Yard</color>
<color=#fffa62>Dido-class</color>
HMS Dido (37)
<color=#adadad>(1941)</color>"
uk_cruiser_dido_1;HMS Dido
uk_cruiser_dido_2;Light Cruiser

uk_cruiser_dido_EC_0;Dido-class | HMS Dido (37) (1941)
uk_cruiser_dido_EC_1;HMS Dido
uk_cruiser_dido_EC_2;Light Cruiser

uk_cruiser_york_shop;HMS York (90)
uk_cruiser_york_0;"<color=#81c3fc>Palmers Shipbuilding and Iron Co. <color=@commonTextColor>/</color> Royal Albery Dockyard</color>
<color=#fffa62>York-class</color>
HMS York (90)
<color=#adadad>(1940)</color>"
uk_cruiser_york_1;HMS York
uk_cruiser_york_2;Heavy Cruiser

uk_cruiser_kent_shop;HMS Kent (54)
uk_cruiser_kent_0;"<color=#81c3fc>Chatham Royal Dockyard</color>
<color=#fffa62>County-class</color>
HMS Kent (54)
<color=#adadad>(1934)</color>"
uk_cruiser_kent_1;HMS Kent
uk_cruiser_kent_2;Heavy Cruiser

uk_cruiser_norfolk_shop;HMS Norfolk (78)
uk_cruiser_norfolk_0;"<color=#81c3fc>Fairfield Shipbuilding & Engineering Co. <color=@commonTextColor>/</color> Portsmouth Royal Dockyard</color>
<color=#fffa62>County-class</color>
HMS Norfolk (78)
<color=#adadad>(1943)</color>"
uk_cruiser_norfolk_1;HMS Norfolk
uk_cruiser_norfolk_2;Heavy Cruiser

uk_cruiser_london_shop;HMS London (69)
uk_cruiser_london_0;"<color=#81c3fc>Portsmouth Royal Dockyard <color=@commonTextColor>/</color> Rosyth Dockyard</color>
<color=#fffa62>County-class</color>
HMS London (69)
<color=#adadad>(1944)</color>"
uk_cruiser_london_1;HMS London
uk_cruiser_london_2;Heavy Cruiser

uk_battlecruiser_invincible_shop;HMS Invincible (85)
uk_battlecruiser_invincible_0;"<color=#81c3fc>Sir W G Armstrong Whitworth & Co. <color=@commonTextColor>/</color> Devonport Royal Dockyard</color>
<color=#fffa62>Invincible-class</color>
HMS Invincible (85)
<color=#adadad>(1914)</color>"
uk_battlecruiser_invincible_1;HMS Invincible
uk_battlecruiser_invincible_2;Battlecruiser

//UK BLUEWATER FLEET - VEHICLE/FAMILY START: RANK 5
uk_battleship_dreadnought_shop;HMS Dreadnought (00)
uk_battleship_dreadnought_0;"<color=#81c3fc>Portsmouth Royal Dockyard <color=@commonTextColor>/</color> Chatham Royal Dockyard</color>
<color=#fffa62>Dreadnought-class</color>
HMS Dreadnought (00)
<color=#adadad>(1917)</color>"
uk_battleship_dreadnought_1;HMS Dreadnought
uk_battleship_dreadnought_2;Dreadnought

uk_battleship_orion_shop;HMS Orion (52)
uk_battleship_orion_0;"<color=#81c3fc>Portsmouth Royal Dockyard</color>
<color=#fffa62>Orion-class</color>
HMS Orion (52)"
uk_battleship_orion_1;HMS Orion
uk_battleship_orion_2;Super Dreadnought

uk_battleship_colossus_shop;HMS Colossus (93)
uk_battleship_colossus_0;"<color=#81c3fc>Scotts Shipbuilding & Engineering Co. <color=@commonTextColor>/</color> Rosyth Dockyard</color>
<color=#fffa62>Colossus-class</color>
HMS Colossus (93)
<color=#adadad>(1917)</color>"
uk_battleship_colossus_1;HMS Colossus
uk_battleship_colossus_2;Dreadnought

uk_battleship_centurion_shop;HMS Centurion (12)
uk_battleship_centurion_0;"<color=#81c3fc>Devonport Royal Dockyard</color>
<color=#fffa62>King George V-class</color>
HMS Centurion (12)"
uk_battleship_centurion_1;HMS Centurion
uk_battleship_centurion_2;Dreadnought

uk_battlecruiser_glorious_shop;HMS Glorious (77)
uk_battlecruiser_glorious_0;"<color=#81c3fc>Harland & Wolff Group Holdings <color=@commonTextColor>/</color> HMS Proserpine</color>
<color=#fffa62>Courageous-Class</color>
HMS Glorious (77)
<color=#adadad>(1917)</color>"
uk_battlecruiser_glorious_1;HMS Glorious
uk_battlecruiser_glorious_2;Battlecruiser

uk_battlecruiser_queen_mary_shop;HMS Queen Mary (14)
uk_battlecruiser_queen_mary_0;"<color=#81c3fc>Palmers Shipbuilding and Iron Co.</color>
<color=#fffa62>Queen Mary-class</color>
HMS Queen Mary (14)"
uk_battlecruiser_queen_mary_1;HMS Queen Mary
uk_battlecruiser_queen_mary_2;Battlecruiser

uk_battleship_iron_duke_shop;HMS Iron Duke (18)
uk_battleship_iron_duke_0;"<color=#81c3fc>Portsmouth Royal Dockyard</color>
<color=#fffa62>Iron Duke-class</color>
HMS Iron Duke (18)
<color=#adadad>(1929)</color>"
uk_battleship_iron_duke_1;HMS Iron Duke
uk_battleship_iron_duke_2;Dreadnought

uk_battlecruiser_renown_shop;HMS Renown (72)
uk_battlecruiser_renown_0;"<color=#81c3fc>Fairfield Shipbuilding & Engineering Co. <color=@commonTextColor>/</color> Rosyth Dockyard</color>
<color=#fffa62>Renown-class</color>
HMS Renown (72)
<color=#adadad>(1943)</color>"
uk_battlecruiser_renown_1;HMS Renown
uk_battlecruiser_renown_2;Battlecruiser

uk_battlecruiser_repulse_shop;HMS Repulse (34)
uk_battlecruiser_repulse_0;"<color=#81c3fc>John Brown & Co. <color=@commonTextColor>/</color> Rosyth Dockyard</color>
<color=#fffa62>Renown-class</color>
HMS Repulse (34)
<color=#adadad>(1941)</color>"
uk_battlecruiser_repulse_1;HMS Repulse
uk_battlecruiser_repulse_2;Battlecruiser

uk_cruiser_tiger_shop;HMS Tiger (C 20)
uk_cruiser_tiger_0;"<color=#81c3fc>John Brown & Co.</color>
<color=#fffa62>Tiger-class</color>
HMS Tiger (C 20)"
uk_cruiser_tiger_1;HMS Tiger
uk_cruiser_tiger_2;Light Cruiser

//UK BLUEWATER FLEET - VEHICLE/FAMILY START: RANK 6
uk_battleship_marlborough_shop;HMS Marlborough (66)
uk_battleship_marlborough_0;"<color=#81c3fc>Devonport Royal Dockyard</color>
<color=#fffa62>Iron Duke-class</color>
HMS Marlborough (66)
<color=#adadad>(1929)</color>"
uk_battleship_marlborough_1;HMS Marlborough
uk_battleship_marlborough_2;Super Dreadnought

uk_battleship_q_elizabet_class_warspite_shop;HMS Warspite (03)
uk_battleship_q_elizabet_class_warspite_0;"<color=#81c3fc>Devonport Royal Dockyard <color=@commonTextColor>/</color> Naval Station Durban</color>
<color=#fffa62>Queen Elizabeth-class</color>
HMS Warspite (03)
<color=#adadad>(1943)</color>"
uk_battleship_q_elizabet_class_warspite_1;HMS Warspite
uk_battleship_q_elizabet_class_warspite_2;Super Dreadnought

uk_battleship_q_elizabet_class_barham_shop;HMS Barham (97)
uk_battleship_q_elizabet_class_barham_0;"<color=#81c3fc>John Brown & Co. <color=@commonTextColor>/</color> Cromarty Harbour</color>
<color=#fffa62>Queen Elizabeth-class</color>
HMS Barham (97)
<color=#adadad>(1917)</color>"
uk_battleship_q_elizabet_class_barham_1;HMS Barham
uk_battleship_q_elizabet_class_barham_2;Super Dreadnought

uk_battleship_rodney_shop;HMS Rodney (29)
uk_battleship_rodney_0;"<color=#81c3fc>Cammell Laird & Co. <color=@commonTextColor>/</color> Rosyth Dockyard</color>
<color=#fffa62>Nelson-class</color>
HMS Rodney (29)
<color=#adadad>(1940)</color>"
uk_battleship_rodney_1;HMS Rodney
uk_battleship_rodney_2;Battleship

uk_battleship_nelson_shop;HMS Nelson (28)
uk_battleship_nelson_0;"<color=#81c3fc>Vickers-Armstrongs <color=@commonTextColor>/</color> Philadelphia Navy Yard</color>
<color=#fffa62>Nelson-class</color>
HMS Nelson (28)
<color=#adadad>(1944)</color>"
uk_battleship_nelson_1;HMS Nelson
uk_battleship_nelson_2;Battleship

uk_battleship_prince_of_wales_shop;HMS Prince of Wales (53)
uk_battleship_prince_of_wales_0;"<color=#81c3fc>Cammell Laird & Co. <color=@commonTextColor>/</color> Cape Town Dockyard</color>
<color=#fffa62>King George V-class</color>
HMS Prince of Wales (53)
<color=#adadad>(1941)</color>"
uk_battleship_prince_of_wales_1;HMS Prince of Wales
uk_battleship_prince_of_wales_2;Battleship

uk_battlecruiser_hood_shop;HMS Hood (51)
uk_battlecruiser_hood_0;"<color=#81c3fc>John Brown & Co. <color=@commonTextColor>/</color> Rosyth Dockyard</color>
<color=#fffa62>Admiral-class</color>
HMS Hood (51)
<color=#adadad>(1941)</color>"
uk_battlecruiser_hood_1;HMS Hood
uk_battlecruiser_hood_2;Battlecruiser

//UK BLUEWATER FLEET - VEHICLE/FAMILY START: RANK 7
uk_battleship_vanguard_shop;HMS Vanguard (23)
uk_battleship_vanguard_0;"<color=#81c3fc>John Brown & Co.</color>
<color=#fffa62>Vanguard-class</color>
HMS Vanguard (23)"
uk_battleship_vanguard_1;HMS Vanguard
uk_battleship_vanguard_2;Battleship

//JAPAN AIRCRAFT - VEHICLE/FAMILY START: RANK 1
f1m2_shop;F1M2
f1m2_0;"<color=#81c3fc>Mitsubishi Jū Kōgyō</color>
<color=#7ce68f>0 Shiki Kansokuki</color>
F1M2"
f1m2_1;F1M2
f1m2_2;F1M

a5m4_shop;A5M4
a5m4_0;"<color=#81c3fc>Mitsubishi Jū Kōgyō</color>
<color=#7ce68f>96 Shiki 4 Gō Kanjō Sentōki</color>
A5M4"
a5m4_1;A5M4
a5m4_2;A5M

a5m4_hagiri_shop;Hagiri's A5M4
a5m4_hagiri_0;"<color=#81c3fc>Mitsubishi Jū Kōgyō</color>
<color=#7ce68f>96 Shiki 4 Gō Kanjō Sentōki</color>
<color=@currencyGoldColor>Matsuo Hagiri's A5M4</color>"
a5m4_hagiri_1;A5M4
a5m4_hagiri_2;A5M

ki_10_1_shop;Ki 10-I
ki_10_1_0;"<color=#81c3fc>Kawasaki Kōkūki Kōgyō</color>
<color=#7ce68f>95 Shiki Sentōki 1 Gata</color>
Ki 10-I"
ki_10_1_1;Ki 10-I
ki_10_1_2;Ki 10

ki_10_1_commander_shop;Ki 10-I (1 Sentai)
ki_10_1_commander_0;"<color=#81c3fc>Kawasaki Kōkūki Kōgyō</color>
<color=#7ce68f>95 Shiki Sentōki 1 Gata</color>
Ki 10-I
<color=@currencyGoldColor>Hikō Dai 1 Sentai</color>"
ki_10_1_commander_1;Ki 10-I
ki_10_1_commander_2;Ki 10

ki_10_2_shop;Ki 10-II
ki_10_2_0;"<color=#81c3fc>Kawasaki Kōkūki Kōgyō</color>
<color=#7ce68f>95 Shiki Sentōki 2 Gata</color>
Ki 10-II"
ki_10_2_1;Ki 10-II
ki_10_2_2;Ki 10

ki_10_2_commander_shop;Ki 10-II (77 Sentai)
ki_10_2_commander_0;"<color=#81c3fc>Kawasaki Kōkūki Kōgyō</color>
<color=#7ce68f>95 Shiki Sentōki 2 Gata</color>
Ki 10-II
<color=@currencyGoldColor>Hikō Dai 77 Sentai</color>"
ki_10_2_commander_1;Ki 10-II
ki_10_2_commander_2;Ki 10

ki-27_otsu_shop;Ki 27 Otsu
ki-27_otsu_0;"<color=#81c3fc>Nakajima Hikōki</color>
<color=#7ce68f>97 Shiki Sentōki Otsu</color>
Ki 27 Otsu"
ki-27_otsu_1;Ki 27 Otsu
ki-27_otsu_2;Ki 27

ki-27_otsu_ep_shop;Ki 27 Otsu (4 Sentai)
ki-27_otsu_ep_0;"<color=#81c3fc>Nakajima Hikōki</color>
<color=#7ce68f>97 Shiki Sentōki Otsu</color>
Ki 27 Otsu
<color=@currencyGoldColor>Hikō Dai 4 Sentai</color>"
ki-27_otsu_ep_1;Ki 27 Otsu
ki-27_otsu_ep_2;Ki 27

ki_43_1_shop;Ki 43-I Hei
ki_43_1_0;"<color=#81c3fc>Nakajima Hikōki</color>
<color=#7ce68f>1 Shiki Sentōki 1 Gata Hei</color>
Ki 43-I Hei ""Hayabusa"""
ki_43_1_1;Ki 43-I
ki_43_1_2;Ki 43

ki_43_2_shop;Ki 43-II (late)
ki_43_2_0;"<color=#81c3fc>Nakajima Hikōki</color>
<color=#7ce68f>1 Shiki Sentōki 2 Gata</color>
Ki 43-II ""Hayabusa""
<color=#adadad>(late)</color>"
ki_43_2_1;Ki 43-II
ki_43_2_2;Ki 43

ki_43_3_otsu_shop;Ki 43-III Otsu
ki_43_3_otsu_0;"<color=#81c3fc>Nakajima Hikōki <color=@commonTextColor>/</color> Tachikawa Hikōki</color>
<color=#7ce68f>1 Shiki Sentōki 3 Gata Otsu</color>
Ki 43-III Otsu ""Hayabusa"""
ki_43_3_otsu_1;Ki 43-III
ki_43_3_otsu_2;Ki 43

ki-45_tei_shop;Ki 45 Kai Hei (Tei)
ki-45_tei_0;"<color=#81c3fc>Kawasaki Kōkūki Kōgyō</color>
<color=#7ce68f>2 Shiki Fukuza Sentōki Hei</color>
Ki 45 Kai Hei ""Toryu""
<color=#adadad>(Tei Sōbi)</color>"
ki-45_tei_1;Ki 45 Kai
ki-45_tei_2;Ki 45

ki-45_otsu_shop;Ki 45 Kai Otsu
ki-45_otsu_0;"<color=#81c3fc>Kawasaki Kōkūki Kōgyō</color>
<color=#7ce68f>2 Shiki Fukuza Sentōki Otsu</color>
Ki 45 Kai Otsu ""Toryu"""
ki-45_otsu_1;Ki 45 Kai
ki-45_otsu_2;Ki 45

ki-45_ko_shop;Ki 45 Kai Kō
ki-45_ko_0;"<color=#81c3fc>Kawasaki Kōkūki Kōgyō</color>
<color=#7ce68f>2 Shiki Fukuza Sentōki Kō</color>
Ki 45 Kai Kō ""Toryu"""
ki-45_ko_1;Ki 45 Kai
ki-45_ko_2;Ki 45

ki-45_ko_tei_shop;Ki 45 Kai Kō (Tei)
ki-45_ko_tei_0;"<color=#81c3fc>Kawasaki Kōkūki Kōgyō</color>
<color=#7ce68f>2 Shiki Fukuza Sentōki Kō</color>
Ki 45 Kai Kō ""Toryu""
<color=#adadad>(Tei Sōbi)</color>"
ki-45_ko_tei_1;Ki 45 Kai
ki-45_ko_tei_2;Ki 45

ki-45_hei_shop;Ki 45 Kai Hei
ki-45_hei_0;"<color=#81c3fc>Kawasaki Kōkūki Kōgyō</color>
<color=#7ce68f>2 Shiki Fukuza Sentōki Hei</color>
Ki 45 Kai Hei ""Toryu"""
ki-45_hei_1;Ki 45 Kai
ki-45_hei_2;Ki 45

ki-45_hei_tei_shop;Ki 45 Kai Hei (Tei)
ki-45_hei_tei_0;"<color=#81c3fc>Kawasaki Kōkūki Kōgyō</color>
<color=#7ce68f>2 Shiki Fukuza Sentōki Hei</color>
Ki 45 Kai Hei ""Toryu""
<color=#adadad>(Tei Sōbi)</color>"
ki-45_hei_tei_1;Ki 45 Kai
ki-45_hei_tei_2;Ki 45

ki_109_shop;Ki 109
ki_109_0;"<color=#81c3fc>Mitsubishi Jū Kōgyō</color>
Ki 109"
ki_109_1;Ki 109
ki_109_2;Ki 109

b5n2_shop;B5N2
b5n2_0;"<color=#81c3fc>Nakajima Hikōki</color>
<color=#7ce68f>97 Shiki Kanjō Kōgekiki 12 Gata</color>
B5N2"
b5n2_1;B5N2
b5n2_2;B5N

d3a1_shop;D3A1
d3a1_0;"<color=#81c3fc>Aichi Kōkūki AM-17</color>
<color=#7ce68f>99 Shiki Kanjō Bakugekiki 11 Gata</color>
D3A1"
d3a1_1;D3A1
d3a1_2;D3A

b6n1_shop;B6N1
b6n1_0;"<color=#81c3fc>Nakajima Hikōki</color>
<color=#7ce68f>Tenzan 11 Gata</color>
B6N1"
b6n1_1;B6N1
b6n1_2;B6N

b6n2_shop;B6N2
b6n2_0;"<color=#81c3fc>Nakajima Hikōki</color>
<color=#7ce68f>Tenzan 12 Gata</color>
B6N2"
b6n2_1;B6N2
b6n2_2;B6N

b6n2a_shop;B6N2 Kō
b6n2a_0;"<color=#81c3fc>Nakajima Hikōki</color>
<color=#7ce68f>Tenzan 12 Gata Kō</color>
B6N2 Kō"
b6n2a_1;B6N2
b6n2a_2;B6N

ki_32_shop;Ki 32
ki_32_0;"<color=#81c3fc>Kawasaki Kōkūki Kōgyō</color>
98 Shiki Kei Bakugekiki
Ki 32"
ki_32_1;Ki 32
ki_32_2;Ki 32

ki_21_1ko_shop;Ki 21-I Kō
ki_21_1ko_0;"<color=#81c3fc>Mitsubishi Jū Kōgyō</color>
<color=#7ce68f>97 Shiki Jū Bakugekiki 1 Gata Kō</color>
Ki 21-I Kō"
ki_21_1ko_1;Ki 21-I
ki_21_1ko_2;Ki 21

ki_21_1hei_shop;Ki 21-I Hei
ki_21_1hei_0;"<color=#81c3fc>Mitsubishi Jū Kōgyō</color>
<color=#7ce68f>97 Shiki Jū Bakugekiki 1 Gata Hei</color>
Ki 21-I Hei"
ki_21_1hei_1;Ki 21-I
ki_21_1hei_2;Ki 21

h6k4_shop;H6K4
h6k4_0;"<color=#81c3fc>Kawanishi Kōkūki</color>
<color=#7ce68f>97 Shiki Hikōtei 22 Gata</color>
H6K4"
h6k4_1;H6K4
h6k4_2;H6K

e7k2_shop;E7K2
e7k2_0;"<color=#81c3fc>Kawanishi Kōkūki</color>
<color=#7ce68f>94 Shiki 2 Gō Suijō Teisatsuki</color>
E7K2"
e7k2_1;E7K2
e7k2_2;E7K

e8n2_shop;E8N2
e8n2_0;"<color=#81c3fc>Nakajima Hikōki</color>
<color=#7ce68f>95 Shiki 2 Gō Suijō Teisatsuki</color>
E8N2"
e8n2_1;E8N2
e8n2_2;E8N

aichi_e13a_shop;E13A1
aichi_e13a_0;"<color=#81c3fc>Aichi Kōkūki AM-19</color>
<color=#7ce68f>95 Shiki Suijō Teisatsuki 11 Gata</color>
E13A1"
aichi_e13a_1;E13A1
aichi_e13a_2;E13A

h-75n_shop;B.Kh.11
h-75n_0;"<color=#81c3fc>Curtiss-Wright Corperation Hawk Model 75N</color>
<color=#919191>Tai 16</color>
Khērūng Bin Khab Lai Bāeb Thī 11"
h-75n_1;B.Kh.11
h-75n_2;B.Kh.11

//JAPAN AIRCRAFT - VEHICLE/FAMILY START: RANK 2
a6m2_n_zero_shop;A6M2-N
a6m2_n_zero_0;"<color=#81c3fc>Nakajima Hikōki</color>
<color=#7ce68f>2 Shiki Suijō Sentōki</color>
A6M2-N"
a6m2_n_zero_1;A6M2-N
a6m2_n_zero_2;A6M

a6m2_mod11_shop;A6M2 (11 Gata)
a6m2_mod11_0;"<color=#81c3fc>Mitsubishi Jū Kōgyō</color>
<color=#7ce68f>0 Shiki Kanjō Sentōki 11 Gata</color>
A6M2 ""Rei Sen"""
a6m2_mod11_1;A6M2
a6m2_mod11_2;A6M

a6m2_zero_shop;A6M2 (21 Gata)
a6m2_zero_0;"<color=#81c3fc>Mitsubishi Jū Kōgyō</color>
<color=#7ce68f>0 Shiki Kanjō Sentōki 21 Gata</color>
A6M2 ""Rei Sen"""
a6m2_zero_1;A6M2
a6m2_zero_2;A6M

a6m3_zero_shop;A6M3 (32 Gata)
a6m3_zero_0;"<color=#81c3fc>Mitsubishi Jū Kōgyō</color>
<color=#7ce68f>0 Shiki Kanjō Sentōki 32 Gata</color>
A6M3 ""Rei Sen"""
a6m3_zero_1;A6M3
a6m3_zero_2;A6M

a6m3_mod22_zero_shop;A6M3 (22 Gata)
a6m3_mod22_zero_0;"<color=#81c3fc>Mitsubishi Jū Kōgyō</color>
<color=#7ce68f>0 Shiki Kanjō Sentōki 22 Gata</color>
A6M3 ""Rei Sen"""
a6m3_mod22_zero_1;A6M3
a6m3_mod22_zero_2;A6M

a6m3_mod22ko_zero_shop;A6M3 Kō
a6m3_mod22ko_zero_0;"<color=#81c3fc>Mitsubishi Jū Kōgyō</color>
<color=#7ce68f>0 Shiki Kanjō Sentōki 22 Gata Kō</color>
A6M3 Kō ""Rei Sen"""
a6m3_mod22ko_zero_1;A6M3
a6m3_mod22ko_zero_2;A6M

a6m5_zero_shop;A6M5
a6m5_zero_0;"<color=#81c3fc>Mitsubishi Jū Kōgyō</color>
<color=#7ce68f>0 Shiki Kanjō Sentōki 52 Gata</color>
A6M5 ""Rei Sen"""
a6m5_zero_1;A6M5
a6m5_zero_2;A6M

a6m5ko_shop;A6M5 Kō
a6m5ko_0;"<color=#81c3fc>Mitsubishi Jū Kōgyō</color>
<color=#7ce68f>0 Shiki Kanjō Sentōki 52 Gata Kō</color>
A6M5 Kō ""Rei Sen"""
a6m5ko_1;A6M5
a6m5ko_2;A6M

a6m5otsu_shop;A6M5 Otsu
a6m5otsu_0;"<color=#81c3fc>Mitsubishi Jū Kōgyō</color>
<color=#7ce68f>0 Shiki Kanjō Sentōki 52 Gata Otsu</color>
A6M5 Otsu ""Rei Sen"""
a6m5otsu_1;A6M5
a6m5otsu_2;A6M

a6m5hei_shop;A6M5 Hei
a6m5hei_0;"<color=#81c3fc>Mitsubishi Jū Kōgyō</color>
<color=#7ce68f>0 Shiki Kanjō Sentōki 52 Gata Hei</color>
A6M5 Hei ""Rei Sen"""
a6m5hei_1;A6M5
a6m5hei_2;A6M

a6m6c_shop;A6M6
a6m6c_0;"<color=#81c3fc>Mitsubishi Jū Kōgyō</color>
<color=#7ce68f>0 Shiki Kanjō Sentōki 53 Gata</color>
A6M6 ""Rei Sen"""
a6m6c_1;A6M6
a6m6c_2;A6M

n1k1_kyuofu_shop;N1K1
n1k1_kyuofu_0;"<color=#81c3fc>Kawanishi Kōkūki</color>
<color=#7ce68f>Kyōfū</color>
N1K1"
n1k1_kyuofu_1;N1K1
n1k1_kyuofu_2;N1K

n1k1_ja_shop;N1K1-J Kō
n1k1_ja_0;"<color=#81c3fc>Kawanishi Kōkūki</color>
<color=#7ce68f>Shiden 11 Gata Kō</color>
N1K1-J Kō"
n1k1_ja_1;N1K1
n1k1_ja_2;N1K

n1k2_j_shop;N1K2-J
n1k2_j_0;"<color=#81c3fc>Kawanishi Kōkūki</color>
<color=#7ce68f>Shiden 12 Gata</color>
N1K2-J"
n1k2_j_1;N1K2
n1k2_j_2;

n1k2_jko_shop;N1K2-J Kō
n1k2_jko_0;"<color=#81c3fc>Kawanishi Kōkūki</color>
<color=#7ce68f>Shiden 12 Gata Kō</color>
N1K2-J Kō"
n1k2_jko_1;N1K2
n1k2_jko_2;N1K

ki_44_1_shop;Ki 44-I
ki_44_1_0;"<color=#81c3fc>Nakajima Hikōki</color>
<color=#7ce68f>2 Shiki Sentōki 1 Gata</color>
Ki 44-I ""Shōki"""
ki_44_1_1;Ki 44-I
ki_44_1_2;Ki 44

ki_44_1_ep_shop;Ki 44-I (Dai 47 Chūtai)
ki_44_1_ep_0;"<color=#81c3fc>Nakajima Hikōki</color>
<color=#7ce68f>2 Shiki Sentōki 1 Gata</color>
Ki 44-I ""Shōki""
<color=@currencyGoldColor>Dokuritsu Hikō Dai 47 Chūtai</color>"
ki_44_1_ep_1;Ki 44-I
ki_44_1_ep_2;Ki 44

ki_44_2_otsu_shop;Ki 44-II Otsu
ki_44_2_otsu_0;"<color=#81c3fc>Nakajima Hikōki</color>
<color=#7ce68f>2 Shiki Sentōki 2 Gata Otsu</color>
Ki 44-II Otsu ""Shōki"""
ki_44_2_otsu_1;Ki 44-II
ki_44_2_otsu_2;Ki 44

ki_44_2_hei_shop;Ki 44-II Hei
ki_44_2_hei_0;"<color=#81c3fc>Nakajima Hikōki</color>
<color=#7ce68f>2 Shiki Sentōki 2 Gata Hei</color>
Ki 44-II Hei ""Shōki"""
ki_44_2_hei_1;Ki 44-II
ki_44_2_hei_2;Ki 44

ki_61_1a_ko_shop;Ki 61-I Kō
ki_61_1a_ko_0;"<color=#81c3fc>Kawasaki Kōkūki Kōgyō</color>
<color=#7ce68f>3 Shiki Sentōki 1 Gata Kō</color>
Ki 61-I Kō ""Hien"""
ki_61_1a_ko_1;Ki 61-I
ki_61_1a_ko_2;Ki 61

ki_61_1a_otsu_shop;Ki 61-I Otsu
ki_61_1a_otsu_0;"<color=#81c3fc>Kawasaki Kōkūki Kōgyō</color>
<color=#7ce68f>3 Shiki Sentōki 1 Gata Otsu</color>
Ki 61-I Otsu ""Hien"""
ki_61_1a_otsu_1;Ki 61-I
ki_61_1a_otsu_2;Ki 61

ki_61_1a_hei_shop;Ki 61-I Hei
ki_61_1a_hei_0;"<color=#81c3fc>Kawasaki Kōkūki Kōgyō</color>
<color=#7ce68f>3 Shiki Sentōki 1 Gata Hei</color>
Ki 61-I Hei ""Hien"""
ki_61_1a_hei_1;Ki 61-I
ki_61_1a_hei_2;Ki 61

ki_61_1a_hei_ep_shop;Tada's Ki 61-I Hei
ki_61_1a_hei_ep_0;"<color=#81c3fc>Kawasaki Kōkūki Kōgyō</color>
<color=#7ce68f>3 Shiki Sentōki 1 Gata Hei</color>
Ki 61-I Hei ""Hien""
<color=@currencyGoldColor>Takeichi Tada's</color>"
ki_61_1a_hei_ep_1;Ki 61-I
ki_61_1a_hei_ep_2;Ki 61

ki_61_1a_tei_shop;Ki 61-I Tei
ki_61_1a_tei_0;"<color=#81c3fc>Kawasaki Kōkūki Kōgyō</color>
<color=#7ce68f>3 Shiki Sentōki 1 Gata Tei</color>
Ki 61-I Tei ""Hien"""
ki_61_1a_tei_1;Ki 61-I
ki_61_1a_tei_2;Ki 61

ki_61_2_early_shop;Ki 61-II Kai Kō
ki_61_2_early_0;"<color=#81c3fc>Kawasaki Kōkūki Kōgyō</color>
<color=#7ce68f>3 Shiki Sentōki 2 Gata Kai Kō</color>
Ki 61-II Kai Kō ""Hien"""
ki_61_2_early_1;Ki 61-II
ki_61_2_early_2;Ki 61

j1n1_mod11_early_shop;J1N1
j1n1_mod11_early_0;"<color=#81c3fc>Nakajima Hikōki</color>
<color=#7ce68f>13 Shi Sōhatsu Rikujō Sentōki</color>
J1N1"
j1n1_mod11_early_1;J1N1
j1n1_mod11_early_2;J1N

ki_102_otsu_shop;Ki 102 Otsu
ki_102_otsu_0;"<color=#81c3fc>Kawasaki Kōkūki Kōgyō</color>
<color=#7ce68f>5 Shiki Sōhatsu Shūgekiki</color>
Ki 102 Otsu"
ki_102_otsu_1;Ki 102 Otsu
ki_102_otsu_2;Ki 102

d4y1_shop;D4Y1
d4y1_0;"<color=#81c3fc>Aichi Kōkūki <color=@commonTextColor>+</color> Kaigun Kōkū Gijutsu Shō</color>
<color=#7ce68f>Suisei 11 Gata</color>
D4Y1"
d4y1_1;D4Y1
d4y1_2;D4Y

d4y2_shop;D4Y2
d4y2_0;"<color=#81c3fc>Aichi Kōkūki <color=@commonTextColor>+</color> Kaigun Kōkū Gijutsu Shō</color>
<color=#7ce68f>Suisei 12 Gata</color>
D4Y2"
d4y2_1;D4Y2
d4y2_2;D4Y

d4y3_shop;D4Y3 Kō
d4y3_0;"<color=#81c3fc>Aichi Kōkūki <color=@commonTextColor>+</color> Kaigun Kōkū Gijutsu Shō</color>
<color=#7ce68f>Suisei 33 Gata Kō</color>
D4Y3 Kō"
d4y3_1;D4Y3
d4y3_2;D4Y

g4m1_shop;G4M1
g4m1_0;"<color=#81c3fc>Mitsubishi Jū Kōgyō</color>
<color=#7ce68f>1 Shiki Rikujō Kōgekiki 11 Gata</color>
G4M1"
g4m1_1;G4M1
g4m1_2;G4M

h8k2_shop;H8K2
h8k2_0;"<color=#81c3fc>Kawanishi Kōkūki</color>
<color=#7ce68f>2 Shiki Hikōtei 12 Gata</color>
H8K2"
h8k2_1;H8K2
h8k2_2;H8K

h8k3_shop;H8K3
h8k3_0;"<color=#81c3fc>Kawanishi Kōkūki</color>
<color=#7ce68f>2 Shiki Hikōtei 22 Gata</color>
H8K3"
h8k3_1;H8K3
h8k3_2;H8K

ki-49_1_shop;Ki 49-I
ki-49_1_0;"<color=#81c3fc>Nakajima Hikōki</color>
<color=#7ce68f>100 Shiki Jū Bakugekiki 1 Gata</color>
Ki 49-I ""Donryu"""
ki-49_1_1;Ki 49-I
ki-49_1_2;Ki 49

ki-49_2a_shop;Ki 49-II Kō
ki-49_2a_0;"<color=#81c3fc>Nakajima Hikōki</color>
<color=#7ce68f>100 Shiki Jū Bakugekiki 2 Gata Kō</color>
Ki 49-II Kō ""Donryu"""
ki-49_2a_1;Ki 49-II
ki-49_2a_2;Ki 49

ki-49_2b_shop;Ki 49-II Otsu
ki-49_2b_0;"<color=#81c3fc>Nakajima Hikōki</color>
<color=#7ce68f>100 Shiki Jū Bakugekiki 2 Gata Otsu</color>
Ki 49-II Otsu ""Donryu"""
ki-49_2b_1;Ki 49-II
ki-49_2b_2;Ki 49

ki-49_2b_late_shop;Ki 49-II Otsu (late)
ki-49_2b_late_0;"<color=#81c3fc>Nakajima Hikōki</color>
<color=#7ce68f>100 Shiki Jū Bakugekiki 2 Gata Otsu</color>
Ki 49-II Otsu ""Donryu""
<color=#adadad>(late)</color>"
ki-49_2b_late_1;Ki 49-II
ki-49_2b_late_2;Ki 49

a7he1_shop;A7He1
a7he1_0;"<color=#81c3fc>Heinkel Flugzeugwerke</color>
<color=#7ce68f>Hainkeru 112 Gata Rikujō Sentōki</color>
A7He1"
a7he1_1;A7He1
a7he1_2;A7He

me_210_v22_japan_shop;▅ Me 210 V22 (DB 601 F)
me_210_v22_japan_0;"<color=#81c3fc>Messerschmitt <color=@commonTextColor>/</color> Kawasaki Kōkūki Kōgyō Akashi Kōjō</color>
▅ Me 210 V22
<color=#adadad>(DB 9-601 F)</color>"
me_210_v22_japan_1;▅ Me 210 V22
me_210_v22_japan_2;▅ Me 210

ki_48_2_otsu_shop;Ki 48-II Otsu
ki_48_2_otsu_0;"<color=#81c3fc>Kawasaki Kōkūki Kōgyō</color>
<color=#7ce68f>99 Shiki Sōhatsu Kei Bakugekiki 2 Gata Otsu</color>
Ki 48-II Otsu"
ki_48_2_otsu_1;Ki 48-II
ki_48_2_otsu_2;Ki 48

ki_48_2_otsu_event_shop;Ki 48-II Otsu
ki_48_2_otsu_event_0;"<color=#81c3fc>Kawasaki Kōkūki Kōgyō</color>
<color=#7ce68f>99 Shiki Sōhatsu Kei Bakugekiki 2 Gata Otsu</color>
Ki 48-II Otsu"
ki_48_2_otsu_event_1;Ki 48-II
ki_48_2_otsu_event_2;Ki 48

bf-109e-3_japan_shop;▅ Bf 109 E-7/N
bf-109e-3_japan_0;"<color=#81c3fc>Messerschmitt</color>
▅ Bf 109 E-7/N"
bf-109e-3_japan_1;▅ Bf 109 E
bf-109e-3_japan_2;▅ Bf 109

f4u-1a_japan_shop;▅ F4U-1A
f4u-1a_japan_0;"<color=#81c3fc>Vought-Sikorsky Aircraft V-166B</color>
▅ F4U-1A ""Shikorusukī"""
f4u-1a_japan_1;▅ F4U-1
f4u-1a_japan_2;▅ F4U

//JAPAN AIRCRAFT - VEHICLE/FAMILY START: RANK 3
ki_100_early_shop;Ki 100-I (early)
ki_100_early_0;"<color=#81c3fc>Kawasaki Kōkūki Kōgyō</color>
Ki 100-I
<color=#adadad>(early)</color>"
ki_100_early_1;Ki 100-I
ki_100_early_2;Ki 100

ki_100_2_shop;Ki 100-II
ki_100_2_0;"<color=#81c3fc>Kawasaki Kōkūki Kōgyō</color>
Ki 100-II"
ki_100_2_1;Ki 100-II
ki_100_2_2;Ki 100

ki_108_shop;Ki 108 Kai
ki_108_0;"<color=#81c3fc>Kawasaki Kōkūki Kōgyō</color>
Ki 108 Kai"
ki_108_1;Ki 108 Kai
ki_108_2;Ki 108

j2m2_shop;J2M2
j2m2_0;"<color=#81c3fc>Mitsubishi Jū Kōgyō</color>
<color=#7ce68f>Raiden 11 Gata</color>
J2M2"
j2m2_1;J2M2
j2m2_2;J2M

j2m3_shop;J2M3
j2m3_0;"<color=#81c3fc>Mitsubishi Jū Kōgyō</color>
<color=#7ce68f>Raiden 21 Gata</color>
J2M3"
j2m3_1;J2M3
j2m3_2;J2M

j2m4_kai_shop;J2M4 (21 Kai Kō Shō)
j2m4_kai_0;"<color=#81c3fc>Mitsubishi Jū Kōgyō <color=@commonTextColor>/</color> Dai 21 Kaigun Kōkū Shō</color>
<color=#7ce68f>Raiden 32 Gata</color>
J2M4"
j2m4_kai_1;J2M4
j2m4_kai_2;J2M

j2m5_shop;J2M5
j2m5_0;"<color=#81c3fc>Mitsubishi Jū Kōgyō</color>
<color=#7ce68f>Raiden 33 Gata</color>
J2M5"
j2m5_1;J2M5
j2m5_2;J2M

j2m5_30mm_shop;J2M5 (5 Shiki)
j2m5_30mm_0;"<color=#81c3fc>Mitsubishi Jū Kōgyō</color>
<color=#7ce68f>Raiden 33 Gata</color>
J2M5
<color=#adadad>(5 Shiki 30 Mirimētoru Kotei Kijū)</color>"
j2m5_30mm_1;J2M5
j2m5_30mm_2;J2M

j5n1_shop;J5N1
j5n1_0;"<color=#81c3fc>Nakajima Hikōki</color>
<color=#7ce68f>18 Shi Sōhatsu Rikujō Sentōki <color=@commonTextColor>|</color> Shisei Tenrai</color>
J5N1"
j5n1_1;J5N1
j5n1_2;J5N

p1y1_mod11_shop;P1Y1
p1y1_mod11_0;"<color=#81c3fc>Nakajima Hikōki</color>
<color=#7ce68f>Ginga 11 Gata</color>
P1Y1"
p1y1_mod11_1;P1Y1
p1y1_mod11_2;P1Y

b7a2_shop;B7A1 (NK9C)
b7a2_0;"<color=#81c3fc>Aichi Kōkūki AM-23</color>
<color=#7ce68f>Shisei Ryusei</color>
B7A1
<color=#adadad>(NK9C)</color>"
b7a2_1;B7A1
b7a2_2;B7A

b7a2_homare_23_shop;B7A2
b7a2_homare_23_0;"<color=#81c3fc>Aichi Kōkūki AM-23</color>
<color=#7ce68f>Shisei Ryusei Kai</color>
B7A2"
b7a2_homare_23_1;B7A2
b7a2_homare_23_2;B7A

g5n1_shop;G5N1
g5n1_0;"<color=#81c3fc>Nakajima Hikōki</color>
<color=#7ce68f>13 Shi Rikujō Kōgekiki <color=@commonTextColor>|</color> Shisei Shinzan</color>
G5N1"
g5n1_1;G5N1
g5n1_2;G5N

g5n2_shop;G5N2
g5n2_0;"<color=#81c3fc>Nakajima Hikōki</color>
<color=#7ce68f>13 Shi Rikujō Kōgekiki +Shisei Shinzan</color>
G5N2"
g5n2_1;G5N2
g5n2_2;G5N

ki_67_1_ko_shop;Ki 67-I Kō
ki_67_1_ko_0;"<color=#81c3fc>Mitsubishi Jū Kōgyō</color>
<color=#7ce68f>4 Shiki Jū Bakugekiki 1 Gata Kō</color>
Ki 67-I Kō ""Hiryū"""
ki_67_1_ko_1;Ki 67-I
ki_67_1_ko_2;Ki 67

ki_67_1_otsu_shop;Ki 67-I Otsu
ki_67_1_otsu_0;"<color=#81c3fc>Mitsubishi Jū Kōgyō</color>
<color=#7ce68f>4 Shiki Jū Bakugekiki 1 Gata Otsu</color>
Ki 67-I Otsu ""Hiryū"""
ki_67_1_otsu_1;Ki 67-I
ki_67_1_otsu_2;Ki 67

sb2c_5_thailand_shop;B.J.3
sb2c_5_thailand_0;"<color=#81c3fc>Curtiss-Wright Corporation Model 84G</color>
Khērūng Bin Jōmtī Bāeb Thī 3"
sb2c_5_thailand_1;B.J.3
sb2c_5_thailand_2;B.J.3

p-51c-11-nt_japan_shop;▅ P-51C-11-NT
p-51c-11-nt_japan_0;"<color=#81c3fc>North American Aviation NA-103</color>
▅ P-51C-11-NT Mustang
<color=@currencyGoldColor>«Evalina»</color>"
p-51c-11-nt_japan_1;▅ P-51C
p-51c-11-nt_japan_2;▅ P-51

ki-96_shop;Ki 96 (3 Gō)
ki-96_0;"<color=#81c3fc>Kawasaki Kōkūki Kōgyō</color>
Ki 96
<color=#adadad>(Shisei 3 Gō)</color>"
ki-96_1;Ki 96
ki-96_2;Ki 96

//JAPAN AIRCRAFT - VEHICLE/FAMILY START: RANK 4
a7m1_shop;A7M1
a7m1_0;"<color=#81c3fc>Mitsubishi Jū Kōgyō</color>
<color=#7ce68f>17 Shi Kō Kanjō Sentōki <color=@commonTextColor>|</color> Shisei Reppū</color>
A7M1"
a7m1_1;A7M1
a7m1_2;A7M

a7m2_shop;A7M2
a7m2_0;"<color=#81c3fc>Mitsubishi Jū Kōgyō</color>
<color=#7ce68f>Reppū 11 Gata</color>
A7M2"
a7m2_1;A7M2
a7m2_2;A7M

ki_84_shop;Ki 84-I
ki_84_0;"<color=#81c3fc>Nakajima Hikōki</color>
<color=#7ce68f>4 Shiki Sentōki 1 Gata</color>
Ki 84-I ""Hayate"""
ki_84_1;Ki 84-I
ki_84_2;Ki 84

ki_84_ko_shop;Ki 84-I Kō
ki_84_ko_0;"<color=#81c3fc>Nakajima Hikōki</color>
<color=#7ce68f>4 Shiki Sentōki 1 Gata Kō</color>
Ki 84-I Kō ""Hayate"""
ki_84_ko_1;Ki 84-I
ki_84_ko_2;Ki 84

ki_84_otsu_shop;Ki 84-I Otsu
ki_84_otsu_0;"<color=#81c3fc>Nakajima Hikōki</color>
<color=#7ce68f>4 Shiki Sentōki 1 Gata Otsu</color>
Ki 84-I Otsu ""Hayate"""
ki_84_otsu_1;Ki 84-I
ki_84_otsu_2;Ki 84

ki_84_hei_shop;Ki 84-I Hei
ki_84_hei_0;"<color=#81c3fc>Nakajima Hikōki</color>
<color=#7ce68f>4 Shiki Sentōki 1 Gata Hei</color>
Ki 84-I Hei ""Hayate"""
ki_84_hei_1;Ki 84-I
ki_84_hei_2;Ki 84

j7w1_shop;J7W1
j7w1_0;"<color=#81c3fc>Kaigun Kōkū Gijutsushō <color=@commonTextColor>+</color> Kyūshū Hikōki</color>
<color=#7ce68f>18 Shi Otsu Rikujō Sentōki <color=@commonTextColor>|</color> Shisei Shinden</color>
J7W1"
j7w1_1;J7W1
j7w1_2;J7W

ki-83_shop;Ki 83
ki-83_0;"<color=#81c3fc>Mitsubishi Jū Kōgyō</color>
Ki 83"
ki-83_1;Ki 83
ki-83_2;Ki 83

g8n1_shop;G8N1
g8n1_0;"<color=#81c3fc>Nakajima Hikōki</color>
<color=#7ce68f>18 Shi Rikujō Kōgekiki <color=@commonTextColor>|</color> Shisei Renzan</color>
G8N1"
g8n1_1;G8N1
g8n1_2;G8N

g8n2_shop;G8N2
g8n2_0;"<color=#81c3fc>Nakajima Hikōki</color>
<color=#7ce68f>18 Shi Rikujō Kōgekiki <color=@commonTextColor>|</color> Shisei Renzan Kai</color>
G8N2"
g8n2_1;G8N2
g8n2_2;G8N

b-17e_japan_shop;▅ B-17E (early)
b-17e_japan_0;"<color=#81c3fc>Boeing Airplane Company Model 299O</color>
▅ B-17E Flying Fortress
<color=#adadad>(Sperry No. 645705-D)</color>"
b-17e_japan_1;▅ B-17E
b-17e_japan_2;▅ B-17

ki_87_shop;Ki 87
ki_87_0;"<color=#81c3fc>Nakajima Hikōki</color>
Ki 87"
ki_87_1;Ki 87
ki_87_2;Ki 87

ki_94_2_shop;Ki 94-II
ki_94_2_0;"<color=#81c3fc>Tachikawa Hikōki</color>
Ki 94-II"
ki_94_2_1;Ki 94-II
ki_94_2_2;Ki 94

j6k1_shop;J6K1
j6k1_0;"<color=#81c3fc>Kawanishi Kōkūki</color>
<color=#7ce68f>18 Shi Kō Rikujō Sentōki <color=@commonTextColor>|</color> Shisei Jinpū</color>
J6K1"
j6k1_1;J6K1
j6k1_2;J6K

//JAPAN AIRCRAFT - VEHICLE/FAMILY START: RANK 5
kitsuka_shop;M7N1-J Kō
kitsuka_0;"<color=#81c3fc>Nakajima Hikōki</color>
<color=#7ce68f>Shisei Kikka Kai 21 Gata Kō</color>
M7N1-J Kō"
kitsuka_1;M7N1
kitsuka_2;M7N

j8m1_shop;J8M1
j8m1_0;"<color=#81c3fc>Mitsubishi Jū Kōgyō</color>
<color=#7ce68f>Shisei Shūsui</color>
J8M1"
j8m1_1;J8M1
j8m1_2;J8M

l_39za_art_thailand_shop;B.KhF.1
l_39za_art_thailand_0;"<color=#81c3fc>Aero Vodochody <color=@commonTextColor>/</color> Elbit Systems L-39ZA/ART</color>
Khērūng Bin Fụk Thī 1"
l_39za_art_thailand_1;B.KhF.1
l_39za_art_thailand_2;B.KhF.1

f-84g_thailand_shop;B.Kh.16
f-84g_thailand_0;"<color=#81c3fc>Republic Aviation Corporation AP-23</color>
Khērūng Bin Khab Lai Bāeb Thī 16"
f-84g_thailand_1;B.Kh.16
f-84g_thailand_2;B.Kh.16

r2y2_v1_shop;R2Y2-G (11 Gata)
r2y2_v1_0;"<color=#81c3fc>Kaigun Kōkū Gijutsu Shō</color>
<color=#7ce68f>Shisei Keiun Kai 11 Gata</color>
R2Y2-G"
r2y2_v1_1;R2Y2-G
r2y2_v1_2;R2Y

r2y2_v2_shop;R2Y2-G (22 Gata)
r2y2_v2_0;"<color=#81c3fc>Kaigun Kōkū Gijutsu Shō</color>
<color=#7ce68f>Shisei Keiun Kai 22 Gata</color>
R2Y2-G"
r2y2_v2_1;R2Y2-G
r2y2_v2_2;R2Y

r2y2_kai_shop;R2Y2-G (32 Gata)
r2y2_kai_0;"<color=#81c3fc>Kaigun Kōkū Gijutsu Shō</color>
<color=#7ce68f>Shisei Keiun Kai 32 Gata</color>
R2Y2-G"
r2y2_kai_1;R2Y2-G
r2y2_kai_2;R2Y

f-86f-30_japan_shop;▅ F-86F-30-NA
f-86f-30_japan_0;"<color=#81c3fc>North American Aviation NA-191 <color=@commonTextColor>/</color> Mitsubishi Jū Kōgyō</color>
▅ F-86F-30-NA ""Kyokkō"""
f-86f-30_japan_1;▅ F-86F
f-86f-30_japan_2;▅ F-86

f-86f-40_japan_shop;▅ F-86F-40-MIT
f-86f-40_japan_0;"<color=#81c3fc>North American Aviation NA-256 <color=@commonTextColor>/</color> Mitsubishi Jū Kōgyō</color>
▅ F-86F-40-MIT ""Kyokkō"""
f-86f-40_japan_1;▅ F-86F
f-86f-40_japan_2;▅ F-86

f-86f-40_japan_blue_impulse_shop;▅ F-86F-40-MIT (6 Hitai)
f-86f-40_japan_blue_impulse_0;"<color=#81c3fc>North American Aviation NA-256 <color=@commonTextColor>/</color> Mitsubishi Jū Kōgyō</color>
▅ F-86F-40-MIT ""Kyokkō""
<color=@currencyGoldColor>Dai 6 Hikōtai</color>"
f-86f-40_japan_blue_impulse_1;▅ F-86F
f-86f-40_japan_blue_impulse_2;▅ F-86

//JAPAN AIRCRAFT - VEHICLE/FAMILY START: RANK 6
f-104j_shop;▅ F-104J (C2)
f-104j_0;"<color=#81c3fc>Lockheed Corporation <color=@commonTextColor>/</color> Mitsubishi Jū Kōgyō</color>
▅ F-104J ""Eikō""
<color=#adadad>(C2 Rotto)</color>"
f-104j_1;▅ F-104J
f-104j_2;▅ F-104

t2_shop;T-2 (1979)
t2_0;"<color=#81c3fc>Mitsubishi Jū Kōgyō</color>
T-2
<color=#adadad>(1979)</color>"
t2_1;T-2
t2_2;T-2

t2_early_shop;T-2 (1979) (Hi Kai Ji Dan)
t2_early_0;"<color=#81c3fc>Mitsubishi Jū Kōgyō</color>
T-2
<color=#adadad>(1979)</color>
<color=@currencyGoldColor>Hikō Kaihatsu Jikken Dan</color>"
t2_early_1;T-2
t2_early_2;T-2

f1_shop;F-1
f1_0;"<color=#81c3fc>Mitsubishi Jū Kōgyō</color>
F-1"
f1_1;F-1
f1_2;F-1

alpha_jet_a_thailand_shop;B.J.7
alpha_jet_a_thailand_0;"<color=#81c3fc>Avions Marcel Dassault-Breguet Aviation <color=@commonTextColor>/</color> Dornier Flugzeugwerke</color>
Khērūng Bin Jōmtī Bāeb Thī 7"
alpha_jet_a_thailand_1;B.J.7
alpha_jet_a_thailand_2;B.J.7

alpha_jet_th_phase_1_shop;B.J.7 (2004)
alpha_jet_th_phase_1_0;"<color=#81c3fc>Avions Marcel Dassault-Breguet Aviation <color=@commonTextColor>/</color> Dornier Flugzeugwerke</color>
Khērūng Bin Jōmtī Bāeb Thī 7
<color=#adadad>(2004)</color>"
alpha_jet_th_phase_1_1;B.J.7
alpha_jet_th_phase_1_2;B.J.7

//JAPAN AIRCRAFT - VEHICLE/FAMILY START: RANK 7
f-4ej_shop;▅ F-4EJ (C3)
f-4ej_0;"<color=#81c3fc>McDonnell Douglas Corporation Model 98MB <color=@commonTextColor>/</color> Mitsubishi Jū Kōgyō</color>
▅ F-4EJ ""Fantomu""
<color=#adadad>(C3 Rotto)</color>"
f-4ej_1;▅ F-4EJ
f-4ej_2;▅ F-4

f-4ej_adtw_shop;▅ F-4EJ (C3) (Hi Kai Ji Dan)
f-4ej_adtw_0;"<color=#81c3fc>McDonnell Douglas Corporation Model 98MB <color=@commonTextColor>/</color> Mitsubishi Jū Kōgyō</color>
▅ F-4EJ ""Fantomu""
<color=#adadad>(C3 Rotto)</color>
<color=@currencyGoldColor>Hikō Kaihatsu Jikken Dan</color>"
f-4ej_adtw_1;▅ F-4EJ
f-4ej_adtw_2;▅ F-4

f-4ej_kai_shop;▅ F-4EJ Kai
f-4ej_kai_0;"<color=#81c3fc>McDonnell Douglas Corporation Model 98MB <color=@commonTextColor>/</color> Mitsubishi Jū Kōgyō</color>
▅ F-4EJ Kai ""Fantomu"""
f-4ej_kai_1;▅ F-4EJ
f-4ej_kai_2;▅ F-4

a_7e_thailand_shop;B.JT.1K
a_7e_thailand_0;"<color=#81c3fc>LTV Corperation</color>
Khērūng Bin Jōmtī Bāeb Thī 1K"
a_7e_thailand_1;B.JT.1K
a_7e_thailand_2;B.JT.1

av_8s_late_thailand_shop;B.KhL.1K (late)
av_8s_late_thailand_0;"<color=#81c3fc>Hawker Siddeley Aviation</color>
Khērūng Bin Khab Lai Bāeb Thī 1K
<color=#adadad>(late)</color>"
av_8s_late_thailand_1;B.KhL.1K
av_8s_late_thailand_2;B.KhL.1

av_8s_thailand_shop;B.KhL.1K (early)
av_8s_thailand_0;"<color=#81c3fc>Hawker Siddeley Aviation</color>
Khērūng Bin Khab Lai Bāeb Thī 1K
<color=#adadad>(early)</color>"
av_8s_thailand_1;B.KhL.1K
av_8s_thailand_2;B.KhL.1

f-5a_thailand_shop;B.Kh.18
f-5a_thailand_0;"<color=#81c3fc>Northrop Corporation N-156F</color>
Khērūng Bin Khab Lai Bāeb Thī 18"
f-5a_thailand_1;B.Kh.18
f-5a_thailand_2;B.Kh.18

f-5t_thailand_shop;B.Kh.18Kh (2003)
f-5t_thailand_0;"<color=#81c3fc>Northrop Corporation F-5-21 <color=@commonTextColor>/</color> Elbit Systems F-5T Tigris</color>
Khērūng Bin Khab Lai Bāeb Thī 18Kh
<color=#adadad>(2003)</color>"
f-5t_thailand_1;B.Kh.18Kh
f-5t_thailand_2;B.Kh.18

f-5e_fcu_thailand_shop;B.Kh.18Kh (1988)
f-5e_fcu_thailand_0;"<color=#81c3fc>Northrop Corporation F-5-21</color>
Khērūng Bin Khab Lai Bāeb Thī 18Kh
<color=#adadad>(1988)</color>"
f-5e_fcu_thailand_1;B.Kh.18Kh
f-5e_fcu_thailand_2;B.Kh.18

f-5th_thailand_shop;B.Kh.18Kh (2014)
f-5th_thailand_0;"<color=#81c3fc>Northrop Corporation F-5-21 <color=@commonTextColor>/</color> Elbit Systems F-5TH Super Tigris</color>
Khērūng Bin Khab Lai Bāeb Thī 18Kh
<color=#adadad>(2014)</color>"
f-5th_thailand_1;B.Kh.18Kh
f-5th_thailand_2;B.Kh.18

hawk_209_indonesia_shop;◥ Hawk Mk. 209
hawk_209_indonesia_0;"<color=#81c3fc>British Aerospace Hawk 209</color>
◥ Hawk Mk. 209"
hawk_209_indonesia_1;◥ Hawk Mk. 209
hawk_209_indonesia_2;◥ Hawk

//JAPAN AIRCRAFT - VEHICLE/FAMILY START: RANK 8
f_15j_shop;▅ F-15J (C4)
f_15j_0;"<color=#81c3fc>McDonnell Douglas Corporation <color=@commonTextColor>/</color> Mitsubishi Jū Kōgyō</color>
▅ F-15J ""Īguru""
<color=#adadad>(C4 Rotto)</color>"
f_15j_1;▅ F-15J
f_15j_2;▅ F-15

f_15j_kai_shop;▅ F-15J(M)
f_15j_kai_0;"<color=#81c3fc>McDonnell Douglas Corporation <color=@commonTextColor>/</color> Mitsubishi Jū Kōgyō</color>
▅ F-15J(M) ""Īguru"""
f_15j_kai_1;▅ F-15J
f_15j_kai_2;▅ F-15

f_16aj_shop;▅ F-16AJ
f_16aj_0;<color=#81c3fc>▅ General Dynamics Corporation F-16AJ Fighting Falcon</color>
f_16aj_1;▅ F-16AJ
f_16aj_2;▅ F-16

f_2a_shop;F-2A (C10)
f_2a_0;"<color=#81c3fc>General Dynamics Corporation F-16 Agile Falcon <color=@commonTextColor>/</color> Mitsubishi Jū Kōgyō</color>
F-2A
<color=#adadad>(C10 Rotto)</color>"
f_2a_1;F-2A
f_2a_2;F-2

f_2a_adtw_shop;XF-2A (Hi Kai Ji Dan)
f_2a_adtw_0;"<color=#81c3fc>General Dynamics Corporation F-16 Agile Falcon <color=@commonTextColor>/</color> Mitsubishi Jū Kōgyō</color>
XF-2A
<color=@currencyGoldColor>Hikō Kaihatsu Jikken Dan</color>"
f_2a_adtw_1;XF-2A
f_2a_adtw_2;XF-2

f_2a_killstreak_shop;☢ F-2A (C10)
f_2a_killstreak_0;"<color=#81c3fc>General Dynamics Corporation F-16 Agile Falcon <color=@commonTextColor>/</color> Mitsubishi Jū Kōgyō</color>
☢ F-2A
<color=#adadad>(C10 Rotto)</color>"
f_2a_killstreak_1;☢ F-2A
f_2a_killstreak_2;☢ F-2

f_16a_block_15_ocu_thailand_shop;B.Kh.19
f_16a_block_15_ocu_thailand_0;"<color=#81c3fc>General Dynamics Corporation</color>
Khērūng Bin Khab Lai Bāeb Thī 19"
f_16a_block_15_ocu_thailand_1;B.Kh.19
f_16a_block_15_ocu_thailand_2;B.Kh.19

saab_jas39c_thailand_shop;B.Kh.20
saab_jas39c_thailand_0;"<color=#81c3fc>Saab 39 Gripen C</color>
Khērūng Bin Khab Lai Bāeb Thī 20"
saab_jas39c_thailand_1;B.Kh.20
saab_jas39c_thailand_2;B.Kh.20

mig_29n_shop;☉ MiG-29N
mig_29n_0;"<color=#81c3fc>Aviaczionnyj naučno-promyšlyennyj komplyeks «MiG»</color>
☉ MiG-29N Fulcrum"
mig_29n_1;☉ MiG-29N
mig_29n_2;☉ MiG-29

fa_18d_late_malaysia_shop;☉ F/A-18D
fa_18d_late_malaysia_0;"<color=#81c3fc>McDonnell Douglas Corporation Model 267</color>
☉ F/A-18D Hornet"
fa_18d_late_malaysia_1;☉ F/A-18D
fa_18d_late_malaysia_2;☉ F/A-18

su_30mkm_shop;☉ Su-30MKM
su_30mkm_0;"<color=#81c3fc>Kompaniâ «Sukhoj»</color>
☉ Su-30MKM"
su_30mkm_1;☉ Su-30MKM
su_30mkm_2;☉ Su-30

//JAPAN HELICOPTERS - VEHICLE/FAMILY START: RANK 5
uh_1b_japan_shop;▅ UH-1B
uh_1b_japan_0;"<color=#81c3fc>Bell Helicopter Company <color=@commonTextColor>/</color> Fuji Jū Kōgyō</color>
▅ UH-1B Ta Yōto Herikoputā ""Hiyodori"""
uh_1b_japan_1;▅ UH-1B
uh_1b_japan_2;▅ UH-1

//JAPAN HELICOPTERS - VEHICLE/FAMILY START: RANK 6
ah_1s_early_shop;▅ AH-1S (ECAS)
ah_1s_early_0;"<color=#81c3fc>Bell Helicopter Textron <color=@commonTextColor>/</color> Fuji Jū Kōgyō</color>
▅ AH-1S Kōgeki Herikoputā
<color=#adadad>(Enhanced Cobra Armament System)</color>"
ah_1s_early_1;▅ AH-1S
ah_1s_early_2;▅ AH-1

ah_1s_late_shop;▅ AH-1S (MC) (CN)
ah_1s_late_0;"<color=#81c3fc>Bell Helicopter Textron <color=@commonTextColor>/</color> Fuji Jū Kōgyō</color>
▅ AH-1S Kōgeki Herikoputā
<color=#adadad>(Modernized Cobra) (Cobra Night Imaging Thermal Equipment)</color>"
ah_1s_late_1;▅ AH-1S
ah_1s_late_2;▅ AH-1

ah_1s_shop;▅ AH-1S (MC) (CN) (4 Tai Sen Heri)
ah_1s_0;"<color=#81c3fc>Bell Helicopter Textron <color=@commonTextColor>/</color> Fuji Jū Kōgyō</color>
▅ AH-1S Kōgeki Herikoputā
<color=#adadad>(Fully Modernized Cobra) (Cobra Night Imaging Thermal Equipment)</color>
<color=@currencyGoldColor>Dai 4 Tai Sensha Herikoputā Tai</color>"
ah_1s_1;▅ AH-1S
ah_1s_2;▅ AH-1

mi_35p_indonesia_shop;◥ Mi-35P
mi_35p_indonesia_0;"<color=#81c3fc>Moskovskij vyertolëtnyj zavod im. M. L. Milâ</color>
◥ Mi-35P"
mi_35p_indonesia_1;◥ Mi-35P
mi_35p_indonesia_2;◥ Mi-35

//JAPAN HELICOPTERS - VEHICLE/FAMILY START: RANK 7
ah_64d_japan_shop;▅ AH-64D
ah_64d_japan_0;"<color=#81c3fc>Boeing Rotorcraft Systems AH-64DJP <color=@commonTextColor>/</color> Fuji Jū Kōgyō <color=@commonTextColor>+</color> Sojitz Kabushiki
Gaisha</color>
▅ AH-64D Sentō Herikoputā ""Apatchi Rongubou"""
ah_64d_japan_1;▅ AH-64D
ah_64d_japan_2;▅ AH-64

ah_64e_indonesia_shop;◥ AH-64E (v6)
ah_64e_indonesia_0;"<color=#81c3fc>Boeing Defense, Space & Security</color>
◥ Helicopter, Attack, AH-64E Guardian Apache
<color=#adadad>(Capability Version 6)</color>"
ah_64e_indonesia_1;◥ AH-64E
ah_64e_indonesia_2;◥ AH-64

ah_64d_lightweight_japan_shop;▅ AH-64D (3 Tai Sen Heri)
ah_64d_lightweight_japan_0;"<color=#81c3fc>Boeing Rotorcraft Systems AH-64DJP <color=@commonTextColor>/</color> Fuji Jū Kōgyō <color=@commonTextColor>+</color> Sojitz Kabushiki
Gaisha</color>
▅ AH-64D Sentō Herikoputā ""Apatchi Rongubou""
<color=@currencyGoldColor>Dai 3 Tai Sensha Herikoputā Tai</color>"
ah_64d_lightweight_japan_1;▅ AH-64D
ah_64d_lightweight_japan_2;▅ AH-64

//JAPAN GROUND VEHICLES - VEHICLE/FAMILY START: RANK 1
jp_type_95_ha_go_shop;Ha Gō (late) (94 Shiki)
jp_type_95_ha_go_0;"<color=#81c3fc>Mitsubishi Jū Kōgyō</color>
<color=#7ce68f>95 Shiki Kei Sensha</color>
Ha Gō
<color=#adadad>(late) (94 Shiki 37 Mirimētoru Sensha Hō)</color>"
jp_type_95_ha_go_1;Ha Gō
jp_type_95_ha_go_2;Light Tank

jp_type_95_ha_go_commander_shop;Ha Gō (Shiki) (94 Shiki) (1 Sen Ren)
jp_type_95_ha_go_commander_0;"<color=#81c3fc>Mitsubishi Jū Kōgyō</color>
<color=#7ce68f>95 Shiki Kei Sensha</color>
Ha Gō
<color=#adadad>(Shiki) (94 Shiki 37 Mirimētoru Sensha Hō)</color>
<color=@currencyGoldColor>Dai 1 Sensha Rentai</color>"
jp_type_95_ha_go_commander_1;Ha Gō
jp_type_95_ha_go_commander_2;Light Tank

jp_type_98_ke_ni_shop;Ke Ni A
jp_type_98_ke_ni_0;"<color=#81c3fc>Tōkyō Jidōsha Kōgyō</color>
Ke Ni A"
jp_type_98_ke_ni_1;Ke Ni A
jp_type_98_ke_ni_2;Light Tank

jp_type_2_ka_mi_shop;Ka Mi
jp_type_2_ka_mi_0;"<color=#81c3fc>Kure Kaigun Kōshō <color=@commonTextColor>+</color> Rikugun Gijutsu Honbu</color>
<color=#7ce68f>Toku 2 Shiki Naikatei</color>
Ka Mi"
jp_type_2_ka_mi_1;Ka Mi
jp_type_2_ka_mi_2;Light Tank

jp_type_89b_i_go_otsu_shop;I Gō Kō (late)
jp_type_89b_i_go_otsu_0;"<color=#81c3fc>Mitsubishi Kōkūki</color>
<color=#7ce68f>89 Shiki Chū Sensha Kō</color>
I Gō Kō
<color=#adadad>(late)</color>"
jp_type_89b_i_go_otsu_1;I Gō Kō
jp_type_89b_i_go_otsu_2;Light Tank

jp_type_97_chi_ha_shop;Chi Ha
jp_type_97_chi_ha_0;"<color=#81c3fc>Mitsubishi Jū Kōgyō</color>
<color=#7ce68f>97 Shiki Chū Sensha</color>
Chi Ha"
jp_type_97_chi_ha_1;Chi Ha
jp_type_97_chi_ha_2;Medium Tank

jp_type_97_kai_shop;Chi Ha (1 Shiki)
jp_type_97_kai_0;"<color=#81c3fc>Mitsubishi Jū Kōgyō</color>
<color=#7ce68f>97 Shiki Chū Sensha</color>
Chi Ha
<color=#adadad>(1 Shiki 47 Mirimētoru Sensha Hō)</color>"
jp_type_97_kai_1;Chi Ha
jp_type_97_kai_2;Medium Tank

jp_type_97_kai_td_shop;⋦ Chi Ha (1 Shiki)
jp_type_97_kai_td_0;"<color=#81c3fc>Mitsubishi Jū Kōgyō</color>
<color=#7ce68f>97 Shiki Chū Sensha</color>
⋦ Chi Ha
<color=#adadad>(1 Shiki 47 Mirimētoru Sensha Hō)</color>"
jp_type_97_kai_td_1;⋦ Chi Ha
jp_type_97_kai_td_2;Medium Tank

jp_type_2_ho_i_shop;Ho I
jp_type_2_ho_i_0;"<color=#81c3fc>Mitsubishi Jū Kōgyō</color>
<color=#7ce68f>2 Shiki Hō Sensha</color>
Ho I"
jp_type_2_ho_i_1;Ho I
jp_type_2_ho_i_2;Medium Tank

jp_type_4_ho_ro_shop;Ho Ro
jp_type_4_ho_ro_0;"<color=#81c3fc>Mitsubishi Jū Kōgyō</color>
<color=#7ce68f>4 Shiki 15 Senchimētoru Jisō Hō</color>
Ho Ro"
jp_type_4_ho_ro_1;Ho Ro
jp_type_4_ho_ro_2;SPG

jp_type_2_ho_ni_2_shop;Ho Ni II (early)
jp_type_2_ho_ni_2_0;"<color=#81c3fc>Rikugun Yasen Hōhei Gakkō</color>
<color=#7ce68f>1 Shiki 10 Senchi Jisō Hō</color>
Ho Ni II
<color=#adadad>(early)</color>"
jp_type_2_ho_ni_2_1;Ho Ni II
jp_type_2_ho_ni_2_2;SPG

jp_type_3_ho_ni_I_shop;Ho Ni I
jp_type_3_ho_ni_I_0;"<color=#81c3fc>Rikugun Yasen Hōhei Gakkō</color>
<color=#7ce68f>1 Shiki 7 Senchi Han Jisō Hō</color>
Ho Ni I"
jp_type_3_ho_ni_I_1;Ho Ni I
jp_type_3_ho_ni_I_2;SPG

jp_type_3_ho_ni_III_shop;Ho Ni III
jp_type_3_ho_ni_III_0;"<color=#81c3fc>Rikugun Yasen Hōhei Gakkō</color>
<color=#7ce68f>3 Shiki Hō Sensha</color>
Ho Ni III"
jp_type_3_ho_ni_III_1;Ho Ni III
jp_type_3_ho_ni_III_2;SPG

jp_hiro_sha_shop;Shi 12 Senchi Ji Hō
jp_hiro_sha_0;"<color=#81c3fc>Mitsubishi Jū Kōgyō</color>
Shisei 12 Senchimētoru Jisō Hō"
jp_hiro_sha_1;Shi 12 Senchi Ji Hō
jp_hiro_sha_2;SPG

jp_type_94_shop;94 Shiki (98 Shiki)
jp_type_94_0;"<color=#81c3fc>Tōkyō Jidōsha Kōgyō</color>
94 Shiki 6 Rin Jidō Kasha
<color=#adadad>(98 Shiki 20 Mirimētoru Kōsha Kikanhō)</color>"
jp_type_94_1;94 Shiki (98 Shiki)
jp_type_94_2;SPAAG

jp_type_98_ta_se_shop;Ta Se
jp_type_98_ta_se_0;"<color=#81c3fc>Tōkyō Jidōsha Kōgyō</color>
<color=#7ce68f>Shisei Taikū Sensha</color>
Ta Se"
jp_type_98_ta_se_1;Ta Se
jp_type_98_ta_se_2;SPAAG

jp_type_95_heavy_shop;Ro Gō
jp_type_95_heavy_0;"<color=#81c3fc>Ōsaka Hōhei Kōshō</color>
<color=#7ce68f>95 Shiki Jū Sensha</color>
Ro Gō"
jp_type_95_heavy_1;Ro Gō
jp_type_95_heavy_2;Heavy Tank

jp_type_3_ka_chi_shop;Ka Chi
jp_type_3_ka_chi_0;"<color=#81c3fc>Kure Kaigun Kōshō <color=@commonTextColor>+</color> Rikugun Gijutsu Honbu</color>
<color=#7ce68f>Toku 3 Shiki Naikatei</color>
Ka Chi"
jp_type_3_ka_chi_1;Ka Chi
jp_type_3_ka_chi_2;Light Tank

//JAPAN GROUND VEHICLES - VEHICLE/FAMILY START: RANK 2
jp_type_1_chi_he_shop;Chi He
jp_type_1_chi_he_0;"<color=#81c3fc>Mitsubishi Jū Kōgyō</color>
<color=#7ce68f>1 Shiki Chū Sensha</color>
Chi He"
jp_type_1_chi_he_1;Chi He
jp_type_1_chi_he_2;Medium Tank

jp_type_1_chi_he_5th_regiment_shop;Chi He (5 Sen Ren)
jp_type_1_chi_he_5th_regiment_0;"<color=#81c3fc>Mitsubishi Jū Kōgyō</color>
<color=#7ce68f>1 Shiki Chū Sensha</color>
Chi He
<color=@currencyGoldColor>Dai 5 Sensha Rentai</color>"
jp_type_1_chi_he_5th_regiment_1;Chi He
jp_type_1_chi_he_5th_regiment_2;Medium Tank

jp_navy_120mm_spg_shop;12 Senchi Ji Hō
jp_navy_120mm_spg_0;"<color=#81c3fc>Kaigun Kansei Honbu Dai 1 Bu</color>
12 Senchimētoru Jisō Hō"
jp_navy_120mm_spg_1;12 Senchi Ji Hō
jp_navy_120mm_spg_2;SPG

jp_type_97_chi_ha_12cm_shop;12 Senchi Hō Sen
jp_type_97_chi_ha_12cm_0;"<color=#81c3fc>Kaigun Kansei Honbu Dai 1 Bu</color>
12 Senchimētoru Hō Sensha"
jp_type_97_chi_ha_12cm_1;12 Senchi Hō Sen
jp_type_97_chi_ha_12cm_2;Medium Tank

jp_halftrack_m16_shop;▅ M16
jp_halftrack_m16_0;"<color=#81c3fc>White Motor Company</color>
▅ M16 Jisō Kōsha Kikan Hō"
jp_halftrack_m16_1;▅ M16
jp_halftrack_m16_2;SPAA

jp_type_95_so_ki_shop;So Ki
jp_type_95_so_ki_0;"<color=#81c3fc>Tōkyō Jidōsha Kōgyō</color>
<color=#7ce68f>Shisei Taikū Sensha</color>
So Ki"
jp_type_95_so_ki_1;So Ki
jp_type_95_so_ki_2;SPAAG

//JAPAN GROUND VEHICLES - VEHICLE/FAMILY START: RANK 3
jp_m24_chaffee_shop;▅ M24
jp_m24_chaffee_0;"<color=#81c3fc>Cadillac Motor Company</color>
▅ M24 Sensha ""Chāfī"""
jp_m24_chaffee_1;▅ M24
jp_m24_chaffee_2;Light Tank

jp_type_3_chi_nu_shop;Chi Nu
jp_type_3_chi_nu_0;"<color=#81c3fc>Mitsubishi Jū Kōgyō</color>
<color=#7ce68f>3 Shiki Chū Sensha</color>
Chi Nu"
jp_type_3_chi_nu_1;Chi Nu
jp_type_3_chi_nu_2;Medium Tank

jp_type_3_chi_nu_75cm_type_5_shop;Chi Nu (5 Shiki II Gata)
jp_type_3_chi_nu_75cm_type_5_0;"<color=#81c3fc>Mitsubishi Jū Kōgyō</color>
<color=#7ce68f>3 Shiki Chū Sensha</color>
Chi Nu
<color=#adadad>(Shisei 5 Shiki 7 Senchi Han Sensha Hō (Naga) II Gata)</color>"
jp_type_3_chi_nu_75cm_type_5_1;Chi Nu
jp_type_3_chi_nu_75cm_type_5_2;Medium Tank

jp_type_4_chi_to_shop;Chi To (2 Gō)
jp_type_4_chi_to_0;"<color=#81c3fc>Mitsubishi Jū Kōgyō</color>
<color=#7ce68f>Shisei Chū Sensha (Kō)</color>
Chi To
<color=@currencyGoldColor>Shisei 2 Gōsha</color>"
jp_type_4_chi_to_1;Chi To
jp_type_4_chi_to_2;Medium Tank

jp_type_4_chi_to_late_shop;Chi To
jp_type_4_chi_to_late_0;"<color=#81c3fc>Mitsubishi Jū Kōgyō</color>
<color=#7ce68f>Shisei 4 Shiki Chū Sensha</color>
Chi To"
jp_type_4_chi_to_late_1;Chi To
jp_type_4_chi_to_late_2;Medium Tank

jp_type_5_na_to_shop;Na To
jp_type_5_na_to_0;"<color=#81c3fc>Dai 4 Rikugun Gijutsu Kenkyūjo</color>
<color=#7ce68f>Shisei 7 Senchi Han Tai Sensha Jisō Hō</color>
Na To"
jp_type_5_na_to_1;Na To
jp_type_5_na_to_2;SPG

jp_m44_shop;▅ M44A1
jp_m44_0;"<color=#81c3fc>Massey-Harris</color>
▅ M44A1 155mm Jisō Ryūdanhō"
jp_m44_1;▅ M44A1
jp_m44_2;SPH

jp_m19_shop;▅ M19A1
jp_m19_0;"<color=#81c3fc>Cadillac Motor Company</color>
▅ M19A1 Jisō Kōsha Kikan Hō"
jp_m19_1;▅ M19A1
jp_m19_2;SPAA

jp_m42_duster_shop;▅ M42
jp_m42_duster_0;"<color=#81c3fc>GM Defense</color>
▅ M42 Jisō Kōsha Kikan Hō ""Dasutā"""
jp_m42_duster_1;▅ M42
jp_m42_duster_2;SPAA

//JAPAN GROUND VEHICLES - VEHICLE/FAMILY START: RANK 4
jp_m4a3e8_76w_sherman_shop;▅ M4A3E8
jp_m4a3e8_76w_sherman_0;"<color=#81c3fc>Detroit Arsenal Tank Plant</color>
▅ M4A3E8 Sensha ""Shāman"""
jp_m4a3e8_76w_sherman_1;▅ M4A3
jp_m4a3e8_76w_sherman_2;Medium Tank

jp_m41_walker_bulldog_shop;▅ M41A1
jp_m41_walker_bulldog_0;"<color=#81c3fc>Cadillac Motor Company</color>
▅ M41A1 Sensha ""Wōkā Burudoggu"""
jp_m41_walker_bulldog_1;▅ M41A1
jp_m41_walker_bulldog_2;Light Tank

jp_type_60_sprg_shop;60SP (C)
jp_type_60_sprg_0;"<color=#81c3fc>Komatsu Seisaku</color>
60 Shiki Jisō 106mm Muhandō Hō C Gata ""Mametan"""
jp_type_60_sprg_1;60SP (C)
jp_type_60_sprg_2;SPG

jp_type_60_atm_shop;60APC (ATM-1)
jp_type_60_atm_0;"<color=#81c3fc>Mitsubishi Jū Kōgyō</color>
60 Shiki Sōkō Sha
<color=#adadad>(ATM-1)</color>"
jp_type_60_atm_1;60APC (ATM-1)
jp_type_60_atm_2;ATGMC

jp_type_5_chi_ri_shop;Chi Ri
jp_type_5_chi_ri_0;"<color=#81c3fc>Mitsubishi Jū Kōgyō</color>
<color=#7ce68f>Shisei Chū Sensha (Otsu)</color>
Chi Ri"
jp_type_5_chi_ri_1;Chi Ri
jp_type_5_chi_ri_2;Medium Tank

jp_st_a1_shop;ST-A1
jp_st_a1_0;"<color=#81c3fc>Mitsubishi Jū Kōgyō</color>
ST-A1"
jp_st_a1_1;ST-A1
jp_st_a1_2;Medium Tank

jp_st_a2_shop;ST-A2
jp_st_a2_0;"<color=#81c3fc>Mitsubishi Jū Kōgyō</color>
ST-A2"
jp_st_a2_1;ST-A2
jp_st_a2_2;Medium Tank

jp_st_a3_shop;ST-A3
jp_st_a3_0;"<color=#81c3fc>Mitsubishi Jū Kōgyō</color>
ST-A3"
jp_st_a3_1;ST-A3
jp_st_a3_2;Medium Tank

jp_type_61_shop;61TK (B)
jp_type_61_0;"<color=#81c3fc>Mitsubishi Jū Kōgyō</color>
61 Shiki Sensha B Gata"
jp_type_61_1;61TK (B)
jp_type_61_2;Medium Tank

jp_type_61_mod_shop;61TK (C) (13 Sen-3)
jp_type_61_mod_0;"<color=#81c3fc>Mitsubishi Jū Kōgyō</color>
61 Shiki Sensha C Gata
<color=@currencyGoldColor>Dai 13 Sensha Daitai, Dai 3 Sensha Chūtai</color>"
jp_type_61_mod_1;61TK (C)
jp_type_61_mod_2;Medium Tank

jp_m36b2_jgsdf_shop;▅ M36B2 GMC
jp_m36b2_jgsdf_0;"<color=#81c3fc>GM Defense</color>
▅ Carriage, Motor, 90mm Gun, M36B2 ""Jackson"""
jp_m36b2_jgsdf_1;▅ M36B2
jp_m36b2_jgsdf_2;SPG

jp_type_75_shop;75HSP
jp_type_75_0;"<color=#81c3fc>Mitsubishi Jū Kōgyō <color=@commonTextColor>+</color> Nihon Sei Kōgyō</color>
75 Shiki Jisō 155mm Ryūdanhō"
jp_type_75_1;75HSP
jp_type_75_2;SPH

jp_sub_i_ii_20mm_shop;SUB-I-2 (MK20 Rh202)
jp_sub_i_ii_20mm_0;"<color=#81c3fc>Mitsubishi Jū Kōgyō</color>
SUB-I-2
<color=#adadad>(20 mm Automatic Cannon MK20 Rh202)</color>"
jp_sub_i_ii_20mm_1;SUB-I-2
jp_sub_i_ii_20mm_2;SPAAG

jp_pzkpfw_VI_ausf_e_tiger_shop;▅ Tiger E (mitte)
jp_pzkpfw_VI_ausf_e_tiger_0;"<color=#81c3fc>Henschel & Sohn</color>
<color=#5cae63>Sd.Kfz. 181</color>
▅ Panzerkampfwagen Tiger Ausf. E
<color=#adadad>(mitte)</color>"
jp_pzkpfw_VI_ausf_e_tiger_1;▅ Tiger E
jp_pzkpfw_VI_ausf_e_tiger_2;Heavy Tank

jp_type_5_ho_ri_prototype_shop;Ho Ri (mockup)
jp_type_5_ho_ri_prototype_0;"<color=#81c3fc>Mitsubishi Jū Kōgyō Tōkyō Kiki Seisakusho</color>
<color=#7ce68f>Shisei Shin Hō Sensha (Kō)</color>
Ho Ri
<color=#adadad>(mockup)</color>"
jp_type_5_ho_ri_prototype_1;Ho Ri
jp_type_5_ho_ri_prototype_2;SPG

jp_type_5_ho_ri_production_shop;Ho Ri (fictional)
jp_type_5_ho_ri_production_0;"<color=#81c3fc>Mitsubishi Jū Kōgyō Tōkyō Kiki Seisakusho</color>
<color=#7ce68f>Shisei Shin Hō Sensha (Kō)</color>
Ho Ri
<color=#adadad>(fictional)</color>"
jp_type_5_ho_ri_production_1;Ho Ri
jp_type_5_ho_ri_production_2;SPG

//JAPAN GROUND VEHICLES - VEHICLE/FAMILY START: RANK 5
jp_type_87_rcv_prot_shop;RCV (Shi 1 Gō)
jp_type_87_rcv_prot_0;"<color=#81c3fc>Komatsu Seisaku</color>
Teisatsu Keikaisha
<color=@currencyGoldColor>Shisaku 1 Gōsha</color>"
jp_type_87_rcv_prot_1;RCV
jp_type_87_rcv_prot_2;WIFV

jp_m47_patton_II_shop;▅ M47
jp_m47_patton_II_0;"<color=#81c3fc>American Locomotive Company</color>
<color=#5cae63>G-262</color>
▅ Tank, Combat, Full Tracked: 90mm Gun, M47 Patton"
jp_m47_patton_II_1;▅ M47
jp_m47_patton_II_2;Medium Tank

jp_st_b1_shop;STB-0002
jp_st_b1_0;"<color=#81c3fc>Mitsubishi Jū Kōgyō</color>
STB-0002"
jp_st_b1_1;STB-0002
jp_st_b1_2;Medium Tank

jp_type_74_c_shop;74TK (C)
jp_type_74_c_0;"<color=#81c3fc>Mitsubishi Jū Kōgyō</color>
74 Shiki Sensha C Gata ""Nana Yon"""
jp_type_74_c_1;74TK (C)
jp_type_74_c_2;MBT

jp_type_74_shop;74TK (E)
jp_type_74_0;"<color=#81c3fc>Mitsubishi Jū Kōgyō</color>
74 Shiki Sensha E Gata ""Nana Yon"""
jp_type_74_1;74TK (E)
jp_type_74_2;MBT

jp_type_74_f_shop;74TK (F)
jp_type_74_f_0;"<color=#81c3fc>Mitsubishi Jū Kōgyō</color>
74 Shiki Sensha F Gata ""Nana Yon"""
jp_type_74_f_1;74TK (F)
jp_type_74_f_2;MBT

jp_type_74_mod_g_kai_shop;74TK (G)
jp_type_74_mod_g_kai_0;"<color=#81c3fc>Mitsubishi Jū Kōgyō</color>
74 Shiki Sensha G Gata ""Nana Yon"""
jp_type_74_mod_g_kai_1;74TK (G)
jp_type_74_mod_g_kai_2;MBT

jp_type_74_red_star_shop;74TK (C) (304 Sen Chū)
jp_type_74_red_star_0;"<color=#81c3fc>Mitsubishi Jū Kōgyō</color>
74 Shiki Sensha C Gata ""Nana Yon""
<color=@currencyGoldColor>Dai 304 Sensha Chūtai</color>"
jp_type_74_red_star_1;74TK (C)
jp_type_74_red_star_2;MBT

jp_type_99_shop;99HSP
jp_type_99_0;"<color=#81c3fc>Mitsubishi Jū Kōgyō <color=@commonTextColor>+</color> Nihon Sei Kōgyō</color>
99 Shiki Jisō 155mm Ryūdanhō ""Rongunōzu"""
jp_type_99_1;99HSP
jp_type_99_2;SPH

jp_m163_vulcan_shop;Bpdto. Em 163
jp_m163_vulcan_0;"<color=#81c3fc>General Electric Company</color>
Bpūn Dtosū Ākāsyān 20 mm Attā Jōn Bāeb Em 163"
jp_m163_vulcan_1;Bpdto. Em 163
jp_m163_vulcan_2;SPAAG

jp_type_75_mlrs_shop;75MSSR
jp_type_75_mlrs_0;"<color=#81c3fc>Komatsu Seisaku KA161</color>
75 Shiki Jisō 130mm Tarensō Rokettodan Hasshaki"
jp_type_75_mlrs_1;75MSSR
jp_type_75_mlrs_2;MLRS

//JAPAN GROUND VEHICLES - VEHICLE/FAMILY START: RANK 6
jp_type_87_rcv_shop;87RCV
jp_type_87_rcv_0;"<color=#81c3fc>Komatsu Seisaku KS130W</color>
87 Shiki Teisatsu Keikaisha ""Burakkuai"""
jp_type_87_rcv_1;87RCV
jp_type_87_rcv_2;WIFV

jp_type_89_shop;89FV
jp_type_89_0;"<color=#81c3fc>Mitsubishi Jū Kōgyō</color>
89 Shiki Sōkō Sentō Sha ""Raito Taigā"""
jp_type_89_1;89FV
jp_type_89_2;IFV

jp_type_16_mcv_prot_shop;MCV (Shi 3 Gō)
jp_type_16_mcv_prot_0;"<color=#81c3fc>Mitsubishi Jū Kōgyō</color>
Kidō Sentō Sha
<color=@currencyGoldColor>Shisaku 3 Gōsha</color>"
jp_type_16_mcv_prot_1;MCV
jp_type_16_mcv_prot_2;Light Tank

jp_type_87_shop;87AW
jp_type_87_0;"<color=#81c3fc>Mitsubishi Jū Kōgyō <color=@commonTextColor>+</color> Nihon Sei Kōgyō</color>
87 Shiki Jisō Kōsha Kikanhō ""Sukaishūtā"""
jp_type_87_1;87AW
jp_type_87_2;SPAAG

jp_type_16_mod_shop;16MCV (C1) (15RDR)
jp_type_16_mod_0;"<color=#81c3fc>Mitsubishi Jū Kōgyō</color>
16 Shiki Kidō Sentō Sha
<color=#adadad>(C1 Rotto)</color>
<color=@currencyGoldColor>Dai 15 Sokuō Kidō Rentai</color>"
jp_type_16_mod_1;16MCV
jp_type_16_mod_2;Light Tank

jp_type_16_shop;16MCV (C1)
jp_type_16_0;"<color=#81c3fc>Mitsubishi Jū Kōgyō</color>
16 Shiki Kidō Sentō Sha
<color=#adadad>(C1 Rotto)</color>"
jp_type_16_1;16MCV
jp_type_16_2;Light Tank

jp_btr_3e1_shop;Rk. Bīthīār 3 Ī 1
jp_btr_3e1_0;"<color=#81c3fc>Kharkìvs'kye konstruktors'kye bûro z mašinobuduvannâ ìm. O. O.
Morozova</color>
Rot Kro Lo Yāng Bīthīār 3 Ī 1"
jp_btr_3e1_1;Rk. Bīthīār 3 Ī 1
jp_btr_3e1_2;IFV

jp_m60a3_tts_shop;Th.Lak Em 60 E 3
jp_m60a3_tts_0;"<color=#81c3fc>Chrysler Defense Engineering</color>
Rot Thang Lak Em 60 E 3"
jp_m60a3_tts_1;Th.Lak Em 60 E 3
jp_m60a3_tts_2;MBT

jp_stingray_shop;Th.Bao 32
jp_stingray_0;"<color=#81c3fc>Cadillac Gage Stingray</color>
Rot Thang Bao 32"
jp_stingray_1;Th.Bao 32
jp_stingray_2;Light Tank

//JAPAN GROUND VEHICLES - VEHICLE/FAMILY START: RANK 7
jp_icv_ifv_prototype_shop;24WAFV
jp_icv_ifv_prototype_0;"<color=#81c3fc>Mitsubishi Jū Kōgyō</color>
24 Shiki Sōwa Sōkō Sentō Sha"
jp_icv_ifv_prototype_1;24WAFV
jp_icv_ifv_prototype_2;WIFV

jp_type_10_prototype_shop;Shin TK 3 Gō (transport)
jp_type_10_prototype_0;"<color=#81c3fc>Gijutsu Kenkyū Honbu <color=@commonTextColor>+</color> Mitsubishi Jū Kōgyō</color>
Shin Sensha 3 Gōsha
<color=#adadad>(transport)</color>"
jp_type_10_prototype_1;Shin TK 3 Gō
jp_type_10_prototype_2;MBT

jp_tkx_prot_shop;Shin TK 3 Gō
jp_tkx_prot_0;"<color=#81c3fc>Gijutsu Kenkyū Honbu <color=@commonTextColor>+</color> Mitsubishi Jū Kōgyō</color>
Shin Sensha 3 Gōsha"
jp_tkx_prot_1;Shin TK 3 Gō
jp_tkx_prot_2;MBT

jp_type_90_shop;90TK
jp_type_90_0;"<color=#81c3fc>Mitsubishi Jū Kōgyō</color>
90 Shiki Sensha"
jp_type_90_1;90TK
jp_type_90_2;MBT

jp_type_90b_shop;90TK (B)
jp_type_90b_0;"<color=#81c3fc>Mitsubishi Jū Kōgyō</color>
90 Shiki Sensha B Gata"
jp_type_90b_1;90TK (B)
jp_type_90b_2;MBT

jp_type_90b_camo_shop;90TK (B) (Fuji Gakkō)
jp_type_90b_camo_0;"<color=#81c3fc>Mitsubishi Jū Kōgyō</color>
90 Shiki Sensha B Gata
<color=@currencyGoldColor>Rikujō Jieitai Fuji Gakkō, Kikō Kyōdō Rentai, Dai 3 Sensha Chūtai</color>"
jp_type_90b_camo_1;90TK (B)
jp_type_90b_camo_2;MBT

jp_type_90b_sm_shop;◍ Usagi's 90TK (B)
jp_type_90b_sm_0;"<color=#81c3fc>Mitsubishi Jū Kōgyō</color>
◍ 90 Shiki Sensha B Gata
<color=@currencyGoldColor>Usagi's</color>"
jp_type_90b_sm_1;◍ 90TK (B)
jp_type_90b_sm_2;MBT

jp_type_93_shop;93 Shiki
jp_type_93_0;"<color=#81c3fc>Toyota Ji Dōsha Kabushikigaisha BXD 10 <color=@commonTextColor>/</color> Tōshiba</color>
93 Shiki Kinkyorichi Taikū Yūdōdan ""Kurōzudo Arō"""
jp_type_93_1;93 Shiki
jp_type_93_2;SPAAM

jp_type_81_tansam_shop;81 Shiki (C) Kadaibu
jp_type_81_tansam_0;"<color=#81c3fc>Gijutsu Kenkyū Honbu <color=@commonTextColor>+</color> Tōshiba</color>
81 Shiki Tankyori Chi Taikū Yūdōdan C Gata Kadaibu ""Shōto Arō"""
jp_type_81_tansam_1;81 Shiki (C) Kadaibu
jp_type_81_tansam_2;SPAAM

jp_type_81_tansam_fcs_shop;81 Shiki (C) Sha Tō Sō
jp_type_81_tansam_fcs_0;"<color=#81c3fc>Gijutsu Kenkyū Honbu <color=@commonTextColor>+</color> Tōshiba</color>
81 Shiki Tankyori Chi Taikū Yūdōdan C Gata Shageki Tōsei Sōchi
""Shōto Arō"""
jp_type_81_tansam_fcs_1;81 Shiki (C) Sha Tō Sō
jp_type_81_tansam_fcs_2;Radar

jp_type_81_tansam_launcher_shop;81 Shiki (C) Kadaibu
jp_type_81_tansam_launcher_0;"<color=#81c3fc>Gijutsu Kenkyū Honbu <color=@commonTextColor>+</color> Tōshiba</color>
81 Shiki Tankyori Chi Taikū Yūdōdan C Gata Kadaibu ""Shōto Arō"""
jp_type_81_tansam_launcher_1;81 Shiki (C) Kadaibu
jp_type_81_tansam_launcher_2;SPAAM

jp_icv_prototype_shop;25RCV
jp_icv_prototype_0;"<color=#81c3fc>Mitsubishi Jū Kōgyō</color>
25 Shiki Teisatsu Keikaisha"
jp_icv_prototype_1;25RCV
jp_icv_prototype_2;RCV

//JAPAN GROUND VEHICLES - VEHICLE/FAMILY START: RANK 8
jp_leopard_2ri_shop;◥ Leopard 2RI
jp_leopard_2ri_0;"<color=#81c3fc>Krauss-Maffei Wegmann <color=@commonTextColor>/</color> Rheinmetall Landsysteme</color>
◥ Tank Leopard 2RI"
jp_leopard_2ri_1;◥ Leopard 2RI
jp_leopard_2ri_2;MBT

jp_type_10_shop;10TK
jp_type_10_0;"<color=#81c3fc>Gijutsu Kenkyū Honbu <color=@commonTextColor>+</color> Mitsubishi Jū Kōgyō</color>
10 Shiki Sensha"
jp_type_10_1;10TK
jp_type_10_2;MBT

jp_type_03_chusam_fcs_shop;03 Shiki Sha Rēda Sō Kūsen-bu
jp_type_03_chusam_fcs_0;"<color=#81c3fc>Mitsubishi Jū Kōgyō</color>
03 Shiki Chūkyori Chi Taikū Yūdōdan Shagekiyō Rēda Sōchi
Kūchūsen-bu"
jp_type_03_chusam_fcs_1;03 Shiki Sha Rēda Sō Kūsen-bu
jp_type_03_chusam_fcs_2;Radar

jp_type_03_chusam_launcher_shop;03 Shiki Has Sō
jp_type_03_chusam_launcher_0;"<color=#81c3fc>Mitsubishi Jū Kōgyō</color>
03 Shiki Chūkyori Chi Taikū Yūdōdan Hassha Sōchi"
jp_type_03_chusam_launcher_1;03 Shiki Has Sō
jp_type_03_chusam_launcher_2;Radar

jp_oplot_t_shop;Th.Lak 57
jp_oplot_t_0;"<color=#81c3fc>Kharkìvs'kye konstruktors'kye bûro z mašinobuduvannâ ìm. O. O.
Morozova</color>
Rot Thang Lak 57"
jp_oplot_t_1;Th.Lak 57
jp_oplot_t_2;MBT

//JAPAN COASTAL FLEET - VEHICLE/FAMILY START: RANK 1
jp_t14_class_shop;Dai 538 Gō
jp_t14_class_0;"<color=#81c3fc>Maizuru Kaigun Kōshō</color>
<color=#5cae63>T-14</color>
<color=#fffa62>Otsu Gata Gyorai Tei <color=@commonTextColor>|</color> Dai 538 Gō Gata Gyorai Tei</color>
Dai 538 Gō"
jp_t14_class_1;Dai 538 Gō
jp_t14_class_2;Motor Torpedo Boat

jp_t14_class_mod02_shop;Dai 1101 Gō
jp_t14_class_mod02_0;"<color=#81c3fc>Mitsubishi Jū Kōgyō Nagasaki Zōsenjo</color>
<color=#5cae63>T-14</color>
<color=#fffa62>Otsu Gata Gyorai Tei <color=@commonTextColor>|</color> Dai 538 Gō Gata Gyorai Tei</color>
Dai 1101 Gō"
jp_t14_class_mod02_1;Dai 1101 Gō
jp_t14_class_mod02_2;Motor Torpedo Boat

jp_t14_class_mod01_shop;Dai 871 Gō
jp_t14_class_mod01_0;"<color=#81c3fc>Mitsubishi Jū Kōgyō Nagasaki Zōsenjo</color>
<color=#5cae63>T-14</color>
<color=#fffa62>Otsu Gata Gyorai Tei <color=@commonTextColor>|</color> Dai 538 Gō Gata Gyorai Tei</color>
Dai 871 Gō"
jp_t14_class_mod01_1;Dai 871 Gō
jp_t14_class_mod01_2;Motor Torpedo Boat

jp_type5_escortboat_shop;Ke I Kō
jp_type5_escortboat_0;"<color=#fffa62>Haganesei Dai Goeikan</color>
Ke I Kō"
jp_type5_escortboat_1;Ke I Kō
jp_type5_escortboat_2;Escort Boat

jp_type_t1_1941_shop;Dai 1 Gō
jp_type_t1_1941_0;"<color=#81c3fc>Yokohama Yotto</color>
<color=#5cae63>T-1</color>
<color=#fffa62>Otsu Gata Gyorai Tei <color=@commonTextColor>|</color> Dai 1 Gō Gata Gyorai Tei</color>
Dai 1 Gō"
jp_type_t1_1941_1;Dai 1 Gō
jp_type_t1_1941_2;Motor Torpedo Boat

jp_abtei_pr1_shop;Sakigake
jp_abtei_pr1_0;"<color=#fffa62>Sōkō Tei Dai 1 Gō</color>
Sakigake"
jp_abtei_pr1_1;Sakigake
jp_abtei_pr1_2;Armored Boat

jp_abtei_pr4_shop;Sōkō Tei Dai 4 Gō
jp_abtei_pr4_0;"<color=#fffa62>Sōkō Tei Dai 3 Gō Gata</color>
Sōkō Tei Dai 4 Gō"
jp_abtei_pr4_1;Sōkō Tei Dai 4 Gō
jp_abtei_pr4_2;Armored Boat

//JAPAN COASTAL FLEET - VEHICLE/FAMILY START: RANK 2
jp_ujishima_msc_shop;Ujishima (MSC-655)
jp_ujishima_msc_0;"<color=#81c3fc>Greenport Basin and Construction Company</color>
<color=#fffa62>Ujishima Gata Sōkaitei</color>
Ujishima (MSC-655)"
jp_ujishima_msc_1;Ujishima
jp_ujishima_msc_2;Minesweeper

jp_karotei_type2_shop;Ka Ro 2 Gata
jp_karotei_type2_0;"<color=#81c3fc>Yokohama Yotto</color>
<color=#fffa62>4 Shiki 2 Gata Kuchiku Tei</color>
Ka Ro 2 Gata"
jp_karotei_type2_1;Ka Ro 2 Gata
jp_karotei_type2_2;Motor Gunboat

jp_karotei_type4_shop;Ka Ro 4 Gata
jp_karotei_type4_0;"<color=#81c3fc>Yokohama Yotto</color>
<color=#fffa62>4 Shiki 4 Gata Kuchiku Tei</color>
Ka Ro 4 Gata"
jp_karotei_type4_1;Ka Ro 4 Gata
jp_karotei_type4_2;Motor Gunboat

jp_sehatei_mod1_shop;Se Ha 1 Gata
jp_sehatei_mod1_0;"<color=#fffa62>Shisei Ha Gō Sentō Tei 1 Gata</color>
Se Ha 1 Gata"
jp_sehatei_mod1_1;Se Ha 1 Gata
jp_sehatei_mod1_2;Armored Boat

jp_type38_1944_shop;Dai 241 Gō
jp_type38_1944_0;"<color=#81c3fc>Yokosuka Kaigun Kōshō</color>
<color=#5cae63>T-38</color>
<color=#fffa62>Otsu Gata Gyorai Tei <color=@commonTextColor>|</color> Dai 241 Gō Gata Gyorai Tei</color>
Dai 241 Gō"
jp_type38_1944_1;Dai 241 Gō
jp_type38_1944_2;Motor Torpedo Boat

jp_type1_pt2_shop;Gyorai Tei 2 Gō (PT-802)
jp_type1_pt2_0;"<color=#81c3fc>Hitachi Zōsen</color>
<color=#fffa62>1 Gō Gata Gyorai Tei</color>
Gyorai Tei 2 Gō (PT-802)"
jp_type1_pt2_1;Gyorai Tei 2 Gō
jp_type1_pt2_2;Motor Torpedo Boat

jp_kusen_tei_13_1942_shop;Dai 18 Gō
jp_kusen_tei_13_1942_0;"<color=#81c3fc>Tsurumi Zōsensho</color>
<color=#5cae63>K-8</color>
<color=#fffa62>Dai 13 Gō Gata Kusen Tei</color>
Dai 18 Gō"
jp_kusen_tei_13_1942_1;Dai 18 Gō
jp_kusen_tei_13_1942_2;Submarine Chaser

jp_kusen_tei_13_1944_shop;Dai 18 Gō (1944)
jp_kusen_tei_13_1944_0;"<color=#81c3fc>Tsurumi Zōsensho</color>
<color=#5cae63>K-8</color>
<color=#fffa62>Dai 13 Gō Gata Kusen Tei</color>
Dai 18 Gō (1944)"
jp_kusen_tei_13_1944_1;Dai 18 Gō
jp_kusen_tei_13_1944_2;Submarine Chaser

//JAPAN COASTAL FLEET - VEHICLE/FAMILY START: RANK 3
jp_t51a_shop;Dai 10 Gō
jp_t51a_0;"<color=#81c3fc>Yokohama Yotto</color>
<color=#5cae63>T-51A</color>
<color=#fffa62>Kō Gata Gyorai Tei <color=@commonTextColor>|</color> Dai 10 Gō Gata Gyorai Tei</color>
Dai 10 Gō"
jp_t51a_1;Dai 10 Gō
jp_t51a_2;Motor Torpedo Boat

jp_t51b_shop;Dai 11 Gō
jp_t51b_0;"<color=#81c3fc>Yokohama Yotto</color>
<color=#5cae63>T-51B</color>
<color=#fffa62>Kō Gata Gyorai Tei <color=@commonTextColor>|</color> Dai 11 Gō Gata Gyorai Tei</color>
Dai 11 Gō"
jp_t51b_1;Dai 11 Gō
jp_t51b_2;Motor Torpedo Boat

jp_pc301_kari_class_shop;Kari (PC-301)
jp_pc301_kari_class_0;"<color=#81c3fc>Fujinagata Zōsensho</color>
<color=#5cae63>K-101A</color>
<color=#fffa62>Kari Gata Kusen Tei</color>
Kari (PC-301)"
jp_pc301_kari_class_1;Kari
jp_pc301_kari_class_2;Submarine Chaser

jp_no1_ch2_shop;Dai 2 Gō
jp_no1_ch2_0;"<color=#81c3fc>Ishikawajima Zōsensho</color>
<color=#5cae63>K-3</color>
<color=#fffa62>Dai 1 Gō Gata Kusen Tei</color>
Dai 2 Gō"
jp_no1_ch2_1;Dai 2 Gō
jp_no1_ch2_2;Submarine Chaser

jp_no4_ch8_shop;Dai 8 Gō
jp_no4_ch8_0;"<color=#81c3fc>Tama Zōsensho</color>
<color=#5cae63>K-7</color>
<color=#fffa62>Dai 4 Gō Gata Kusen Tei</color>
Dai 8 Gō"
jp_no4_ch8_1;Dai 8 Gō
jp_no4_ch8_2;Submarine Chaser

jp_type7_pt808_shop;Gyorai Tei 8 Gō (PT-808)
jp_type7_pt808_0;"<color=#81c3fc>Mitsubishi Jū Kōgyō Shimonoseki Zōsensho</color>
<color=#fffa62>7 Gō Gata Gyorai Tei</color>
Gyorai Tei 8 Gō (PT-808)"
jp_type7_pt808_1;Gyorai Tei 8 Gō
jp_type7_pt808_2;Motor Torpedo Boat

//JAPAN COASTAL FLEET - VEHICLE/FAMILY START: RANK 4
jp_type_11_pt_15_shop;Gyorai Tei 15 Gō (PT-815)
jp_type_11_pt_15_0;"<color=#81c3fc>Mitsubishi Jū Kōgyō Shimonoseki Zōsensho</color>
<color=#fffa62>11 Gō Gata Gyorai Tei</color>
Gyorai Tei 15 Gō (PT-815)"
jp_type_11_pt_15_1;Gyorai Tei 15 Gō
jp_type_11_pt_15_2;Motor Torpedo Boat

jp_escort_ikazuchi_class_shop;Ikazuchi (DE-202)
jp_escort_ikazuchi_class_0;"<color=#81c3fc>Kawasaki Zōsensho</color>
<color=#5cae63>E-102</color>
<color=#fffa62>Otsu Gata Goeikan <color=@commonTextColor>|</color> Ikazuchi Gata Goeikan</color>
Ikazuchi (DE-202)"
jp_escort_ikazuchi_class_1;Ikazuchi
jp_escort_ikazuchi_class_2;Destroyer Escort

jp_escort_chikugo_class_shop;Tokachi (DE-218)
jp_escort_chikugo_class_0;"<color=#81c3fc>Mitsui Zōsen Enjiniaringu</color>
<color=#5cae63>E-106</color>
<color=#fffa62>Otsu Gata Goeikan <color=@commonTextColor>|</color> Chikugo Gata Goeikan</color>
Tokachi (DE-218)"
jp_escort_chikugo_class_1;Tokachi
jp_escort_chikugo_class_2;Destroyer Escort

jp_escort_akebono_class_shop;Akebono (DE-201)
jp_escort_akebono_class_0;"<color=#81c3fc>Ishikawajima Jūkōgyō</color>
<color=#5cae63>E-102</color>
<color=#fffa62>Otsu Gata Goeikan <color=@commonTextColor>|</color> Akebono Gata Goeikan</color>
Akebono (DE-201)"
jp_escort_akebono_class_1;Akebono
jp_escort_akebono_class_2;Destroyer Escort

jp_pg02_shop;Misairu Tei 2 Gō (PG-822)
jp_pg02_0;"<color=#81c3fc>Sumitomo Jū Kikai Kōgyō</color>
<color=#fffa62>1 Gō Gata Misairu Tei</color>
Misairu Tei 2 Gō (PG-822)"
jp_pg02_1;Misairutei 2 Gō
jp_pg02_2;Missile Boat

//JAPAN COASTAL FLEET - VEHICLE/FAMILY START: RANK 5
jp_escort_hiburi_class_syonan_shop;Shōnan
jp_escort_hiburi_class_syonan_0;"<color=#81c3fc>Hitachi Zōsen</color>
<color=#5cae63>E-20B</color>
<color=#fffa62>Kō Gata Kaibōkan <color=@commonTextColor>|</color> Hiburi Gata Kaibōkan</color>
Shōnan"
jp_escort_hiburi_class_syonan_1;Shōnan
jp_escort_hiburi_class_syonan_2;Coastal Defense Ship

jp_escort_hiburi_class_shisaka_shop;Shisaka
jp_escort_hiburi_class_shisaka_0;"<color=#81c3fc>Hitachi Zōsen</color>
<color=#5cae63>E-20B</color>
<color=#fffa62>Kō Gata Kaibōkan <color=@commonTextColor>|</color> Hiburi Gata Kaibōkan</color>
Shisaka"
jp_escort_hiburi_class_shisaka_1;Shisaka
jp_escort_hiburi_class_shisaka_2;Coastal Defense Ship

jp_yuri_class_asagao_shop;Asagao
jp_yuri_class_asagao_0;"<color=#81c3fc>George Lawley & Son</color>
<color=#fffa62>Yuri Gata Keibitei</color>
Asagao"
jp_yuri_class_asagao_1;Asagao
jp_yuri_class_asagao_2;Gunboat

jp_destroyer_chidori_shop;Tomozuru
jp_destroyer_chidori_0;"<color=#81c3fc>Maizuru Kaigun Kōshō</color>
<color=#5cae63>F-46</color>
<color=#fffa62>Chidori Gata Suiraitei</color>
Tomozuru
<color=#adadad>(1944)</color>"
jp_destroyer_chidori_1;Tomozuru
jp_destroyer_chidori_2;Destroyer Escort

jp_destroyer_isuzu_shop;Isuzu (DE-211)
jp_destroyer_isuzu_0;"<color=#81c3fc>Mitsui Zōsen Enjiniaringu</color>
<color=#5cae63>E-103</color>
<color=#fffa62>Otsu Gata Goeikan <color=@commonTextColor>|</color> Isuzu Gata Goeikan</color>
Isuzu (DE-211)"
jp_destroyer_isuzu_1;Akebono
jp_destroyer_isuzu_2;Destroyer Escort

jp_destroyer_ayanami_shop;Ayanami (DD-103)
jp_destroyer_ayanami_0;"<color=#81c3fc>Mitsubishi Jū Kōgyō Nagasaki Zōsenjo</color>
<color=#5cae63>F-102</color>
<color=#fffa62>Kō Gata Goeikan 1 Gata <color=@commonTextColor>|</color> Ayanami Gata Goeikan</color>
Ayanami (DD-103)"
jp_destroyer_ayanami_1;Ayanami
jp_destroyer_ayanami_2;Destroyer

//JAPAN BLUEWATER FLEET VEHICLES - VEHICLE/FAMILY START: RANK 1
jp_destroyer_momi_shop;Momi
jp_destroyer_momi_0;"<color=#81c3fc>Yokosuka Kaigun Kōshō</color>
<color=#5cae63>F-37</color>
<color=#fffa62>Nitō Kuchikukan <color=@commonTextColor>|</color> Momi Gata Kuchikukan</color>
Momi
<color=#adadad>(1930)</color>"
jp_destroyer_momi_1;Momi
jp_destroyer_momi_2;Destroyer

jp_destroyer_tade_shop;Tade
jp_destroyer_tade_0;"<color=#81c3fc>Fujinagata Zōsensho</color>
<color=#5cae63>F-37</color>
<color=#fffa62>Nitō Kuchikukan <color=@commonTextColor>|</color> Momi Gata Kuchikukan</color>
Tade"
jp_destroyer_tade_1;Tade
jp_destroyer_tade_2;Destroyer

jp_destroyer_matsu_shop;Matsu
jp_destroyer_matsu_0;"<color=#81c3fc>Maizuru Kaigun Kōshō</color>
<color=#5cae63>F-55</color>
<color=#fffa62>Ittō Kuchikukan <color=@commonTextColor>|</color> Matsu Gata Kuchikukan</color>
Matsu"
jp_destroyer_matsu_1;Matsu
jp_destroyer_matsu_2;Destroyer

jp_destroyer_mutsuki_shop;Mutsuki
jp_destroyer_mutsuki_0;"<color=#81c3fc>Sasebo Kaigun Kōshō</color>
<color=#5cae63>F-41E1</color>
<color=#fffa62>Ittō Kuchikukan <color=@commonTextColor>|</color> Mutsuki Gata Kuchikukan</color>
Mutsuki
<color=#adadad>(1941)</color>"
jp_destroyer_mutsuki_1;Mutsuki
jp_destroyer_mutsuki_2;Destroyer

jp_destroyer_mutsuki_EC_0;Ittō Kuchikukan | Mutsuki Gata Kuchikukan (F-41E1) | Mutsuki (1941)
jp_destroyer_mutsuki_EC_1;Mutsuki
jp_destroyer_mutsuki_EC_2;Destroyer

jp_destroyer_satsuki_shop;Satsuki
jp_destroyer_satsuki_0;"<color=#81c3fc>Fujinagata Zōsensho</color>
<color=#5cae63>F-41E1</color>
<color=#fffa62>Ittō Kuchikukan <color=@commonTextColor>|</color> Mutsuki Gata Kuchikukan</color>
Satsuki 
<color=#adadad>(1935)</color>"
jp_destroyer_satsuki_1;Satsuki
jp_destroyer_satsuki_2;Destroyer

//JAPAN BLUEWATER FLEET VEHICLES - VEHICLE/FAMILY START: RANK 2
jp_minelayer_tsugaru_shop;Tsugaru
jp_minelayer_tsugaru_0;"<color=#81c3fc>Yokosuka Kaigun Kōshō</color>
<color=#5cae63>H-10</color>
<color=#fffa62>Tsugaru Gata Fusetsukan</color>
Tsugaru
<color=#adadad>(1943)</color>"
jp_minelayer_tsugaru_1;Tsugaru
jp_minelayer_tsugaru_2;Minelayer

jp_destroyer_harukaze_shop;Harukaze (DD-101)
jp_destroyer_harukaze_0;"<color=#81c3fc>Mitsubishi Jū Kōgyō Nagasaki Zōsenjo</color>
<color=#5cae63>F-101</color>
<color=#fffa62>Kō Gata Goeikan <color=@commonTextColor>|</color> Harukaze Gata Goeikan</color>
Harukaze (DD-101)"
jp_destroyer_harukaze_1;Harukaze
jp_destroyer_harukaze_2;Destroyer

jp_destroyer_murasame_shop;Murasame (DD-107)
jp_destroyer_murasame_0;"<color=#81c3fc>Mitsubishi Jū Kōgyō Nagasaki Zōsenjo</color>
<color=#5cae63>F-103</color>
<color=#fffa62>Kō Gata Goeikan 2 Gata <color=@commonTextColor>|</color> Murasame Gata Goeikan</color>
Murasame (DD-107)
<color=#adadad>(1975)</color>"
jp_destroyer_murasame_1;Murasame
jp_destroyer_murasame_2;Destroyer

jp_destroyer_yugumo_shop;Yūgumo
jp_destroyer_yugumo_0;"<color=#81c3fc>Maizuru Kaigun Kōshō</color>
<color=#5cae63>F-50</color>
<color=#fffa62>Ittō Kuchikukan <color=@commonTextColor>|</color> Yūgumo Gata Kuchikukan</color>
Yūgumo"
jp_destroyer_yugumo_1;Yūgumo
jp_destroyer_yugumo_2;Destroyer

jp_destroyer_yugumo_EC_0;Ittō Kuchikukan | Yūgumo Gata Kuchikukan (F-50) | Yūgumo
jp_destroyer_yugumo_EC_1;Yūgumo
jp_destroyer_yugumo_EC_2;Destroyer

jp_destroyer_hayanami_shop;Hayanami
jp_destroyer_hayanami_0;"<color=#81c3fc>Maizuru Kaigun Kōshō</color>
<color=#5cae63>F-50</color>
<color=#fffa62>Ittō Kuchikukan <color=@commonTextColor>|</color> Yūgumo Gata Kuchikukan</color>
Hayanami"
jp_destroyer_hayanami_1;Hayanami
jp_destroyer_hayanami_2;Destroyer

jp_destroyer_kiyoshimo_shop;Kiyoshimo
jp_destroyer_kiyoshimo_0;"<color=#81c3fc>Uraga Senkyo</color>
<color=#5cae63>F-50</color>
<color=#fffa62>Ittō Kuchikukan <color=@commonTextColor>|</color> Yūgumo Gata Kuchikukan</color>
Kiyoshimo"
jp_destroyer_kiyoshimo_1;Kiyoshimo
jp_destroyer_kiyoshimo_2;Destroyer

jp_destroyer_hatsuharu_shop;Hatsuharu
jp_destroyer_hatsuharu_0;"<color=#81c3fc>Sasebo Kaigun Kōshō</color>
<color=#5cae63>F-45</color>
<color=#fffa62>Ittō Kuchikukan <color=@commonTextColor>|</color> Hatsuharu Gata Kuchikukan</color>
Hatsuharu"
jp_destroyer_hatsuharu_1;Hatsuharu
jp_destroyer_hatsuharu_2;Destroyer

jp_destroyer_nenohi_shop;Nenohi
jp_destroyer_nenohi_0;"<color=#81c3fc>Uraga Senkyo</color>
<color=#5cae63>F-45</color>
<color=#fffa62>Ittō Kuchikukan <color=@commonTextColor>|</color> Hatsuharu Gata Kuchikukan</color>
Nenohi"
jp_destroyer_nenohi_1;Nenohi
jp_destroyer_nenohi_2;Destroyer

jp_destroyer_fubuki_shop;Ayanami
jp_destroyer_fubuki_0;"<color=#81c3fc>Fujinagata Zōsensho</color>
<color=#5cae63>F-43</color>
<color=#fffa62>Toku Gata Kuchikukan <color=@commonTextColor>|</color> Ayanami Gata Kuchikukan</color>
Ayanami
<color=#adadad>(1936)</color>"
jp_destroyer_fubuki_1;Ayanami
jp_destroyer_fubuki_2;Destroyer

jp_destroyer_fubuki_EC_0;Toku Gata Kuchikukan | Ayanami Gata Kuchikukan (F-43) | Ayanami (1936)
jp_destroyer_fubuki_EC_1;Ayanami
jp_destroyer_fubuki_EC_2;Destroyer

jp_destroyer_yugure_shop;Yūgure (DD-184)
jp_destroyer_yugure_0;"<color=#81c3fc>Charlestown Navy Yard <color=@commonTextColor>/</color> Ishikawajima Jū Kōgyō</color>
<color=#fffa62>Kō Gata Goeikan <color=@commonTextColor>|</color> Airake Gata Goeikan</color>
Yūgure (DD-184)"
jp_destroyer_yugure_1;Yūgure
jp_destroyer_yugure_2;Destroyer

//JAPAN BLUEWATER FLEET VEHICLES - VEHICLE/FAMILY START: RANK 3
jp_destroyer_akizuki_shop;Akizuki
jp_destroyer_akizuki_0;"<color=#81c3fc>Maizuru Kaigun Kōshō</color>
<color=#5cae63>F-51</color>
<color=#fffa62>Ittō Kuchikukan <color=@commonTextColor>|</color> Akizuki Gata Kuchikukan</color>
Akizuki"
jp_destroyer_akizuki_1;Akizuki
jp_destroyer_akizuki_2;Destroyer

jp_destroyer_akizuki_EC_0;Ittō Kuchikukan | Akizuki Gata Kuchikukan (F-51) | Akizuki
jp_destroyer_akizuki_EC_1;Akizuki
jp_destroyer_akizuki_EC_2;Destroyer

jp_destroyer_hatsuzuki_shop;◓ Hatsuzuki
jp_destroyer_hatsuzuki_0;"<color=#81c3fc>Maizuru Kaigun Kōshō</color>
<color=#5cae63>F-51</color>
<color=#fffa62>Ittō Kuchikukan <color=@commonTextColor>|</color> Akizuki Gata Kuchikukan</color>
◓ Hatsuzuki"
jp_destroyer_hatsuzuki_1;◓ Hatsuzuki
jp_destroyer_hatsuzuki_2;Destroyer

jp_destroyer_suzutsuki_shop;Suzutsuki
jp_destroyer_suzutsuki_0;"<color=#81c3fc>Mitsubishi Jū Kōgyō Nagasaki Zōsenjo <color=@commonTextColor>/</color> Kure Kaigun Kōshō</color>
<color=#5cae63>F-51</color>
<color=#fffa62>Ittō Kuchikukan <color=@commonTextColor>|</color> Akizuki Gata Kuchikukan</color>
Suzutsuki
<color=#adadad>(1944)</color>"
jp_destroyer_suzutsuki_1;Suzutsuki
jp_destroyer_suzutsuki_2;Destroyer

jp_cruiser_kako_shop;Kako
jp_cruiser_kako_0;"<color=#81c3fc>Kawasaki Zōsensho</color>
<color=#fffa62>Ittō Junyōkan <color=@commonTextColor>|</color> Furutaka Gata Junyōkan</color>
Kako
<color=#adadad>(1932)</color>"
jp_cruiser_kako_1;Kako
jp_cruiser_kako_2;Heavy Cruiser

jp_cruiser_kako_EC_0;Ittō Junyōkan | Furutaka Gata Junyōkan | Kako (1932)
jp_cruiser_kako_EC_1;Kako
jp_cruiser_kako_EC_2;Heavy Cruiser

jp_cruiser_furutaka_shop;Furutaka
jp_cruiser_furutaka_0;"<color=#81c3fc>Mitsubishi Jū Kōgyō Nagasaki Zōsenjo</color>
<color=#fffa62>Ittō Junyōkan <color=@commonTextColor>|</color> Furutaka Gata Junyōkan</color>
Furutaka
<color=#adadad>(1942)</color>"
jp_cruiser_furutaka_1;Furutaka
jp_cruiser_furutaka_2;Heavy Cruiser

jp_cruiser_furutaka_EC_0;Ittō Junyōkan | Furutaka Gata Junyōkan | Furutaka (1942)
jp_cruiser_furutaka_EC_1;Furutaka
jp_cruiser_furutaka_EC_2;Heavy Cruiser

jp_cruiser_isuzu_shop;Isuzu
jp_cruiser_isuzu_0;"<color=#81c3fc>Uraga Senkyo <color=@commonTextColor>/</color> Kure Kaigun Kōshō</color>
<color=#5cae63>C-33</color>
<color=#fffa62>Nitō Junyōkan <color=@commonTextColor>|</color> Nagara Gata Junyōkan</color>
Isuzu
<color=#adadad>(1944)</color>"
jp_cruiser_isuzu_1;Isuzu
jp_cruiser_isuzu_2;Light Cruiser

jp_cruiser_kuma_shop;Tama
jp_cruiser_kuma_0;"<color=#81c3fc>Mitsubishi Jū Kōgyō Nagasaki Zōsenjo</color>
<color=#5cae63>C-33</color>
<color=#fffa62>Nitō Junyōkan <color=@commonTextColor>|</color> Kuma Gata Junyōkan</color>
Tama
<color=#adadad>(1939)</color>"
jp_cruiser_kuma_1;Tama
jp_cruiser_kuma_2;Light Cruiser

jp_cruiser_kuma_EC_0;Nitō Junyōkan | Kuma Gata Junyōkan (C-33) | Tama (1939)
jp_cruiser_kuma_EC_1;Tama
jp_cruiser_kuma_EC_2;Light Cruiser

jp_cruiser_sendai_shop;Sendai
jp_cruiser_sendai_0;"<color=#81c3fc>Mitsubishi Jū Kōgyō Nagasaki Zōsenjo</color>
<color=#5cae63>C-33</color>
<color=#fffa62>Nitō Junyōkan <color=@commonTextColor>|</color> Sendai Gata Junyōkan</color>
Sendai
<color=#adadad>(1942)</color>"
jp_cruiser_sendai_1;Sendai
jp_cruiser_sendai_2;Light Cruiser

jp_destroyer_kagero_shop;Kagerō
jp_destroyer_kagero_0;"<color=#81c3fc>Maizuru Kaigun Kōshō <color=@commonTextColor>/</color> Kure Kaigun Kōshō</color>
<color=#5cae63>F-49</color>
<color=#fffa62>Ittō Kuchikukan <color=@commonTextColor>|</color> Kagerō Gata Kuchikukan</color>
Kagerō
<color=#adadad>(1943)</color>"
jp_destroyer_kagero_1;Kagerō
jp_destroyer_kagero_2;Destroyer

jp_destroyer_yukikaze_shop;Yukikaze
jp_destroyer_yukikaze_0;"<color=#81c3fc>Sasebo Kaigun Kōshō <color=@commonTextColor>/</color> Kure Kaigun Kōshō</color>
<color=#5cae63>F-49</color>
<color=#fffa62>Ittō Kuchikukan <color=@commonTextColor>|</color> Kagerō Gata Kuchikukan</color>
Yukikaze
<color=#adadad>(1943)</color>"
jp_destroyer_yukikaze_1;Yukikaze
jp_destroyer_yukikaze_2;Destroyer

jp_cruiser_yubari_shop;Yūbari
jp_cruiser_yubari_0;"<color=#81c3fc>Sasebo Kaigun Kōshō <color=@commonTextColor>/</color> Yokosuka Kaigun Kōshō</color>
<color=#5cae63>F-42</color>
<color=#fffa62>Nitō Junyōkan <color=@commonTextColor>|</color> Yūbari Gata Junyōkan</color>
Yūbari
<color=#adadad>(1944)</color>"
jp_cruiser_yubari_1;Yūbari
jp_cruiser_yubari_2;Light Cruiser

jp_destroyer_shimakaze_shop;Shimakaze
jp_destroyer_shimakaze_0;"<color=#81c3fc>Maizuru Kaigun Kōshō</color>
<color=#5cae63>F-52</color>
<color=#fffa62>Ittō Kuchikukan <color=@commonTextColor>|</color> Shimakaze Gata Kuchikukan</color>
Shimakaze
<color=#adadad>(1944)</color>"
jp_destroyer_shimakaze_1;Shimakaze
jp_destroyer_shimakaze_2;Destroyer

jp_destroyer_yuudachi_shop;Yūdachi
jp_destroyer_yuudachi_0;"<color=#81c3fc>Sasebo Kaigun Kōshō</color>
<color=#5cae63>F-45D</color>
<color=#fffa62>Ittō Kuchikukan <color=@commonTextColor>|</color> Shiratsuyu Gata Kuchikukan</color>
Yūdachi"
jp_destroyer_yuudachi_1;Yūdachi
jp_destroyer_yuudachi_2;Destroyer

//JAPAN BLUEWATER FLEET VEHICLES - VEHICLE/FAMILY START: RANK 4
jp_cruiser_aoba_shop;Aoba
jp_cruiser_aoba_0;"<color=#81c3fc>Mitsubishi Jū Kōgyō Nagasaki Zōsenjo</color>
<color=#5cae63>C-41</color>
<color=#fffa62>Ittō Junyōkan <color=@commonTextColor>|</color> Aoba Gata Junyōkan</color>
Aoba
<color=#adadad>(1944)</color>"
jp_cruiser_aoba_1;Aoba
jp_cruiser_aoba_2;Heavy Cruiser

jp_cruiser_haguro_shop;Haguro
jp_cruiser_haguro_0;"<color=#81c3fc>Mitsubishi Jū Kōgyō Nagasaki Zōsenjo <color=@commonTextColor>/</color> Kure Kaigun Kōshō</color>
<color=#5cae63>C-42</color>
<color=#fffa62>Ittō Junyōkan <color=@commonTextColor>|</color> Myōkō Gata Junyōkan</color>
Haguro
<color=#adadad>(1944)</color>"
jp_cruiser_haguro_1;Haguro
jp_cruiser_haguro_2;Heavy Cruiser

jp_cruiser_myoko_shop;Myōkō
jp_cruiser_myoko_0;"<color=#81c3fc>Mitsubishi Jū Kōgyō Nagasaki Zōsenjo <color=@commonTextColor>/</color> Kure Kaigun Kōshō</color>
<color=#5cae63>C-42</color>
<color=#fffa62>Ittō Junyōkan <color=@commonTextColor>|</color> Myōkō Gata Junyōkan</color>
Myōkō
<color=#adadad>(1944)</color>"
jp_cruiser_myoko_1;Myōkō
jp_cruiser_myoko_2;Heavy Cruiser

jp_cruiser_agano_shop;Agano
jp_cruiser_agano_0;"<color=#81c3fc>Sasebo Kaigun Kōshō</color>
<color=#5cae63>C-41-II</color>
<color=#fffa62>Nitō Junyōkan <color=@commonTextColor>|</color> Agano Gata Junyōkan</color>
Agano
<color=#adadad>(1943)</color>"
jp_cruiser_agano_1;Agano
jp_cruiser_agano_2;Light Cruiser

jp_cruiser_agano_EC_0;Nitō Junyōkan | Agano Gata Junyōkan (C-41-II) | Agano (1943)
jp_cruiser_agano_EC_1;Agano
jp_cruiser_agano_EC_2;Light Cruiser

jp_cruiser_oyodo_shop;Ōyodo
jp_cruiser_oyodo_0;"<color=#81c3fc>Kure Kaigun Kōshō <color=@commonTextColor>/</color> Dai 101 Kaigun Shisetsubu</color>
<color=#5cae63>C-42</color>
<color=#fffa62>Santō Junyōkan <color=@commonTextColor>|</color> Ōyodo Gata Junyōkan</color>
Ōyodo
<color=#adadad>(1945)</color>"
jp_cruiser_oyodo_1;Ōyodo
jp_cruiser_oyodo_2;Light Cruiser
jp_armoredcruiser_ikoma_shop;Ikoma

jp_armoredcruiser_ikoma_0;"<color=#81c3fc>Kure Kaigun Kōshō</color>
<color=#5cae63>B-12</color>
<color=#fffa62>Ittō Junyōkan <color=@commonTextColor>|</color> Tsukuba Gata Junyōkan</color>
Ikoma
<color=#adadad>(1912)</color>"
jp_armoredcruiser_ikoma_1;Ikoma
jp_armoredcruiser_ikoma_2;Battlecruiser

//JAPAN BLUEWATER FLEET VEHICLES - VEHICLE/FAMILY START: RANK 5
jp_cruiser_tone_shop;Tone
jp_cruiser_tone_0;"<color=#81c3fc>Mitsubishi Jū Kōgyō Nagasaki Zōsenjo</color>
<color=#5cae63>C-38</color>
<color=#fffa62>Ittō Junyōkan <color=@commonTextColor>|</color> Tone Gata Junyōkan</color>
Tone
<color=#adadad>(1945)</color>"
jp_cruiser_tone_1;Tone
jp_cruiser_tone_2;Heavy Cruiser

jp_cruiser_mogami_suzuya_shop;Suzuya
jp_cruiser_mogami_suzuya_0;"<color=#81c3fc>Yokosuka Kaigun Kōshō</color>
<color=#5cae63>C-37</color>
<color=#fffa62>Nitō Junyōkan <color=@commonTextColor>|</color> Mogami Gata Junyōkan</color>
Suzuya"
jp_cruiser_mogami_suzuya_1;Suzuya
jp_cruiser_mogami_suzuya_2;Light Cruiser

jp_cruiser_mogami_shop;Mogami
jp_cruiser_mogami_0;"<color=#81c3fc>Kure Kaigun Kōshō</color>
<color=#5cae63>C-37</color>
<color=#fffa62>Nitō Junyōkan <color=@commonTextColor>|</color> Mogami Gata Junyōkan</color>
Mogami"
jp_cruiser_mogami_1;Mogami
jp_cruiser_mogami_2;Heavy Cruiser

jp_cruiser_mogami_mikuma_shop;Mikuma
jp_cruiser_mogami_mikuma_0;"<color=#81c3fc>Mitsubishi Jū Kōgyō Nagasaki Zōsenjo</color>
<color=#5cae63>C-37</color>
<color=#fffa62>Nitō Junyōkan <color=@commonTextColor>|</color> Mogami Gata Junyōkan</color>
Mikuma"
jp_cruiser_mogami_mikuma_1;Mikuma
jp_cruiser_mogami_mikuma_2;Light Cruiser

jp_battleship_hyuga_shop;Hyūga
jp_battleship_hyuga_0;"<color=#81c3fc>Mitsubishi Jū Kōgyō Nagasaki Zōsenjo</color>
<color=#5cae63>A-92</color>
<color=#fffa62>Ise Gata Senkan</color>
Hyūga"
jp_battleship_hyuga_1;Hyūga
jp_battleship_hyuga_2;Battleship

jp_battleship_ise_shop;Ise
jp_battleship_ise_0;"<color=#81c3fc>Kawasaki Zōsensho</color>
<color=#5cae63>A-92</color>
<color=#fffa62>Ise Gata Senkan</color>
Ise
<color=#adadad>(1937)</color>"
jp_battleship_ise_1;Ise
jp_battleship_ise_2;Battleship

jp_battleship_settsu_shop;Settsu
jp_battleship_settsu_0;"<color=#81c3fc>Kure Kaigun Kōshō</color>
<color=#5cae63>A-30</color>
<color=#fffa62>Kawachi Gata Senkan</color>
Settsu"
jp_battleship_settsu_1;Settsu
jp_battleship_settsu_2;Battleship

jp_battlecruiser_hiei_shop;Hiei
jp_battlecruiser_hiei_0;"<color=#81c3fc>Yokosuka Kaigun Kōshō <color=@commonTextColor>/</color> Kure Kaigun Kōshō</color>
<color=#5cae63>B-46</color>
<color=#fffa62>Kongō Gata Junyōsenkan</color>
Hiei
<color=#adadad>(1923)</color>"
jp_battlecruiser_hiei_1;Hiei
jp_battlecruiser_hiei_2;Battlecruiser

jp_battlecruiser_kirishima_shop;Kirishima
jp_battlecruiser_kirishima_0;"<color=#81c3fc>Mitsubishi Jū Kōgyō Nagasaki Zōsenjo <color=@commonTextColor>/</color> Sasebo Kaigun Kōshō</color>
<color=#5cae63>B-46</color>
<color=#fffa62>Kongō Gata Senkan</color>
Kirishima
<color=#adadad>(1942)</color>"
jp_battlecruiser_kirishima_1;Kirishima
jp_battlecruiser_kirishima_2;Battleship

jp_battlecruiser_haruna_shop;Haruna
jp_battlecruiser_haruna_0;"<color=#81c3fc>Kawasaki Zōsensho</color>
<color=#5cae63>B-46</color>
<color=#fffa62>Kongō Gata Senkan</color>
Haruna
<color=#adadad>(1945)</color>"
jp_battlecruiser_haruna_1;Haruna
jp_battlecruiser_haruna_2;Battleship

jp_battlecruiser_kongo_shop;Kongō
jp_battlecruiser_kongo_0;"<color=#81c3fc>Vickers-Armstrongs <color=@commonTextColor>/</color> Sasebo Kaigun Kōshō</color>
<color=#5cae63>B-46</color>
<color=#fffa62>Kongō Gata Senkan</color>
Kongō
<color=#adadad>(1944)</color>"
jp_battlecruiser_kongo_1;Kongō
jp_battlecruiser_kongo_2;Battleship

jp_armoredcruiser_kurama_shop;Kurama
jp_armoredcruiser_kurama_0;"<color=#81c3fc>Yokosuka Kaigun Kōshō</color>
<color=#5cae63>B-17</color>
<color=#fffa62>Ittō Junyōkan <color=@commonTextColor>|</color> Kurama Gata Junyōkan</color>
Kurama
<color=#adadad>(1919)</color>"
jp_armoredcruiser_kurama_1;Kurama
jp_armoredcruiser_kurama_2;Battlecruiser

jp_battleship_yamashiro_shop;Yamashiro
jp_battleship_yamashiro_0;"<color=#81c3fc>Yokosuka Kaigun Kōshō</color>
<color=#5cae63>A-64</color>
<color=#fffa62>Fusō Gata Senkan</color>
Yamashiro"
jp_battleship_yamashiro_1;Yamashiro
jp_battleship_yamashiro_2;Battleship

jp_battleship_fuso_shop;Fusō
jp_battleship_fuso_0;"<color=#81c3fc>Kure Kaigun Kōshō</color>
<color=#5cae63>A-64</color>
<color=#fffa62>Fusō Gata Senkan</color>
Fusō"
jp_battleship_fuso_1;Fusō
jp_battleship_fuso_2;Battleship

//JAPAN BLUEWATER FLEET VEHICLES - VEHICLE/FAMILY START: RANK 6
jp_battlecruiser_amagi_shop;Amagi
jp_battlecruiser_amagi_0;"<color=#81c3fc>Yokosuka Kaigun Kōshō</color>
<color=#5cae63>B-64</color>
<color=#fffa62>Amagi Gata Junyōsenkan</color>
Amagi
<color=#adadad>(1919 plan)</color>"
jp_battlecruiser_amagi_1;Amagi
jp_battlecruiser_amagi_2;Battlecruiser

jp_battleship_mutsu_shop;Mutsu
jp_battleship_mutsu_0;"<color=#81c3fc>Yokosuka Kaigun Kōshō</color>
<color=#5cae63>A-114</color>
<color=#fffa62>Nagato Gata Senkan</color>
Mutsu
<color=#adadad>(1922)</color>"
jp_battleship_mutsu_1;Mutsu
jp_battleship_mutsu_2;Battleship

jp_battleship_nagato_shop;Nagato
jp_battleship_nagato_0;"<color=#81c3fc>Kure Kaigun Kōshō</color>
<color=#5cae63>A-114</color>
<color=#fffa62>Nagato Gata Senkan</color>
Nagato
<color=#adadad>(1944)</color>"
jp_battleship_nagato_1;Nagato
jp_battleship_nagato_2;Battleship

jp_battleship_tosa_shop;Tosa
jp_battleship_tosa_0;"<color=#81c3fc>Mitsubishi Zōsen Kabushiki Gaisha Nagasaki Zōsenjo</color>
<color=#5cae63>A-127</color>
<color=#fffa62>Kaga Gata Senkan</color>
Tosa"
jp_battleship_tosa_1;Tosa
jp_battleship_tosa_2;Battleship

//JAPAN BLUEWATER FLEET VEHICLES - VEHICLE/FAMILY START: RANK 7
jp_battleship_yamato_shop;Yamato
jp_battleship_yamato_0;"<color=#81c3fc>Kure Kaigun Kōshō</color>
<color=#5cae63>A-140F6</color>
<color=#fffa62>Yamato Gata Senkan</color>
Yamato
<color=#adadad>(1945)</color>"
jp_battleship_yamato_1;Yamato
jp_battleship_yamato_2;Battleship

jp_battleship_musashi_shop;Musashi
jp_battleship_musashi_0;"<color=#81c3fc>Mitsubishi Jū Kōgyō Nagasaki Zōsenjo <color=@commonTextColor>/</color> Kure Kaigun Kōshō</color>
<color=#5cae63>A-140F6</color>
<color=#fffa62>Yamato Gata Senkan</color>
Musashi
<color=#adadad>(1943)</color>"
jp_battleship_musashi_1;Musashi
jp_battleship_musashi_2;Battleship

//CHINA AIRCRAFT - VEHICLE/FAMILY START: RANK 1
gladiator_mk1_china_shop;☀ Dòushì Mk. I
gladiator_mk1_china_0;"<color=#81c3fc>Gloster Aircraft Company SS.37</color>
☀ Dòushì Mk. I Xíng Qūzhú Jī ""Gé Jī"""
gladiator_mk1_china_1;☀ Dòushì Mk. I
gladiator_mk1_china_2;☀ Dòushì

ki-27_otsu_china_shop;☀ 97 Shì Zhàn Yi
ki-27_otsu_china_0;"<color=#81c3fc>Nakajima Hikōki</color>
☀ 97 Shì Zhàndòujī Yi"
ki-27_otsu_china_1;☀ 97 Shì Zhàn Yi
ki-27_otsu_china_2;☀ 97 Shì Zhàn

ki_43_3_ko_shop;☀ 1 Shì Zhàn 3 Xíng Jia
ki_43_3_ko_0;"<color=#81c3fc>Nakajima Hikōki</color>
☀ 1 Shì Zhàndòujī 3 Xíng Jia ""Sun"""
ki_43_3_ko_1;☀ 1 Shì Zhàn 3 Xíng
ki_43_3_ko_2;☀ 1 Shì Zhàn

cw_21_shop;☀ C.W.21
cw_21_0;"<color=#81c3fc>Curtiss-Wright Corporation Model 21</color>
☀ C.W.21 Qūzhú Jī"
cw_21_1;☀ C.W.21
cw_21_2;☀ C.W.21

i-15bis_china_shop;☀ E-15 Bisī
i-15bis_china_0;"<color=#81c3fc>Moskovskij aviaczionnyj zavod № 39 im. V. R. Myenžinskogo</color>
☀ E-15 Bisī Xíng Qūzhú Jī ""Qīshénkè"""
i-15bis_china_1;☀ E-15 Bisī
i-15bis_china_2;☀ E-15

i-16_type5_1935_china_shop;☀ E-16-5
i-16_type5_1935_china_0;"<color=#81c3fc>Moskovskij aviaczionnyj zavod № 39 im. V. R. Myenžinskogo</color>
☀ E-16-5 Xíng Qūzhú Jī"
i-16_type5_1935_china_1;☀ E-16-5
i-16_type5_1935_china_2;☀ E-16

i-16_type10_china_shop;☀ E-16-10
i-16_type10_china_0;"<color=#81c3fc>Moskovskij aviaczionnyj zavod № 39 im. V. R. Myenžinskogo</color>
☀ E-16-10 Xíng Qūzhú Jī"
i-16_type10_china_1;☀ E-16-10
i-16_type10_china_2;☀ E-16

i-16_type17_china_shop;☀ E-16-17
i-16_type17_china_0;"<color=#81c3fc>Moskovskij aviaczionnyj zavod № 39 im. V. R. Myenžinskogo</color>
☀ E-16-17 Xíng Qūzhú Jī"
i-16_type17_china_1;☀ E-16-17
i-16_type17_china_2;☀ E-16

i-16_chung_28_shop;Zhōng 28 Jia
i-16_chung_28_0;"<color=#81c3fc>Moskovskij aviaczionnyj zavod № 39 im. V. R. Myenžinskogo <color=@commonTextColor>/</color>
Zhōngyāng Fēijī Zhìzào Chang</color>
Zhōng 28 Jia Xíng Qūzhú Jī"
i-16_chung_28_1;Zhōng 28 Jia
i-16_chung_28_2;Zhōng 28

i-153_m62_china_shop;☀ E-153
i-153_m62_china_0;"<color=#81c3fc>Moskovskij aviaczionnyj zavod № 39 im. V. R. Myenžinskogo</color>
☀ E-153 Xíng Qūzhú Jī ""Qīshénkè"""
i-153_m62_china_1;☀ E-153
i-153_m62_china_2;☀ E-153

hs-123a-1_china_shop;☀ Hs 123 A-1
hs-123a-1_china_0;"<color=#81c3fc>Henschel Flugzeug-Werke</color>
☀ Hs 123 A-1 Xíng Hōngzhà Jī ""Héng Jī"""
hs-123a-1_china_1;☀ Hs 123 A
hs-123a-1_china_2;☀ Hs 123

v_11g_shop;☀ V-11-G
v_11g_0;"<color=#81c3fc>Vultee Aircraft V-11-G</color>
☀ V-11-G Xíng Hōngzhà Jī"
v_11g_1;☀ V-11-G
v_11g_2;☀ V-11

v_12d_shop;☀ V-12-D
v_12d_0;"<color=#81c3fc>Vultee Aircraft V-12-D</color>
☀ V-12-D Xíng Hōngzhà Jī"
v_12d_1;☀ V-12-D
v_12d_2;☀ V-12

martin_139wc_shop;☀ Madīng 139
martin_139wc_0;"<color=#81c3fc>Glenn L. Martin Company Model 139WC</color>
☀ Madīng 139 Shì Hōngzhà Jī"
martin_139wc_1;☀ Madīng 139
martin_139wc_2;☀ Madīng 139

hawk_iii_shop;☀ Huòkè III
hawk_iii_0;"<color=#81c3fc>Curtiss-Wright Corporation Hawk Model 68C <color=@commonTextColor>/</color> Zhōngyāng Fēijī Zhìzào
Chang</color>
☀ Huòkè III Qūzhú Jī"
hawk_iii_1;☀ Huòkè III
hawk_iii_2;☀ Huòkè III

h-75m_china_shop;☀ Huòkè 75H
h-75m_china_0;"<color=#81c3fc>Curtiss-Wright Corporation Hawk Model 75H</color>
☀ Huòkè 75H Qūzhú Jī"
h-75m_china_1;☀ Huòkè 75H
h-75m_china_2;☀ Huòkè 75

d_510c_shop;☀ D.510C
d_510c_0;"<color=#81c3fc>Constructions Aéronautiques Émile Dewoitine</color>
☀ D.510C Xíng Qūzhú Jī ""Dì Jī"""
d_510c_1;☀ D.510C
d_510c_2;☀ D.510

//CHINA AIRCRAFT - VEHICLE/FAMILY START: RANK 2
p-66_shop;☀ P-48-C
p-66_0;"<color=#81c3fc>Vultee Aircraft V-48-C</color>
☀ P-48-C Xíng Qūzhú Jī ""Qiánfēng"""
p-66_1;☀ P-48-C
p-66_2;☀ P-48

p-43a-1_china_shop;☀ P-43
p-43a-1_china_0;"<color=#81c3fc>Republic Aviation Corporation AP-4A</color>
☀ P-43 Shì Qūzhú Jī"
p-43a-1_china_1;☀ P-43
p-43a-1_china_2;☀ P-43

p-40e_china_shop;☀ P-40E-CU
p-40e_china_0;"<color=#81c3fc>Curtiss-Wright Corporation Hawk Model 87B-2</color>
☀ P-40E-CU Xíng Qūzhú Jī"
p-40e_china_1;☀ P-40E
p-40e_china_2;☀ P-40

a_29_hudson_shop;☀ A-29-LO
a_29_hudson_0;"<color=#81c3fc>Lockheed Corporation Model 414</color>
☀ A-29-LO Shì Hōngzhà Jī"
a_29_hudson_1;☀ A-29
a_29_hudson_2;☀ A-29

db_3a_china_shop;☀ D.B.3
db_3a_china_0;"<color=#81c3fc>Zavod № 18</color>
☀ D.B.3 Shì Hōngzhà Jī"
db_3a_china_1;☀ D.B.3
db_3a_china_2;☀ D.B.3

sb_2m_103u_china_shop;☀ SB
sb_2m_103u_china_0;"<color=#81c3fc>Aviaczionnyj zavod № 22 im. S. P. Gorbunova</color>
☀ SB Shì Qīng Hōngzhà Jī"
sb_2m_103u_china_1;☀ SB
sb_2m_103u_china_2;☀ SB

p1y1_mod11_china_shop;☀ Yínhé 11 Xíng
p1y1_mod11_china_0;"<color=#81c3fc>Nakajima Hikōki</color>
☀ Yínhé 11 Xíng Hōngzhà Jī"
p1y1_mod11_china_1;☀ Yínhé 11 Xíng
p1y1_mod11_china_2;☀ Yínhé

p-40c_china_shop;☀ Huòkè 81A-3
p-40c_china_0;"<color=#81c3fc>Curtiss-Wright Corporation Hawk Model 81A-3 <color=@commonTextColor>/</color> Central Aircraft
Manufacturing Company</color>
☀ Huòkè 81A-3 Xíng Qūzhú Jī"
p-40c_china_1;☀ Huòkè 81A
p-40c_china_2;☀ Huòkè 81

ki-45_hei_tei_china_shop;☀ 2 Shì Shuāng Zuò Zhàn Bing (Dīng)
ki-45_hei_tei_china_0;"<color=#81c3fc>Kawasaki Kōkūki Kōgyō</color>
☀ 2 Shì Shuāng Zuò Zhàndòujī Bing ""Tú Lóng""
<color=#adadad>(Dīng Zhuāngbèi)</color>"
ki-45_hei_tei_china_1;☀ 2 Shì Shuāng Zuò Zhàn Bing
ki-45_hei_tei_china_2;☀ 2 Shì Shuāng Zuò Zhàn

//CHINA AIRCRAFT - VEHICLE/FAMILY START: RANK 3
p-47d_23_ra_china_rocaf_shop;☀ P-47D-23-RA
p-47d_23_ra_china_rocaf_0;"<color=#81c3fc>Republic Aviation Corporation AP-10</color>
☀ P-47D-23-RA Xíng Qūzhú Jī"
p-47d_23_ra_china_rocaf_1;☀ P-47D
p-47d_23_ra_china_rocaf_2;☀ P-47

p-47d_30_china_shop;☀ F-47D-30-RE
p-47d_30_china_0;"<color=#81c3fc>Republic Aviation Corporation AP-10</color>
☀ F-47D-30-RE Xíng Qūzhú Jī"
p-47d_30_china_1;☀ F-47D
p-47d_30_china_2;☀ F-47

f_47n_25_re_china_shop;☀ F-47N-25-RE
f_47n_25_re_china_0;"<color=#81c3fc>Republic Aviation Corporation AP-10</color>
☀ F-47N-25-RE Xíng Qūzhú Jī"
f_47n_25_re_china_1;☀ F-47N
f_47n_25_re_china_2;☀ F-47

p-51d-20_china_shop;☀ F-51D-20-NA
p-51d-20_china_0;"<color=#81c3fc>North American Aviation NA-122</color>
☀ F-51D-20-NA Xíng Qūzhú Jī ""Yěma Jī"""
p-51d-20_china_1;☀ F-51D
p-51d-20_china_2;☀ F-51

p-51k_shop;☀ F-51K-15-NA
p-51k_0;"<color=#81c3fc>North American Aviation NA-111</color>
☀ F-51K-15-NT Xíng Qūzhú Jī ""Yěma Jī"""
p-51k_1;☀ F-51K
p-51k_2;☀ F-51

p-51c-11-nt_china_shop;☀ P-51C-11-NT
p-51c-11-nt_china_0;"<color=#81c3fc>North American Aviation NA-103</color>
☀ P-51C-11-NT Xíng Qūzhú Jī ""Yěma Jī""
<color=@currencyGoldColor>«Evalina»</color>"
p-51c-11-nt_china_1;☀ P-51C
p-51c-11-nt_china_2;☀ P-51

ki_44_2_hei_china_shop;☀ 2 Shì Zhàn 2 Xíng Bing
ki_44_2_hei_china_0;"<color=#81c3fc>Nakajima Hikōki</color>
☀ 2 Shì Zhàndòujī 2 Xíng Bing ""Zhōngkuí"""
ki_44_2_hei_china_1;☀ 2 Shì Zhàn 2 Xíng
ki_44_2_hei_china_2;☀ 2 Shì Zhàn

ki_61_1a_otsu_china_shop;☀ 3 Shì Zhàn 1 Xíng
ki_61_1a_otsu_china_0;"<color=#81c3fc>Kawasaki Kōkūki Kōgyō</color>
☀ 3 Shì Zhàndòujī 1 Xíng Yi ""Fēiyàn"""
ki_61_1a_otsu_china_1;☀ 3 Shì Zhàn 1 Xíng
ki_61_1a_otsu_china_2;☀ 3 Shì Zhàn

mosquito_fb_mk26_china_shop;FB-26
mosquito_fb_mk26_china_0;"<color=#81c3fc>de Havilland Aircraft Company D.H. 98</color>
FB-26 Hōngzhà Jī"
mosquito_fb_mk26_china_1;FB-26
mosquito_fb_mk26_china_2;FB-26

p-38l_1_china_rocaf_shop;☀ P-38L-1-LO
p-38l_1_china_rocaf_0;"<color=#81c3fc>Lockheed Corporation Model 422-87-23</color>
☀ P-38L-1-LO Xíng Qūzhú Jī ""Shuāng Shēn Jī"""
p-38l_1_china_rocaf_1;☀ P-38L
p-38l_1_china_rocaf_2;☀ P-38

b_25j_30_china_shop;☀ B-25J-30-NC
b_25j_30_china_0;"<color=#81c3fc>North American Aviation NA-108</color>
☀ B-25J-30-NC Xíng Hōngzhà Jī"
b_25j_30_china_1;☀ B-25J
b_25j_30_china_2;☀ B-25

a6m2_zero_china_shop;☀ 0 Shì Zhàn 21 Xíng
a6m2_zero_china_0;"<color=#81c3fc>Mitsubishi Jū Kōgyō</color>
☀ 0 Shì Zhàndòujī 21 Xíng ""Líng"""
a6m2_zero_china_1;☀ 0 Shì Zhàn 21 Xíng
a6m2_zero_china_2;☀ 0 Shì Zhàn

a6m5_zero_china_shop;☀ A6M5
a6m5_zero_china_0;"<color=#81c3fc>Mitsubishi Jū Kōgyō</color>
<color=#7ce68f>0 Shiki Kanjō Sentōki 52 Gata</color>
☀ A6M5 ""Rei Sen"""
a6m5_zero_china_1;☀ A6M5
a6m5_zero_china_2;☀ A6M

//CHINA AIRCRAFT - VEHICLE/FAMILY START: RANK 4
la-11_china_shop;␗ Lā 11
la-11_china_0;"<color=#81c3fc>Opytno-konstruktorskoye bûro № 301</color>
␗ Lā 11 Xíng Fēijī"
la-11_china_1;␗ Lā 11
la-11_china_2;␗ Lā 11

la-9_china_shop;␗ Lā 9
la-9_china_0;"<color=#81c3fc>Opytno-konstruktorskoye bûro № 301</color>
␗ Lā 9 Xíng Fēijī"
la-9_china_1;␗ Lā 9
la-9_china_2;␗ Lā 9

il-10_1946_china_shop;␗ Yīěr 10 (1947)
il-10_1946_china_0;"<color=#81c3fc>Opytno-konstruktorskoye bûro № 39</color>
␗ Yīěr 10 Xíng Fēijī
<color=#adadad>(1947)</color>"
il-10_1946_china_1;␗ Yīěr 10
il-10_1946_china_2;␗ Yīěr 10

pb4y-2_china_shop;☀ P4Y-2
pb4y-2_china_0;"<color=#81c3fc>Consolidated Aircraft Corporation</color>
☀ P4Y-2 Xíng Xúnluó Jī"
pb4y-2_china_1;☀ P4Y-2
pb4y-2_china_2;☀ P4Y

tu-2_postwar_china_shop;␗ Dù 2S-44
tu-2_postwar_china_0;"<color=#81c3fc>Czyentral'noye konstruktorskoye bûro № 29</color>
␗ Dù 2S-44 Xíng Fēijī"
tu-2_postwar_china_1;␗ Dù 2S
tu-2_postwar_china_2;␗ Dù 2

quing_6_shop;Qīng 6
quing_6_0;"<color=#81c3fc>Gosudarstvyennyj soûznyj opytnyj zavod № 49 <color=@commonTextColor>/</color> Zhōngguó Tèzhong
Fēixíngqì Yánjiū Suo</color>
Qīng 6 Xíng Fēijī"
quing_6_1;Qīng 6
quing_6_2;Qīng 6

ki_84_ko_china_shop;☀ 4 Shì Zhàn 1 Xíng Jia
ki_84_ko_china_0;"<color=#81c3fc>Nakajima Hikōki</color>
☀ 4 Shì Zhàndòujī 1 Xíng Jia ""Jífēng"""
ki_84_ko_china_1;☀ 4 Shì Zhàn 1 Xíng
ki_84_ko_china_2;☀ 4 Shì Zhàn

//CHINA AIRCRAFT - VEHICLE/FAMILY START: RANK 5
f-86f-30_china_shop;☀ F-86F-30-NA
f-86f-30_china_0;"<color=#81c3fc>North American Aviation NA-191</color>
☀ F-86F-30-NA Xíng Zhàndòu Jī ""Jūndāo Jī"""
f-86f-30_china_1;☀ F-86F
f-86f-30_china_2;☀ F-86

f-86f-40_china_shop;☀ F-86F-40-NA
f-86f-40_china_0;"<color=#81c3fc>North American Aviation NA-227</color>
☀ F-86F-40-NA Xíng Zhàndòu Jī ""Jūndāo Jī"""
f-86f-40_china_1;☀ F-86F
f-86f-40_china_2;☀ F-86

mig-9_china_shop;␗ Migé 9
mig-9_china_0;"<color=#81c3fc>Opytno-konstruktorskoye bûro № 155</color>
␗ Migé 9 Xíng Fēijī"
mig-9_china_1;␗ Migé 9
mig-9_china_2;␗ Migé 9

mig-9_late_china_shop;␗ I-307
mig-9_late_china_0;"<color=#81c3fc>Opytno-konstruktorskoye bûro № 155</color>
<color=#5cae63>izd. FF</color>
␗ I-307"
mig-9_late_china_1;␗ I-307
mig-9_late_china_2;␗ I-307

mig-15bis_nr23_china_shop;␗ Migé 15 Bisī
mig-15bis_nr23_china_0;"<color=#81c3fc>Opytno-konstruktorskoye bûro № 155 SD</color>
␗ Migé 15 Bisī Xíng Fēijī"
mig-15bis_nr23_china_1;␗ Migé 15 Bisī
mig-15bis_nr23_china_2;␗ Migé 15

mig-15bis_ns23_china_shop;␗ MiG-15bis (NS-23)
mig-15bis_ns23_china_0;"␗ MiG-15bis
<color=#adadad>(NS-23)</color>"
mig-15bis_ns23_china_1;␗ MiG-15bis
mig-15bis_ns23_china_2;␗ MiG-15

mig-17_china_shop;␗ Migé 17
mig-17_china_0;"<color=#81c3fc>Opytno-konstruktorskoye bûro № 155</color>
␗ Migé 17 Xíng Fēijī"
mig-17_china_1;␗ Migé 17
mig-17_china_2;␗ Migé 17

f-84g_china_shop;☀ F-84G-21-RE
f-84g_china_0;"<color=#81c3fc>Republic Aviation Corporation AP-23</color>
☀ F-84G-21-RE Xíng Zhàndòu Jī ""Léitíng Shì"""
f-84g_china_1;☀ F-84G
f-84g_china_2;☀ F-84

f-84g-31-re_china_shop;☀ F-84G-31-RE
f-84g-31-re_china_0;"<color=#81c3fc>Republic Aviation Corporation AP-23</color>
☀ F-84G-31-RE Xíng Zhàndòu Jī ""Léitíng Shì"""
f-84g-31-re_china_1;☀ F-84G
f-84g-31-re_china_2;☀ F-84

tu_4_china_shop;␗ Dù 4
tu_4_china_0;"<color=#81c3fc>Opytno-konstruktorskoye bûro № 156</color>
␗ Dù 4 Xíng Fēijī"
tu_4_china_1;␗ Dù 4
tu_4_china_2;␗ Dù 4

il_28_china_shop;␗ Yīěr 28
il_28_china_0;"<color=#81c3fc>Opytno-konstruktorskoye bûro № 39</color>
␗ Yīěr 28 Xíng Fēijī"
il_28_china_1;␗ Yīěr 28
il_28_china_2;␗ Yīěr 28

//CHINA AIRCRAFT - VEHICLE/FAMILY START: RANK 6
f-100a_china_shop;☀ F-100A-16-NA
f-100a_china_0;"<color=#81c3fc>North American Aviation NA-192</color>
<color=#ff8c80>Project High Wire</color>
☀ F-100A-16-NA Xíng Zhàndòu Jī ""Chāojí Jūndāo Jī"""
f-100a_china_1;☀ F-100A
f-100a_china_2;☀ F-100

f_100f_china_shop;☀ F-100F-6-NA
f_100f_china_0;"<color=#81c3fc>North American Aviation NA-243</color>
<color=#ff8c80>Project High Wire</color>
☀ F-100F-6-NA Xíng Zhàndòu Jī ""Chāojí Jūndāo Jī"""
f_100f_china_1;☀ F-100F
f_100f_china_2;☀ F-100

f-104a_china_shop;☀ F-104A-25-LO
f-104a_china_0;"<color=#81c3fc>Lockheed Corporation Model 83</color>
☀ F-104A-25-LO Xíng Zhàndòu Jī ""Xīng Shì Zhàndòu Jī"""
f-104a_china_1;☀ F-104A
f-104a_china_2;☀ F-104

f-104g_china_shop;☀ F-104G-10-LO
f-104g_china_0;"<color=#81c3fc>Lockheed Corporation Model 83</color>
☀ F-104G-10-LO Xíng Zhàndòu Jī ""Xīng Shì Zhàndòu Jī"""
f-104g_china_1;☀ F-104G
f-104g_china_2;☀ F-104

mig-19j_6a_shop;J6A
mig-19j_6a_0;"<color=#81c3fc>Opytno-konstruktorskoye bûro № 155 SM-7/3 <color=@commonTextColor>/</color> Guóyíng Sōnglíng Jīxiè
Chang</color>
<color=#919191>Dōngfēng 103 <color=@commonTextColor>|</color> 59 Shì Jiǎ Jiānjíjī <color=@commonTextColor>|</color> J6 Jiǎ Xíng Jiānjíjī</color>
J6A Xíng Fēijī"
mig-19j_6a_1;J6A
mig-19j_6a_2;J6

j_7_mk2_shop;J7II
j_7_mk2_0;"<color=#81c3fc>Opytno-konstruktorskoye bûro № 155 <color=@commonTextColor>/</color> Guóyíng 132 Chan</color>
J7II Xíng Fēijī"
j_7_mk2_1;J7II
j_7_mk2_2;J7

j_7d_shop;J7D
j_7d_0;"<color=#81c3fc>Opytno-konstruktorskoye bûro № 155 <color=@commonTextColor>/</color> Guóyíng Sōnglíng Jīxiè Chang</color>
J7D Xíng Fēijī"
j_7d_1;J7D
j_7d_2;J7

j_7e_shop;J7E
j_7e_0;"<color=#81c3fc>Guóyíng Sōnglíng Jīxiè Chang</color>
J7E Xíng Fēijī"
j_7e_1;J7E
j_7e_2;J7

q_5_early_shop;Q5
q_5_early_0;"<color=#81c3fc>Nánchāng Fēijī Zhìzào Gōngsī</color>
<color=#919191>Xióngyīng 302</color>
Q5 Xíng Fēijī"
q_5_early_1;Q5
q_5_early_2;Q5

q_5a_shop;Q5B
q_5a_0;"<color=#81c3fc>Nánchāng Fēijī Zhìzào Gōngsī</color>
Q5B Xíng Fēijī"
q_5a_1;Q5B
q_5a_2;Q5

q_5l_shop;Q5L
q_5l_0;"<color=#81c3fc>Nánchāng Fēijī Zhìzào Gōngsī</color>
Q5L Xíng Fēijī"
q_5l_1;Q5L
q_5l_2;Q5

mig-17_f5_shop;▆ F5
mig-17_f5_0;"<color=#81c3fc>Opytno-konstruktorskoye bûro № 155 <color=@commonTextColor>/</color> Guóyíng Sōnglíng Jīxiè Chang</color>
▆ Chugyeokgi 《F5》"
mig-17_f5_1;▆ F5
mig-17_f5_2;▆ F5

f_6c_pakistan_shop;☪ F6C (Oct 1976)
f_6c_pakistan_0;"<color=#81c3fc>Opytno-konstruktorskoye bûro № 155 SM-7/3 <color=@commonTextColor>/</color> Guóyíng Sōnglíng Jīxiè
Chang <color=@commonTextColor>/</color>
Central Technical Development Unit</color>
☪ F6C Xíng Fēijī
<color=#adadad>(October 1976)</color>"
f_6c_pakistan_1;☪ F6C
f_6c_pakistan_2;☪ F6

//CHINA AIRCRAFT - VEHICLE/FAMILY START: RANK 7
f-5a_china_shop;☀ F-5A-25-NO
f-5a_china_0;"<color=#81c3fc>Northrop Corporation N-156F</color>
☀ F-5A-25-NO Xíng Zhàndòu Jī"
f-5a_china_1;☀ F-5A
f-5a_china_2;☀ F-5

f-5e_aidc_shop;☀ F-5E
f-5e_aidc_0;"<color=#81c3fc>Northrop Corporation F-5-21 <color=@commonTextColor>/</color> Hàn Xiáng Hángkōng Gōngyè</color>
☀ F-5E Xíng Zhōngzhèng Hào Zhàndòu Jī"
f-5e_aidc_1;☀ F-5E
f-5e_aidc_2;☀ F-5

j_8b_shop;J8B
j_8b_0;"<color=#81c3fc>Shěnyáng Fēijī Gōngyè (Jítuán)</color>
J8B Xíng Fēijī"
j_8b_1;J8B
j_8b_2;J8

j_8f_shop;J8F
j_8f_0;"<color=#81c3fc>Shěnyáng Fēijī Gōngyè (Jítuán)</color>
J8F Xíng Fēijī"
j_8f_1;J8F
j_8f_2;J8

jh_7_shop;JH7
jh_7_0;"<color=#81c3fc>Xī'ān Fēijī Gōngyè (Jítuán)</color>
JH7 Xíng Fēijī ""Fēi Bào"""
jh_7_1;JH7
jh_7_2;JH7

jh_7a_shop;JH7A
jh_7a_0;"<color=#81c3fc>Xī'ān Fēijī Gōngyè (Jítuán)</color>
JH7A Xíng Fēijī ""Fēi Bào"""
jh_7a_1;JH7A
jh_7a_2;JH7

jh_7a2_shop;JH7A2
jh_7a2_0;"<color=#81c3fc>Xī'ān Fēijī Gōngyè (Jítuán)</color>
JH7A2 Xíng Fēijī ""Fēi Bào"""
jh_7a2_1;JH7A
jh_7a2_2;JH7

jh_7a_prototype_shop;JH7A (1 Hào)
jh_7a_prototype_0;"<color=#81c3fc>Xī'ān Fēijī Gōngyè (Jítuán)</color>
JH7A Xíng Fēijī ""Fēi Bào""
<color=@currencyGoldColor>Yàngchē 1 Hào</color>"
jh_7a_prototype_1;JH7A
jh_7a_prototype_2;JH7

a_5c_shop;☪ A5C (2003)
a_5c_0;"<color=#81c3fc>Nánchāng Fēijī Zhìzào Gōngsī</color>
☪ A5C Xíng Fēijī
<color=#adadad>(2003)</color>"
a_5c_1;☪ A5C
a_5c_2;☪ A5

//CHINA AIRCRAFT - VEHICLE/FAMILY START: RANK 8
f_16a_block_20_mlu_shop;☀ F-16A-20-CF
f_16a_block_20_mlu_0;"<color=#81c3fc>Lockheed Martin Corporation</color>
☀ F-16A-20-CF Xíng Zhàndòu Jī"
f_16a_block_20_mlu_1;☀ F-16A
f_16a_block_20_mlu_2;☀ F-16

f_16a_block_20_mlu_killstreak_shop;☢☀ F-16A-20-CF
f_16a_block_20_mlu_killstreak_0;"<color=#81c3fc>Lockheed Martin Corporation</color>
☢☀ F-16A-20-CF Xíng Zhàndòu Jī"
f_16a_block_20_mlu_killstreak_1;☢☀ F-16A
f_16a_block_20_mlu_killstreak_2;☢☀ F-16

f_16a_block_72v_china_shop;☀ F-16V-72-CF
f_16a_block_72v_china_0;"<color=#81c3fc>Lockheed Martin Corporation</color>
☀ F-16V-72-CF Xíng Zhàndòu Jī"
f_16a_block_72v_china_1;☀ F-16A
f_16a_block_72v_china_2;☀ F-16

j_10a_shop;J10A
j_10a_0;"<color=#81c3fc>Chéngdū Fēijī Gōngyè (Jítuán)</color>
J10A Xíng Fēijī ""Měng Lóng"""
j_10a_1;J10A
j_10a_2;J10

j_10c_shop;J10CE
j_10c_0;"<color=#81c3fc>Chéngdū Fēijī Gōngyè (Jítuán)</color>
J10CE Xíng Fēijī ""Měng Lóng"""
j_10c_1;J10CE
j_10c_2;J10

mirage_2000_5ei_shop;M-2000-5
mirage_2000_5ei_0;"<color=#81c3fc>Dassault Aviation</color>
M-2000-5 Xíng Zhàndòu Jī"
mirage_2000_5ei_1;M-2000-5
mirage_2000_5ei_2;M-2000

j_11_shop;J11
j_11_0;"<color=#81c3fc>Kompaniâ «Sukhoj» <color=@commonTextColor>/</color> Shěnyáng Fēijī Gōngyè (Jítuán)</color>
J11 Xíng Fēijī ""Yìng Lóng"""
j_11_1;J11
j_11_2;J11

j_11a_shop;J11A (MLU)
j_11a_0;"<color=#81c3fc>Kompaniâ «Sukhoj» <color=@commonTextColor>/</color> Shěnyáng Fēijī Gōngyè (Jítuán)</color>
J11A Xíng Fēijī ""Yìng Lóng""
<color=#adadad>(Mid-Life Update)</color>"
j_11a_1;J11A
j_11a_2;J11

j_11b_shop;J11B
j_11b_0;"<color=#81c3fc>Kompaniâ «Sukhoj» <color=@commonTextColor>/</color> Shěnyáng Fēijī Gōngyè (Jítuán)</color>
J11B Xíng Fēijī ""Yìng Lóng"""
j_11b_1;J11B
j_11b_2;J11

jf_17_shop;JF-17 Block I
jf_17_0;"<color=#81c3fc>Chéngdū Phējī Udyoga Samūha <color=@commonTextColor>+</color> Pākistān Aironāṭikal Kampḷiks</color>
JF-17 Block I Thunder"
jf_17_1;JF-17 Block I
jf_17_2;JF-17

su_30mkk_shop;␗ Sū 30MKK
su_30mkk_0;"<color=#81c3fc>Kompaniâ «Sukhoj»</color>
␗ Sū 30MKK Xíng Fēijī"
su_30mkk_1;␗ Sū 30MKK
su_30mkk_2;␗ Sū 30

//CHINA AIRCRAFT - VEHICLE/FAMILY START: RANK 9
j_15t_shop;J15T
j_15t_0;"<color=#81c3fc>Shěnyáng Fēijī Gōngyè (Jítuán)</color>
J15T Xíng Fēijī ""Fēi Shā"""
j_15t_1;J15T
j_15t_2;J15

//CHINA HELICOPTERS - VEHICLE/FAMILY START: RANK 5
z_11wa_shop;Z11WA
z_11wa_0;"<color=#81c3fc>Chānghé Fēijī Gōngyè (Jítuán)</color>
Z11WA Xíng Wuzhuāng Zhíshēngjī"
z_11wa_1;Z11WA
z_11wa_2;Z11

sa_342l_china_shop;␗ SA 342 L
sa_342l_china_0;"<color=#81c3fc>Société Nationale Industrielle Aérospatiale</color>
␗ SA 342 L Xíng Wuzhuāng Zhíshēngjī"
sa_342l_china_1;␗ SA 342 L
sa_342l_china_2;␗ SA 342

//CHINA HELICOPTERS - VEHICLE/FAMILY START: RANK 6
z_9w_shop;Z9W
z_9w_0;"<color=#81c3fc>Hā'ěrbīn Fēijī Gōngyè (Jítuán)</color>
Z9W Xíng Wuzhuāng Zhíshēngjī."
z_9w_1;Z9W
z_9w_2;Z9

z_9wa_shop;Z9WA
z_9wa_0;"<color=#81c3fc>Hā'ěrbīn Fēijī Gōngyè (Jítuán)</color>
Z9WA Xíng Wuzhuāng Zhíshēngjī"
z_9wa_1;Z9WA
z_9wa_2;Z9

z_19_shop;Z19
z_19_0;"<color=#81c3fc>Hā'ěrbīn Fēijī Gōngyè (Jítuán)</color>
Z19 Xíng Wuzhuāng Zhíshēngjī ""Hēi Xuànfēng"""
z_19_1;Z19
z_19_2;Z19

z_19e_shop;Z19E
z_19e_0;"<color=#81c3fc>Hā'ěrbīn Fēijī Gōngyè (Jítuán)</color>
Z19E Xíng Wuzhuāng Zhíshēngjī ""Yuān"""
z_19e_1;Z19E
z_19e_2;Z19

oh_58d_china_shop;☀ OH-58D
oh_58d_china_0;"<color=#81c3fc>Bell Helicopter Textron Model 406</color>
☀ OH-58D Zhàn Sōu Zhíshēngjī"
oh_58d_china_1;☀ OH-58D
oh_58d_china_2;☀ OH-58

ah_1w_china_shop;☀ AH-1W
ah_1w_china_0;"<color=#81c3fc>Bell Helicopter Textron Model 209</color>
☀ AH-1W Zhàndòu Zhíshēngjī"
ah_1w_china_1;☀ AH-1W
ah_1w_china_2;☀ AH-1

//CHINA HELICOPTERS - VEHICLE/FAMILY START: RANK 7
z_10_shop;Z10
z_10_0;"<color=#81c3fc>Chānghé Fēijī Gōngyè (Jítuán)</color>
Z10 Xíng Wuzhuāng Zhíshēngjī ""Pīlìhuǒ"""
z_10_1;Z10
z_10_2;Z10

z_10me_shop;Z10ME-02
z_10me_0;"<color=#81c3fc>Chānghé Fēijī Gōngyè (Jítuán)</color>
Z10ME-02 Xíng Wuzhuāng Zhíshēngjī ""Pīlìhuǒ"""
z_10me_1;Z10ME
z_10me_2;Z10

z_10a_shop;Z10 (2018)
z_10a_0;"<color=#81c3fc>Chānghé Fēijī Gōngyè (Jítuán)</color>
Z10 Xíng Wuzhuāng Zhíshēngjī ""Pīlìhuǒ""
<color=#adadad>(2018)</color>"
z_10a_1;Z10
z_10a_2;Z10

ah_64e_china_shop;☀ AH-64E (v6)
ah_64e_china_0;"<color=#81c3fc>Boeing Defense, Space & Security</color>
☀ AH-64E Zhàndòu Zhíshēngjī
<color=#adadad>(Capability Version 6)</color>"
ah_64e_china_1;☀ AH-64E
ah_64e_china_2;☀ AH-64

//CHINA GROUND VEHICLES - VEHICLE/FAMILY START: RANK 1
cn_m8_greyhound_shop;☀ M8
cn_m8_greyhound_0;"<color=#81c3fc>Ford Motor Company</color>
☀ M8 Zhuāngjia Chē"
cn_m8_greyhound_1;☀ M8
cn_m8_greyhound_2;Light Tank

cn_t_26_1940_shop;☀ Tè 26 (1937)
cn_t_26_1940_0;"<color=#81c3fc>Vickers-Armstrongs <color=@commonTextColor>/</color> Opytno-konstruktorskij myekhaničyeskij otdyel</color>
☀ Tè 26 Qīngxíng Zhànchē
<color=#adadad>(1937)</color>"
cn_t_26_1940_1;☀ Tè 26
cn_t_26_1940_2;Light Tank

cn_t_26_no531_shop;☀ Tè 26 (1937) (Dì 200 Shī)
cn_t_26_no531_0;"<color=#81c3fc>Vickers-Armstrongs <color=@commonTextColor>/</color> Opytno-konstruktorskij myekhaničyeskij otdyel</color>
☀ Tè 26 Qīngxíng Zhànchē
<color=#adadad>(1937)</color>
<color=@currencyGoldColor>Dì 200 Shī</color>"
cn_t_26_no531_1;☀ Tè 26
cn_t_26_no531_2;Light Tank

cn_type_97_chi_ha_shop;☀ 97 Shì
cn_type_97_chi_ha_0;"<color=#81c3fc>Mitsubishi Jū Kōgyō</color>
☀ 97 Shì Zhōngxíng Zhànchē"
cn_type_97_chi_ha_1;☀ 97 Shì
cn_type_97_chi_ha_2;Medium Tank

cn_type_97_kai_shop;☀ 97 Shì (1 Shì)
cn_type_97_kai_0;"<color=#81c3fc>Mitsubishi Jū Kōgyō</color>
☀ 97 Shì Gai Zhōngxíng Zhànchē
<color=#adadad>(1 Shì 47 Háomi Zhànchē Pào)</color>"
cn_type_97_kai_1;☀ 97 Shì Gai
cn_type_97_kai_2;Medium Tank

cn_sdkfz_222_early_shop;Háoxū Shì 4.5 Dūn
cn_sdkfz_222_early_0;"<color=#81c3fc>Eisenwerk Weserhütte</color>
Háoxū Shì 4.5 Dūn Zhuāngjia Chē"
cn_sdkfz_222_early_1;Háoxū
cn_sdkfz_222_early_2;SPAAG

cn_m8_scott_shop;☀ 8 Shì
cn_m8_scott_0;"<color=#81c3fc>United States Army Ordnance Department</color>
☀ 8 Shì 75 Pào Zhànchē"
cn_m8_scott_1;☀ 8 Shì
cn_m8_scott_2;SPG

cn_su_76m_1943_shop;␗ SU-76
cn_su_76m_1943_0;"<color=#81c3fc>Kirovskij mašinostroityel'nyj zavod № 38 im. 1 Maâ (NKTP)</color>
␗ SU-76 Zìxíng Huopào"
cn_su_76m_1943_1;␗ SU-76
cn_su_76m_1943_2;SPG

cn_type_95_ha_go_shop;☀ Ha-Gō (late) (94 Shiki)
cn_type_95_ha_go_0;"☀ 95 Shiki Kei Sensha Ha-Gō
<color=#adadad>(late) (94 Shiki)</color>"
cn_type_95_ha_go_1;☀ Ha-Gō
cn_type_95_ha_go_2;Light Tank

//CHINA GROUND VEHICLES - VEHICLE/FAMILY START: RANK 2
cn_m3a3_stuart_shop;☀ M3A3
cn_m3a3_stuart_0;"<color=#81c3fc>United States Army Ordnance Department</color>
☀ M3A3 Qīngxíng Zhànchē"
cn_m3a3_stuart_1;☀ M3A3
cn_m3a3_stuart_2;Light Tank

cn_m3a3_stuart_1st_ptg_shop;☀ M3A3 (Dì 1 Lín Zhàn Tuán)
cn_m3a3_stuart_1st_ptg_0;"<color=#81c3fc>United States Army Ordnance Department</color>
☀ M3A3 Qīngxíng Zhànchē
<color=@currencyGoldColor>Dì 1 Línshí Zhànchē Tuán</color>"
cn_m3a3_stuart_1st_ptg_1;☀ M3A3
cn_m3a3_stuart_1st_ptg_2;Light Tank

cn_m5a1_stuart_shop;☀ M5A1
cn_m5a1_stuart_0;"<color=#81c3fc>United States Army Ordnance Department</color>
☀ M5A1 Qīngxíng Zhànchē"
cn_m5a1_stuart_1;☀ M5A1
cn_m5a1_stuart_2;Light Tank

cn_m24_chaffee_shop;☀ M24
cn_m24_chaffee_0;"<color=#81c3fc>United States Army Ordnance Department <color=@commonTextColor>+</color> Cadillac Motor Car Division</color>
☀ M24 Zhànchē"
cn_m24_chaffee_1;☀ M24
cn_m24_chaffee_2;Light Tank

cn_m4a4_sherman_shop;☀ M4A4
cn_m4a4_sherman_0;"<color=#81c3fc>United States Army Ordnance Department</color>
☀ M4A4 Zhōngxíng Zhànchē"
cn_m4a4_sherman_1;☀ M4A4
cn_m4a4_sherman_2;Medium Tank

cn_m4a4_sherman_1st_ptg_shop;☀ M4A4 (Dì 1 Lín Zhàn Tuán)
cn_m4a4_sherman_1st_ptg_0;"<color=#81c3fc>United States Army Ordnance Department</color>
☀ M4A4 Zhōngxíng Zhànchē
<color=@currencyGoldColor>Dì 1 Línshí Zhànchē Tuán</color>"
cn_m4a4_sherman_1st_ptg_1;☀ M4A4
cn_m4a4_sherman_1st_ptg_2;Medium Tank

cn_m4a1_76w_sherman_shop;☀ M4A1
cn_m4a1_76w_sherman_0;"<color=#81c3fc>United States Army Ordnance Department</color>
☀ M4A1 Zhōngxíng Zhànchē"
cn_m4a1_76w_sherman_1;☀ M4A1
cn_m4a1_76w_sherman_2;Medium Tank

cn_gmc_cckw_353_m45_quad_shop;Jì Mu Xī 10 Lún (M45C)
cn_gmc_cckw_353_m45_quad_0;"<color=#81c3fc>GMC Truck and Coach Division</color>
Jì Mu Xī 10 Lún Dà Kachē
<color=#adadad>(Mount, Gun: Multiple Caliber .50 Machine Gun, M45C)</color>"
cn_gmc_cckw_353_m45_quad_1;Jì Mu Xī 10 Lún (M45C)
cn_gmc_cckw_353_m45_quad_2;SPAAG

cn_lvt_4_zis_2_shop;␗ LVT (ZiS-2)
cn_lvt_4_zis_2_0;"<color=#81c3fc>Food Machinery Corporation</color>
␗ LVT Shuilù Tankè
<color=#adadad>(ZiS-2 obr. 1941 g.)</color>"
cn_lvt_4_zis_2_1;␗ LVT
cn_lvt_4_zis_2_2;SPG

cn_m10_shop;☀ M10
cn_m10_0;"<color=#81c3fc>United States Army Ordnance Department</color>
☀ M10 Qūzhú Pào Chē"
cn_m10_1;☀ M10
cn_m10_2;Tank Destroyer

//CHINA GROUND VEHICLES - VEHICLE/FAMILY START: RANK 3
cn_object_211_shop;211 (4 Hào) (63 Shì)
cn_object_211_0;"<color=#81c3fc>Xīnán Chēliàng Zhìzào Chang</color>
211 Shuilù Tankè
<color=#adadad>(Yàng Chē 4 Hào) (1963 Nián Shì 85 Háomi Tankè Pào)</color>"
cn_object_211_1;211
cn_object_211_2;Light Tank

cn_pt_76_shop;␗ PT-76
cn_pt_76_0;"<color=#81c3fc>Vsyerossijskij naučno-isslyedovatyel'skij institut transportnogo
mašinostroyeniâ (VNII-100)</color>
<color=#5cae63>Ob""yekt 740</color>
␗ PT-76 obr. 1953 g."
cn_pt_76_1;␗ PT-76
cn_pt_76_2;Light Tank

cn_t_34_1942_shop;␗ Tè 34 (1942)
cn_t_34_1942_0;"<color=#81c3fc>Ural'skij tankovyj zavod № 183 im. Stalina (UTZ)</color>
␗ Tè 34 Zhōngxíng Tankè
<color=#adadad>(1942)</color>"
cn_t_34_1942_1;␗ Tè 34
cn_t_34_1942_2;Medium Tank

cn_t_34_85_d_5t_shop;␗ Tè 34 (1944)
cn_t_34_85_d_5t_0;"<color=#81c3fc>Ural'skij tankovyj zavod № 183 im. Stalina (UTZ)</color>
␗ Tè 34 Zhōngxíng Tankè
<color=#adadad>(1944)</color>"
cn_t_34_85_d_5t_1;␗ Tè 34 (1944)
cn_t_34_85_d_5t_2;Medium Tank

cn_type_58_shop;␗ Tè 34 (1960)
cn_type_58_0;"<color=#81c3fc>Ural'skij tankovyj zavod № 183 im. Stalina (UTZ) <color=@commonTextColor>/</color> Guóyíng Hā'ěrbīn Dì Yī
Jīqì Zhìzào Chang (Guóyíng Dì 674 Chang)</color>
␗ Tè 34 Zhōngxíng Tankè
<color=#adadad>(1960)</color>"
cn_type_58_1;␗ Tè 34 (1960)
cn_type_58_2;Medium Tank

cn_t_34_85_zis_53_no215_shop;␗ Tè 34 (1944) (Tankè Dì 2 Shī)
cn_t_34_85_zis_53_no215_0;"<color=#81c3fc>Ural'skij tankovyj zavod № 183 im. Stalina (UTZ)</color>
␗ Tè 34 Zhōngxíng Tankè
<color=#adadad>(1944)</color>
<color=@currencyGoldColor>Tankè Dì 2 Shī</color>"
cn_t_34_85_zis_53_no215_1;␗ Tè 34 (1944)
cn_t_34_85_zis_53_no215_2;Medium Tank

cn_m42_duster_shop;☀ M42
cn_m42_duster_0;"<color=#81c3fc>GM Defense</color>
☀ M42 Fángkōng Pàochē"
cn_m42_duster_1;☀ M42
cn_m42_duster_2;SPAAG

cn_type_65_aa_shop;A24
cn_type_65_aa_0;"<color=#81c3fc>Nhà Máy Q153</color>
Xe Phòng Không Too Hành 2 Nòng 37mm, A24"
cn_type_65_aa_1;A24
cn_type_65_aa_2;SPAAG

cn_m55_shop;☀ M55
cn_m55_0;"<color=#81c3fc>Pacific Car and Foundry Company</color>
☀ M55 Zì Zou Pào"
cn_m55_1;☀ M55
cn_m55_2;SPH

cn_isu_152_shop;␗ ISU-152
cn_isu_152_0;"<color=#81c3fc>Vsyerossijskij naučno-isslyedovatyel'skij institut transportnogo
mašinostroyeniâ (VNII-100)</color>
␗ ISU-152 Zìxíng Huopào"
cn_isu_152_1;␗ ISU-152
cn_isu_152_2;SPG

cn_m36_shop;☀ M36
cn_m36_0;"<color=#81c3fc>United States Army Ordnance Department</color>
☀ M36 Qūzhú Pào Chē"
cn_m36_1;☀ M36
cn_m36_2;Tank Destroyer

cn_isu_122_shop;␗ ISU-122
cn_isu_122_0;"<color=#81c3fc>Vsyerossijskij naučno-isslyedovatyel'skij institut transportnogo
mašinostroyeniâ (VNII-100)</color>
␗ ISU-122 Zìxíng Huopào"
cn_isu_122_1;␗ ISU-122
cn_isu_122_2;SPG

cn_m41_a3_walker_bulldog_shop;☀ M41A3
cn_m41_a3_walker_bulldog_0;"<color=#81c3fc>Cadillac Motor Car Division</color>
☀ M41A3 Zhànchē ""Huákè Mengquan"""
cn_m41_a3_walker_bulldog_1;☀ M41
cn_m41_a3_walker_bulldog_2;Light Tank

cn_m_41d_shop;☀ M41D
cn_m_41d_0;"<color=#81c3fc>Cadillac Motor Car Division <color=@commonTextColor>/</color> Lùjūn Bīng Gōng Zhěngbèi Fāzhan
Zhōngxīn</color>
☀ M41D Zhànchē ""Huákè Mengquan"""
cn_m_41d_1;☀ M41D
cn_m_41d_2;Light Tank

//CHINA GROUND VEHICLES - VEHICLE/FAMILY START: RANK 4
cn_m18_hellcat_shop;☀ M18
cn_m18_hellcat_0;"<color=#81c3fc>General Motors' Buick Motor Division</color>
☀ M18 Qūzhú Pào Chē"
cn_m18_hellcat_1;☀ M18
cn_m18_hellcat_2;Light Tank

cn_type_63_I_shop;ZTS63
cn_type_63_I_0;"<color=#81c3fc>Guóyíng Chóngqìng Kōngqì Yāsuō Jī Chang (Guóyíng Dì 256 Chang)</color>
<color=#5cae63>WZ211</color>
<color=#919191>1963 Nián Shì Shuilù Tankè</color>
ZTS1963 Shì Shuilù Tankè"
cn_type_63_I_1;ZTS63
cn_type_63_I_2;Light Tank

cn_zts_63_1980_shop;ZTS63 (1979)
cn_zts_63_1980_0;"<color=#81c3fc>Guóyíng Chóngqìng Kōngqì Yāsuō Jī Chang (Guóyíng Dì 256 Chang)</color>
<color=#5cae63>WZ211</color>
<color=#919191>1963 Nián Shì Shuilù Tankè</color>
ZTS1963 Shì Shuilù Tankè
<color=#adadad>(1979)</color>"
cn_zts_63_1980_1;ZTS63
cn_zts_63_1980_2;Light Tank

cn_type_62_shop;ZTQ62
cn_type_62_0;"<color=#81c3fc>Guóyíng Hā'ěrbīn Dì Yī Jīqì Zhìzào Chang (Guóyíng Dì 674 Chang)</color>
<color=#5cae63>WZ131</color>
<color=#919191>1962 Nián Shì Qīngxíng Tankè</color>
ZTQ1962 Shì Qīngxíng Tankè"
cn_type_62_1;ZTQ62
cn_type_62_2;Light Tank

cn_is_2_1943_shop;␗ Sī 2 (1943)
cn_is_2_1943_0;"<color=#81c3fc>Kirovskij zavod narkomtankoproma v g. Čyelâbinskye (ČKZ)</color>
␗ Sī 2 Zhòngxíng Tankè
<color=#adadad>(1943)</color>"
cn_is_2_1943_1;␗ Sī 2
cn_is_2_1943_2;Heavy Tank

cn_is_2_1944_shop;␗ Sī 2 (1944)
cn_is_2_1944_0;"<color=#81c3fc>Kirovskij zavod narkomtankoproma v g. Čyelâbinskye (ČKZ)</color>
␗ Sī 2 Zhòngxíng Tankè
<color=#adadad>(1944)</color>"
cn_is_2_1944_1;␗ Sī 2
cn_is_2_1944_2;Heavy Tank

cn_is_2_1943_no402_shop;␗ Sī 2 (1943) (Tankè Dì 3 Shī)
cn_is_2_1943_no402_0;"<color=#81c3fc>Kirovskij zavod narkomtankoproma v g. Čyelâbinskye (ČKZ)</color>
␗ Sī 2 Zhòngxíng Tankè
<color=#adadad>(1943)</color>
<color=@currencyGoldColor>Tankè Dì 3 Shī</color>"
cn_is_2_1943_no402_1;␗ Sī 2
cn_is_2_1943_no402_2;Heavy Tank

cn_zsd63_pg87_shop;ZSD63B (PG87)
cn_zsd63_pg87_0;"<color=#81c3fc>Zhōngguó Bīngqì Gōngyè Jítuán Youxiàn Gōngsī</color>
<color=#5cae63>WZ531</color>
<color=#919191>1963 Nián 2 Shì Lüdài Zhuāngjia Shūsòng Chē</color>
ZSD1963B Shì Lüdài Zhuāngjia Shūsòng Chē
<color=#adadad>(PG1987 Shì Shuāng Guan 25 Háomi Gāoshè Jīguān Pào)</color>"
cn_zsd63_pg87_1;ZSD63B (PG87)
cn_zsd63_pg87_2;SPAAG

cn_zsl_92_shop;ZSL92
cn_zsl_92_0;"<color=#81c3fc>Zhōngguó Bīngqì Gōngyè Jítuán Youxiàn Gōngsī</color>
<color=#5cae63>WZ551A</color>
ZSL1992 Shì Zhuāngjia Shūsòng Chē"
cn_zsl_92_1;ZSL92
cn_zsl_92_2;Light Tank

cn_su_100_1945_shop;␗ SU-100
cn_su_100_1945_0;"<color=#81c3fc>Ural'skij zavod tâžëlogo mašinostroyeniâ im. S. Ordžonikidzye (UZTM)</color>
␗ SU-100 Zìxíng Huopào"
cn_su_100_1945_1;␗ SU-100
cn_su_100_1945_2;SPG

cn_plz_83_shop;PLZ83
cn_plz_83_0;"<color=#81c3fc>Guóyíng Hā'ěrbīn Dì Yī Jīqì Zhìzào Chang (Guóyíng Dì 674 Chang)</color>
<color=#919191>1983 Nián Shì 155 Háomi Zìxíng Jiā Liúpào</color>
PLZ1983 Shì 155 Háomi Zìxíng Jiā Liúpào"
cn_plz_83_1;PLZ83
cn_plz_83_2;SPG

cn_type_64_shop;64 Shì
cn_type_64_0;"<color=#81c3fc>Lùjūn Gōngyìng Sīlìng Bù Bīng Gōng Shu</color>
64 Shì Zhànchē"
cn_type_64_1;64 Shì
cn_type_64_2;Light Tank

cn_wz_141_shop;141 (1 Hào)
cn_wz_141_0;"<color=#81c3fc>Zhuāngjiabīng Mou Yánjiū Suo</color>
141 Chāo Qīngxíng Fan Tankè Zhàn Chē
<color=#adadad>(Yàngchē 1 Hào)</color>"
cn_wz_141_1;141
cn_wz_141_2;Light Tank

//CHINA GROUND VEHICLES - VEHICLE/FAMILY START: RANK 5
cn_type_86_shop;ZBD86 (2020)
cn_type_86_0;"<color=#81c3fc>Čyelâbinskij traktornyj zavod im. V. I. Lyenina <color=@commonTextColor>/</color> Zhōngguó Bīngqì Gōngyè
Jítuán Youxiàn Gōngsī</color>
<color=#5cae63>WZ501</color>
<color=#919191>1986 Nián Shì Lüdài Bùbīng Zhàn Chē</color>
ZBD1986 Shì Lüdài Bùbīng Zhàn Chē
<color=#adadad>(2020)</color>"
cn_type_86_1;ZBD86
cn_type_86_2;Light Tank

cn_m48a1_patton_III_shop;☀ M48A1
cn_m48a1_patton_III_0;"<color=#81c3fc>Chrysler Defense Engineering</color>
☀ M48A1 Zhànchē"
cn_m48a1_patton_III_1;☀ M48
cn_m48a1_patton_III_2;Medium Tank

cn_type_59_shop;ZTZ59
cn_type_59_0;"<color=#81c3fc>Ural'skij vagonostroityel'nyj zavod im. I. V. Stalina <color=@commonTextColor>/</color> Nèiménggu Dì Yī
Jīxiè Zhìzào Chang (Guóyíng Dì 617 Chang)</color>
<color=#5cae63>WZ120</color>
<color=#919191>1959 Nián Shì Zhōngxíng Tankè</color>
ZTZ1959 Shì Zhōngxíng Tankè"
cn_type_59_1;ZTZ59
cn_type_59_2;Medium Tank

cn_ztz_59a_shop;ZTZ59A
cn_ztz_59a_0;"<color=#81c3fc>Ural'skij vagonostroityel'nyj zavod im. I. V. Stalina <color=@commonTextColor>/</color> Nèiménggu Dì Yī
Jīxiè Zhìzào Chang (Guóyíng Dì 617 Chang)</color>
<color=#5cae63>WZ120A</color>
<color=#919191>1959 Nián 1 Shì Zhōngxíng Tankè</color>
ZTZ1959A Shì Zhōngxíng Tankè"
cn_ztz_59a_1;ZTZ59
cn_ztz_59a_2;Medium Tank

cn_type_59d_shop;ZTZ59D1
cn_type_59d_0;"<color=#81c3fc>Ural'skij vagonostroityel'nyj zavod im. I. V. Stalina <color=@commonTextColor>/</color> Nèiménggu Dì Yī
Jīxiè Zhìzào Chang (Guóyíng Dì 617 Chang)</color>
<color=#5cae63>WZ120C</color>
ZTZ1959D1 Shì Zhōngxíng Tankè"
cn_type_59d_1;ZTZ59
cn_type_59d_2;Medium Tank

cn_type_69_shop;ZTZ69
cn_type_69_0;"<color=#81c3fc>Nèiménggu Dì Yī Jīxiè Zhìzào Chang (Guóyíng Dì 617 Chang)</color>
<color=#5cae63>WZ121</color>
<color=#919191>1969 Nián Shì Zhōngxíng Tankè</color>
ZTZ1969 Shì Zhōngxíng Tankè"
cn_type_69_1;ZTZ69
cn_type_69_2;Medium Tank

cn_type_69_2a_shop;69-II
cn_type_69_2a_0;"<color=#81c3fc>Nèiménggu Dì Yī Jīxiè Zhìzào Chang (Guóyíng Dì 617 Chang)</color>
<color=#5cae63>BW121A</color>
69-II Zhu Zhàn Tankè"
cn_type_69_2a_1;69-II
cn_type_69_2a_2;Medium Tank

cn_pgz_88_shop;PGZ88
cn_pgz_88_0;"<color=#81c3fc>Zhōngguó Bīngqì Gōngyè Jítuán Youxiàn Gōngsī 37 mm Twin-Barrel Self-Propelled Gun</color>
PGZ1988 Shì Shuāng Guan 37 Háomi Lüdài Shì Zì Háng Gāo Pào"
cn_pgz_88_1;PGZ88
cn_pgz_88_2;SPAAG

cn_wz_305_shop;80 Shì
cn_wz_305_0;"<color=#81c3fc>Zhōngguó Bīngqì Gōngyè Jítuán Youxiàn Gōngsī</color>
<color=#5cae63>W305</color>
1980 Nián Shì Shuāng Guan 57 Háomi Zì Háng Gāoshè Pào"
cn_wz_305_1;80 Shì
cn_wz_305_2;SPAAG

cn_plz_05_shop;PLZ05
cn_plz_05_0;"<color=#81c3fc>Zhōngguó Bīngqì Gōngyè Jítuán Youxiàn Gōngsī</color>
PLZ2005 Shì 155 Háomi Zìxíng Jiā Liúpào"
cn_plz_05_1;PLZ05
cn_plz_05_2;SPH

cn_m113a1_tow_shop;☀ M113A1 (M233)
cn_m113a1_tow_0;"<color=#81c3fc>FMC Corporation</color>
☀ M113A1 Zhànjia Chē
<color=#adadad>(Launcher, Tubular, Guided Missile, M233)</color>"
cn_m113a1_tow_1;☀ M113A1
cn_m113a1_tow_2;ATMC

cn_plz_83_130_shop;130 mm SP GH
cn_plz_83_130_0;"<color=#81c3fc>Zhōngguó Bīngqì Gōngyè Jítuán Youxiàn Gōngsī 130 mm Self-Propelled
Gun-Howitzer</color>"
cn_plz_83_130_1;130 mm SP GH
cn_plz_83_130_2;SPG

//CHINA GROUND VEHICLES - VEHICLE/FAMILY START: RANK 6
cn_m60a3_tts_shop;☀ M60A3
cn_m60a3_tts_0;"<color=#81c3fc>Chrysler Defense Engineering</color>
☀ M60A3 Zhànchē"
cn_m60a3_tts_1;☀ M60A3
cn_m60a3_tts_2;MBT

cn_cm11_shop;CM11
cn_cm11_0;"<color=#81c3fc>Chrysler Defense Engineering <color=@commonTextColor>/</color> Lùjūn Bīng Gōng Zhěngbèi Fāzhan
Zhōngxīn</color>
CM11 Zhànchē ""Yong Hu"""
cn_cm11_1;CM11
cn_cm11_2;MBT

cn_ztz_88b_shop;ZTZ88B
cn_ztz_88b_0;"<color=#81c3fc>Zhōngguó Bīngqì Gōngyè Jítuán Youxiàn Gōngsī</color>
<color=#5cae63>WZ122E</color>
ZTZ1988B Shì Zhu Zhàn Tankè"
cn_ztz_88b_1;ZTZ88B
cn_ztz_88b_2;MBT

cn_ztz_88a_shop;ZTZ88A
cn_ztz_88a_0;"<color=#81c3fc>Zhōngguó Bīngqì Gōngyè Jítuán Youxiàn Gōngsī</color>
<color=#5cae63>WZ122G</color>
ZTZ1988A Shì Zhu Zhàn Tankè"
cn_ztz_88a_1;ZTZ88A
cn_ztz_88a_2;MBT

cn_ztz_96_shop;ZTZ96
cn_ztz_96_0;"<color=#81c3fc>Zhōngguó Bīngqì Gōngyè Jítuán Youxiàn Gōngsī</color>
<color=#5cae63>WZ122H</color>
<color=#919191>ZTZ1988C Shì Zhu Zhàn Tankè</color>
ZTZ1996 Shì Zhu Zhàn Tankè"
cn_ztz_96_1;ZTZ96
cn_ztz_96_2;MBT

cn_ztz_96a_shop;ZTZ96A
cn_ztz_96a_0;"<color=#81c3fc>Zhōngguó Bīngqì Gōngyè Jítuán Youxiàn Gōngsī</color>
<color=#5cae63>WZ122R</color>
ZTZ1996A Shì Zhu Zhàn Tankè"
cn_ztz_96a_1;ZTZ96
cn_ztz_96a_2;MBT

cn_ztz_96a_race_shop;ZTZ96A
cn_ztz_96a_race_0;"<color=#81c3fc>Zhōngguó Bīngqì Gōngyè Jítuán Youxiàn Gōngsī</color>
<color=#5cae63>WZ122R</color>
ZTZ1996A Shì Zhu Zhàn Tankè"
cn_ztz_96a_race_1;ZTZ96
cn_ztz_96a_race_2;MBT

cn_ztz_96a_prot_shop;WZ122R (2 Hào)
cn_ztz_96a_prot_0;"<color=#81c3fc>Zhōngguó Bīngqì Gōngyè Jítuán Youxiàn Gōngsī</color>
<color=#5cae63>WZ122R</color>
<color=@currencyGoldColor>Yàngchē 2 Hào</color>"
cn_ztz_96a_prot_1;WZ122R
cn_ztz_96a_prot_2;MBT

cn_ztz_96b_shop;ZTZ96B (2017)
cn_ztz_96b_0;"<color=#81c3fc>Zhōngguó Bīngqì Gōngyè Jítuán Youxiàn Gōngsī</color>
<color=#5cae63>WZ122</color>
ZTZ1996B Shì Zhǔ Zhàn Tankè
<color=#adadad>(2017)</color>"
cn_ztz_96b_1;ZTZ96B
cn_ztz_96b_2;MBT

cn_pgz_09_shop;PGZ09
cn_pgz_09_0;"<color=#81c3fc>Zhōngguó Bīngqì Gōngyè Jítuán Youxiàn Gōngsī</color>
<color=#5cae63>WA3001</color>
PGZ2009 Shì Shuāng 35 Háomi Zì Háng Gāo Pào"
cn_pgz_09_1;PGZ09
cn_pgz_09_2;SPAAG

cn_pgz_04a_shop;PGZ04A
cn_pgz_04a_0;"<color=#81c3fc>Zhōngguó Bīngqì Gōngyè Jítuán Youxiàn Gōngsī</color>
<color=#5cae63>WA717A</color>
PGZ2004A Shì Sì Guan 25 Háomi Lüdài Zì Háng Gāo Pào"
cn_pgz_04a_1;PGZ04A
cn_pgz_04a_2;SPAAG/M

cn_cm_25_shop;CM25
cn_cm_25_0;"<color=#81c3fc>Lùjūn Bīng Gōng Zhěngbèi Fāzhan Zhōngxīn</color>
CM25 Tuō Shì Fēidàn Chē"
cn_cm_25_1;CM25
cn_cm_25_2;ATMC

cn_ptz_89_shop;PTZ89
cn_ptz_89_0;"<color=#81c3fc>Zhōngguó Bīngqì Gōngyè Jítuán Youxiàn Gōngsī</color>
<color=#5cae63>WA371</color>
PTZ1989 Shì 120 Háomi Zìxíng Fan Tankè Pào"
cn_ptz_89_1;PTZ89
cn_ptz_89_2;SPG

cn_ptl_02_shop;PTL02
cn_ptl_02_0;"<color=#81c3fc>Zhōngguó Bīngqì Gōngyè Jítuán Youxiàn Gōngsī</color>
<color=#5cae63>WA301</color>
PTL2002 Shì 100 Háomi Lún Shì Zìxíng Tújí Pào"
cn_ptl_02_1;PTL02
cn_ptl_02_2;Light Tank

cn_hj_9_shop;AFT09
cn_hj_9_0;"<color=#81c3fc>Zhōngguó Bīngqì Gōngyè Jítuán Youxiàn Gōngsī</color>
<color=#7ce68f>HJ-9</color>
AFT09 Zhòngxíng Fan Tankè Daodàn Fāshè Chē"
cn_hj_9_1;AFT09
cn_hj_9_2;ATMC

cn_cm_34_shop;CM34
cn_cm_34_0;"<color=#81c3fc>Timoney Technology <color=@commonTextColor>+</color> Gōngyè Jìshù Yán Jiù Yuàn</color>
CM34 Lún Xíng Zhàndòu Chē"
cn_cm_34_1;CM34
cn_cm_34_2;Light Tank

cn_object_122tm_shop;1221 (302)
cn_object_122tm_0;"<color=#81c3fc>Nèiménggu Dì Yī Jīxiè Chang</color>
<color=#ff8c80>2 4 Huìzhàn Bàngōngshì</color>
1221 Zhōngxíng Tankè
<color=#adadad>(302 Fan Tankè Daodàn)</color>"
cn_object_122tm_1;1221
cn_object_122tm_2;Medium Tank

cn_wma_301_shop;WMA301
cn_wma_301_0;"<color=#81c3fc>Zhōngguó Bīngqì Gōngyè Jítuán Youxiàn Gōngsī</color>
WMA301 Xíng 105 Háomi Lún Shì Zìxíng Tújí Pào"
cn_wma_301_1;WMA301
cn_wma_301_2;Light Tank

cn_type_69_2g_shop;Ṭi-69 II Ji
cn_type_69_2g_0;"<color=#81c3fc>Nèiménggu Dì Yī Jīxiè Zhìzào Chang <color=@commonTextColor>/</color> 902 Sēnṭrāl Ōyārkśap IĒmI</color>
Sājōyā Ṭānk Ṭi-69 II Ji"
cn_type_69_2g_1;Ṭi-69 II
cn_type_69_2g_2;Armored Tank

cn_t_62_shop;␗ T-62 (57-go Po.)
cn_t_62_0;"<color=#81c3fc>Opytno-konstruktorskoye bûro № 520</color>
<color=#5cae63>Ob""yekt 166</color>
␗ T-62 obr. 1964 g.
<color=@currencyGoldColor>57-go Pogranotryada</color>"
cn_t_62_1;␗ T-62
cn_t_62_2;Medium Tank

//CHINA GROUND VEHICLES - VEHICLE/FAMILY START: RANK 7
cn_mbt2000_shop;MBT-2000
cn_mbt2000_0;"<color=#81c3fc>Zhōngguó Bīngqì Gōngyè Jítuán Youxiàn Gōngsī</color>
<color=#5cae63>BW123A</color>
MBT-2000 Zhu Zhàn Tankè"
cn_mbt2000_1;MBT-2000
cn_mbt2000_2;MBT

cn_mbt2000_sm_shop;Líng's MBT-2000
cn_mbt2000_sm_0;"<color=#81c3fc>Zhōngguó Bīngqì Gōngyè Jítuán Youxiàn Gōngsī</color>
<color=#5cae63>BW123A</color>
MBT-2000 Zhu Zhàn Tankè
<color=@currencyGoldColor>Líng's</color>"
cn_mbt2000_sm_1;MBT-2000
cn_mbt2000_sm_2;MBT

cn_vt_4_shop;VT4
cn_vt_4_0;"<color=#81c3fc>Zhōngguó Bīngqì Gōngyè Jítuán Youxiàn Gōngsī</color>
VT4 Zhu Zhàn Tankè"
cn_vt_4_1;VT4
cn_vt_4_2;MBT

cn_vt_4b_shop;VT4A1
cn_vt_4b_0;"<color=#81c3fc>Zhōngguó Bīngqì Gōngyè Jítuán Youxiàn Gōngsī</color>
VT4A1 Zhu Zhàn Tankè"
cn_vt_4b_1;VT4A1
cn_vt_4b_2;MBT

cn_ztz_99_shop;ZTZ99 (1 Qí)
cn_ztz_99_0;"<color=#81c3fc>Zhōngguó Bīngqì Gōngyè Jítuán Youxiàn Gōngsī</color>
<color=#5cae63>WZ123</color>
ZTZ1999 Shì Zhu Zhàn Tankè
<color=#adadad>(1 Qí)</color>"
cn_ztz_99_1;ZTZ99
cn_ztz_99_2;MBT

cn_ztz_99_w_shop;ZTZ99 (2 Qí)
cn_ztz_99_w_0;"<color=#81c3fc>Zhōngguó Bīngqì Gōngyè Jítuán Youxiàn Gōngsī</color>
<color=#5cae63>WZ123B</color>
ZTZ1999 Shì Zhu Zhàn Tankè
<color=#adadad>(2 Qí)</color>"
cn_ztz_99_w_1;ZTZ99
cn_ztz_99_w_2;MBT

cn_ztz_99a_shop;ZTZ99A (2014)
cn_ztz_99a_0;"<color=#81c3fc>Zhōngguó Bīngqì Gōngyè Jítuán Youxiàn Gōngsī</color>
<color=#5cae63>WZ1001</color>
ZTZ1999A Shì Zhu Zhàn Tankè
<color=#adadad>(2014)</color>"
cn_ztz_99a_1;ZTZ99
cn_ztz_99a_2;MBT

cn_antelope_tc_1l_ads_shop;Jiàn 1 Fáng Fēi Xì
cn_antelope_tc_1l_ads_0;"<color=#81c3fc>Guójiā Zhōngshān Kēxué Yán Jiù Yuàn</color>
Chēzai Jiàn 1 Fángkōng Fēidàn Xìtong"
cn_antelope_tc_1l_ads_1;Jiàn 1 Fáng Fēi Xì
cn_antelope_tc_1l_ads_2;SPAAM

cn_ztl_11_shop;ZLT11
cn_ztl_11_0;"<color=#81c3fc>Zhōngguó Bīngqì Gōngyè Jítuán Youxiàn Gōngsī</color>
ZLT2011 Shì Lún Shì Zhuāngjia Tújí Chē"
cn_ztl_11_1;ZLT11
cn_ztl_11_2;Light Tank

cn_zbd_04a_shop;ZBD04A
cn_zbd_04a_0;"<color=#81c3fc>Zhōngguó Bīngqì Gōngyè Jítuán Youxiàn Gōngsī</color>
<color=#5cae63>WZ502G</color>
ZBD2004A Shì Lüdài Bùbīng Zhànchē"
cn_zbd_04a_1;ZBD04A
cn_zbd_04a_2;IFV

cn_qn506_shop;QN506
cn_qn506_0;"<color=#81c3fc>Wuhàn Gāo Dé Hóngwài</color>
QN506 Duō Wuqì Zhàn Dou Chēliàng"
cn_qn506_1;QN506
cn_qn506_2;IFV

cn_vt_5_shop;╷ Bhiṭi-5
cn_vt_5_0;"<color=#81c3fc>Zhōngguó Bīngqì Gōngyè Jítuán Youxiàn Gōngsī</color>
╷ Sājōyā Bhiṭi-5 Lāiṭa Ōyēṭa Mēin Bāṭēl Ṭānk"
cn_vt_5_1;╷ Bhiṭi-5
cn_vt_5_2;Light MBT

cn_t_80ud_478be_shop;☪ T-80UD (DU1)
cn_t_80ud_478be_0;"<color=#81c3fc>Kharkìvs'kye konstruktors'kye bûro z mašinobuduvannâ ìm. O. O.
Morozova <color=@commonTextColor>/</color> Kharkìvs'kij zavod transportnogo mašinobuduvannâ ìm. V. O.
Mališyeva</color>
<color=#5cae63>Ob'êkt 478DU1</color>
☪ T-80UD Byeryeza"
cn_t_80ud_478be_1;☪ T-80UD
cn_t_80ud_478be_2;MBT

cn_al_khalid_1_shop;al-Khālid I
cn_al_khalid_1_0;"<color=#81c3fc>Zhōngguó Běifāng Gōngyè Gōngsī <color=@commonTextColor>/</color> Hēvī Inḍasṭrīz Ṭaksalā</color>
al-Khālid I Ṭaink"
cn_al_khalid_1_1;al-Khālid I
cn_al_khalid_1_2;MBT

//CHINA GROUND VEHICLES - VEHICLE/FAMILY START: RANK 8
cn_wz_1001_shop;WZ123A(Y)
cn_wz_1001_0;"<color=#81c3fc>Zhōngguó Bīngqì Gōngyè Jítuán Youxiàn Gōngsī</color>
<color=#5cae63>WZ123A(Y)</color>"
cn_wz_1001_1;WZ123A
cn_wz_1001_2;MBT

cn_m1a2t_shop;☀ M1A2T
cn_m1a2t_0;"<color=#81c3fc>General Dynamics Land Systems</color>
☀ M1A2T Zhànchē"
cn_m1a2t_1;☀ M1A2T
cn_m1a2t_2;MBT

cn_tor_m1_shop;␗ 9A331-1
cn_tor_m1_0;"<color=#81c3fc>Naučno-proizvodstvyennoye ob""yedinyeniye Antyej</color>
␗ Boyevaâ mašina 9A331-1"
cn_tor_m1_1;␗ 9A331-1
cn_tor_m1_2;SPAA

cn_hq_17_shop;ADK17
cn_hq_17_0;"<color=#81c3fc>Zhōngguó Jīngmì Jīxiè Jìn Chūkou Zong Gōngsī</color>
<color=#7ce68f>HQ-17</color>
ADK17 Dì Duì Kōng Daodàn Xìtong"
cn_hq_17_1;ADK17
cn_hq_17_2;SPAAM

cn_pgz_625_fb10_shop;CS/SA5 (2022)
cn_pgz_625_fb10_0;"<color=#81c3fc>Zhōngguó Nánfāng Gōngyè Jítuán Gōngsī <color=@commonTextColor>+</color> Zhōngguó Bīngqì Gōngyè
Jítuán Youxiàn Gōngsī</color>
CS/SA5 Xíng 30 Háomi Lún Shì Zì Xíng Gāo Pào
<color=#adadad>(2022)</color>"
cn_pgz_625_fb10_1;CS/SA5
cn_pgz_625_fb10_2;SPAAG/M

cn_hq_11_shop;ADK11
cn_hq_11_0;"<color=#81c3fc>Zhōngguó Gángtiān Kē Gōng Jítuán Youxiàn Gōngsī</color>
<color=#7ce68f>HQ-11</color>
ADK11 Tōngyòng Mòduān Fángyù Wuqì Xìtong"
cn_hq_11_1;ADK11
cn_hq_11_2;SPAAM

cn_oplot_t_shop;☪ BM Oplot-M
cn_oplot_t_0;"<color=#81c3fc>Kharkìvs'kye konstruktors'kye bûro z mašinobuduvannâ ìm. O. O.
Morozova</color>
<color=#5cae63>Ob'êkt 478DU9-1</color>
☪ Bojova mašina Oplot-M"
cn_oplot_t_1;☪ BM Oplot-M
cn_oplot_t_2;MBT

//CHINA COASTAL FLEET - VEHICLE/FAMILY START: RANK 1

//CHINA COASTAL FLEET - VEHICLE/FAMILY START: RANK 2

//CHINA COASTAL FLEET - VEHICLE/FAMILY START: RANK 3

//CHINA COASTAL FLEET - VEHICLE/FAMILY START: RANK 4

//CHINA COASTAL FLEET - VEHICLE/FAMILY START: RANK 5

//CHINA BLUEWATER FLEET - VEHICLE/FAMILY START: RANK 1

//CHINA BLUEWATER FLEET - VEHICLE/FAMILY START: RANK 2

//CHINA BLUEWATER FLEET - VEHICLE/FAMILY START: RANK 3

//CHINA BLUEWATER FLEET - VEHICLE/FAMILY START: RANK 4

//CHINA BLUEWATER FLEET - VEHICLE/FAMILY START: RANK 5

//CHINA BLUEWATER FLEET - VEHICLE/FAMILY START: RANK 6

//ITALY AIRCRAFT - VEHICLE/FAMILY START: RANK 1
re_2000_ga_ep_shop;Re.2000 GA III (377ª Sq.)
re_2000_ga_ep_0;"Re.2000 Grande Autonomia serie III Falco I
<color=@currencyGoldColor>377ª Squadriglia</color>"
re_2000_ga_ep_1;Re.2000
re_2000_ga_ep_2;Re.2000

fiat_cr42_marcolin_italy_shop;Marcolin's CR.42CN
fiat_cr42_marcolin_italy_0;"CR.42CN
<color=@currencyGoldColor>Luciano Marcolin's</color>"
fiat_cr42_marcolin_italy_1;CR.42CN
fiat_cr42_marcolin_italy_2;CR.42

ba_65_k14_l_shop;Ba. 65 (K-14fc) (L)
ba_65_k14_l_0;"<color=#81c3fc>Società Italiana Ernesto Breda</color>
Ba. 65
<color=#adadad>(K-14fc) (Torretta ad Arcone Tipo L)</color>"
ba_65_k14_l_1;Ba. 65
ba_65_k14_l_2;Ba. 65

ba_65_a80_shop;Ba. 65 (A. 80)
ba_65_a80_0;"<color=#81c3fc>Società Italiana Ernesto Breda</color>
Ba. 65
<color=#adadad>(A. 80 R.C. 41)</color>"
ba_65_a80_1;Ba. 65
ba_65_a80_2;Ba. 65

breda_88_shop;Ba.88 (P.XI)
breda_88_0;"Ba.88
<color=#adadad>(P.XI)</color>"
breda_88_1;Ba.88
breda_88_2;Ba.88

s_81_ar125_shop;S.81
s_81_ar125_0;"S.81 Pipistrello
<color=#adadad>(Alfa-Romeo 125)</color>"
s_81_ar125_1;S.81
s_81_ar125_2;S.81

sm_79_1936_italy_shop;S.M.79 I (1936)
sm_79_1936_italy_0;"S.M.79 serie I Sparviero
<color=#adadad>(1936)</color>"
sm_79_1936_italy_1;S.M.79
sm_79_1936_italy_2;S.M.79

sm_79_1937_italy_shop;S.M.79 IV (1937)
sm_79_1937_italy_0;"S.M.79 serie IV Sparviero
<color=#adadad>(1937)</color>"
sm_79_1937_italy_1;S.M.79
sm_79_1937_italy_2;S.M.79

sm_79_1939_italy_shop;S.M.79 VIII (1939)
sm_79_1939_italy_0;"S.M.79 serie VIII Sparviero
<color=#adadad>(1939)</color>"
sm_79_1939_italy_1;S.M.79
sm_79_1939_italy_2;S.M.79

sm_79_1941_italy_shop;S.M.79 AS (1941)
sm_79_1941_italy_0;"S.M.79 AS Sparviero
<color=#adadad>(1941)</color>"
sm_79_1941_italy_1;S.M.79
sm_79_1941_italy_2;S.M.79

sm_79_1942_italy_shop;S.M.79bis/N (1942)
sm_79_1942_italy_0;"S.M.79bis/N Sparviero
<color=#adadad>(1942)</color>"
sm_79_1942_italy_1;S.M.79
sm_79_1942_italy_2;S.M.79

sm_79_1943_italy_shop;S.M.79bis/T.M (1943)
sm_79_1943_italy_0;"S.M.79bis/T.M Sparviero
<color=#adadad>(1943)</color>"
sm_79_1943_italy_1;S.M.79
sm_79_1943_italy_2;S.M.79

wm_21_shop;W.M.21
wm_21_0;"<color=#81c3fc>Weiss Manfréd Acél- és Fémművek</color>
W.M.21 Sólyom közelfelderítő"
wm_21_1;W.M.21
wm_21_2;W.M.21

re_2000_heja_1_shop;Héja I
re_2000_heja_1_0;"<color=#81c3fc>Officine Meccaniche Italiane <color=@commonTextColor>/</color> Magyar Királyi Állami Vas-, Acél- és
Gépgyárak</color>
Héja I vadászrepülőgép"
re_2000_heja_1_1;Héja I
re_2000_heja_1_2;Héja

re_2000_heja_2_shop;Héja II
re_2000_heja_2_0;"<color=#81c3fc>Magyar Királyi Állami Vas-, Acél- és Gépgyárak</color>
Héja II vadászrepülőgép"
re_2000_heja_2_1;Héja II
re_2000_heja_2_2;Héja

//ITALY AIRCRAFT - VEHICLE/FAMILY START: RANK 2
re_2001_serie1_ep_shop;Re.2001 I (22º Gr.)
re_2001_serie1_ep_0;"Re.2001 serie I Falco II
<color=@currencyGoldColor>22º Gruppo</color>"
re_2001_serie1_ep_1;Re.2001
re_2001_serie1_ep_2;Re.2001

sm_79_iar_italy_shop;S. 79 B
sm_79_iar_italy_0;"<color=#81c3fc>Savoia-Marchetti <color=@commonTextColor>/</color> Industria Aeronautică Română</color>
Avionul S. 79 B"
sm_79_iar_italy_1;S. 79 B
sm_79_iar_italy_2;S. 79

wm_23_shop;W.M.23
wm_23_0;"<color=#81c3fc>Weiss Manfréd Acél- és Fémművek</color>
W.M.23 Ezüst Nyíl vadászrepülőgép"
wm_23_1;W.M.23
wm_23_2;W.M.23

he_112b_1_italy_shop;╏ He 112 B-1/U2
he_112b_1_italy_0;"<color=#81c3fc>Heinkel Flugzeugwerke</color>
╏ Avionul He 112 B-1/U2"
he_112b_1_italy_1;╏ He 112 B
he_112b_1_italy_2;╏ He 112

iar_81c_shop;I.A.R. 81 C
iar_81c_0;"<color=#81c3fc>Industria Aeronautică Română</color>
Avionul I.A.R. 81 C"
iar_81c_1;I.A.R. 81 C
iar_81c_2;I.A.R. 81

iar_81c_db_605_shop;I.A.R. 81 C (DB 605 A)
iar_81c_db_605_0;"<color=#81c3fc>Industria Aeronautică Română</color>
Avionul I.A.R. 81 C
<color=#adadad>(DB 9-605 A)</color>
<color=@currencyGoldColor>Nr. 326</color>"
iar_81c_db_605_1;I.A.R. 81 C
iar_81c_db_605_2;I.A.R. 81

//ITALY AIRCRAFT - VEHICLE/FAMILY START: RANK 3
me_210ca_1_hungary_shop;◐ Me 210 Ca-1
me_210ca_1_hungary_0;"<color=#81c3fc>Messerschmitt <color=@commonTextColor>/</color> Dunai Repülogépgyár</color>
◐ Me 210 Ca-1 nehéz vadászrepülőgép"
me_210ca_1_hungary_1;◐ Me 210 Ca
me_210ca_1_hungary_2;◐ Me 210

me_210ca_1_40_mm_hungary_shop;◐ Me 210 Ca-1 (36 M.)
me_210ca_1_40_mm_hungary_0;"<color=#81c3fc>Messerschmitt <color=@commonTextColor>/</color> Dunai Repülogépgyár</color>
◐ Me 210 Ca-1 nehéz vadászrepülőgép
<color=#adadad>(4 cm 36 M. légvédelmi gépágyú)</color>"
me_210ca_1_40_mm_hungary_1;◐ Me 210 Ca
me_210ca_1_40_mm_hungary_2;◐ Me 210

bf_110g_4_hungary_shop;◐ Bf 110 G-4
bf_110g_4_hungary_0;"<color=#81c3fc>Messerschmitt</color>
◐ Bf 110 G-4 éjjeli vadászrepülőgép"
bf_110g_4_hungary_1;◐ Bf 110 G
bf_110g_4_hungary_2;◐ Bf 110

bf-109f-4_hungary_shop;◐ Bf 109 F-4
bf-109f-4_hungary_0;"<color=#81c3fc>Messerschmitt</color>
◐ Bf 109 F-4 vadászrepülőgép"
bf-109f-4_hungary_1;◐ Bf 109 F
bf-109f-4_hungary_2;◐ Bf 109

bf-109g-2_hungary_shop;◐ Bf 109 G-2
bf-109g-2_hungary_0;"<color=#81c3fc>Messerschmitt</color>
◐ Bf 109 G-2 vadászrepülőgép"
bf-109g-2_hungary_1;◐ Bf 109 G
bf-109g-2_hungary_2;◐ Bf 109

//ITALY AIRCRAFT - VEHICLE/FAMILY START: RANK 4
il-10_1946_hungary_shop;◔ Il-10 (1947)
il-10_1946_hungary_0;"<color=#81c3fc>Zavod № 18</color>
◔Il-10 Párduc repülőgép
<color=#adadad>(1947)</color>"
il-10_1946_hungary_1;◔ Il-10
il-10_1946_hungary_2;◔ Il-10

tu-2_postwar_late_hungary_shop;◔ Tu-2Sz-59
tu-2_postwar_late_hungary_0;"<color=#81c3fc>Aviaczionnyj zavod № 23</color>
◔ Tu-2Sz széria 59 repülőgép"
tu-2_postwar_late_hungary_1;◔ Tu-2Sz
tu-2_postwar_late_hungary_2;◔ Tu-2

yak-9p_hungary_shop;◔ Jak-9P
yak-9p_hungary_0;"<color=#81c3fc>Zavod № 153</color>
◔ Jak-9P repülőgép"
yak-9p_hungary_1;◔ Jak-9P
yak-9p_hungary_2;◔ Jak-9P

fw_190f_8_hungary_shop;◐ Fw 190 F-8
fw_190f_8_hungary_0;"<color=#81c3fc>Focke-Wulf Flugzeugbau</color>
◐ Fw 190 F-8 vadászrepülőgép"
fw_190f_8_hungary_1;◐ Fw 190 F
fw_190f_8_hungary_2;◐ Fw 190

re_2005_vdm_shop;Re.2005 (9-12087A)
re_2005_vdm_0;"<color=#81c3fc>Officine Meccaniche Italiane</color>
Re.2005 Sagittario
<color=#adadad>(9-12087A)</color>
<color=@currencyGoldColor>MM.495</color>"
re_2005_vdm_1;Re.2005
re_2005_vdm_2;Re.2005

//ITALY AIRCRAFT - VEHICLE/FAMILY START: RANK 5
vampire_fb52a_italy_shop;⛨ Vampire F.B. Mk. 52A
vampire_fb52a_italy_0;"<color=#81c3fc>de Havilland Aircraft Company D.H. 100</color>
⛨ Vampire F.B. Mk. 52A"
vampire_fb52a_italy_1;⛨ Vampire F.B. Mk. 52A
vampire_fb52a_italy_2;⛨ Vampire

f-86_cl_13_mk4_italy_shop;⛨ Sabre Mk. 4
f-86_cl_13_mk4_italy_0;"<color=#81c3fc>CL-13A</color>
⛨ Sabre Mk. 4"
f-86_cl_13_mk4_italy_1;⛨ Sabre Mk. 4
f-86_cl_13_mk4_italy_2;⛨ Sabre

mb_326k_shop;MB-326K
mb_326k_0;<color=#81c3fc>Aermacchi MB-326K</color>
mb_326k_1;MB-326K
mb_326k_2;MB-326

mb_326b_shop;MB-326B
mb_326b_0;<color=#81c3fc>Aermacchi MB-326B</color>
mb_326b_1;MB-326B
mb_326b_2;MB-326

il_28_hungary_shop;◔ Il-28
il_28_hungary_0;"<color=#81c3fc>Aviaczionnyj zavod № 30</color>
◔ Il-28 repülőgép"
il_28_hungary_1;◔ Il-28
il_28_hungary_2;◔ Il-28

mig-15bis_nr23_hungary_shop;◔ MiG-15Bisz
mig-15bis_nr23_hungary_0;"<color=#81c3fc>Aviaczionnyj zavod № 153 SD</color>
◔ MiG-15Bisz repülőgép"
mig-15bis_nr23_hungary_1;◔ MiG-15Bisz
mig-15bis_nr23_hungary_2;◔ MiG-15

//ITALY AIRCRAFT - VEHICLE/FAMILY START: RANK 6
mig-17pf_hungary_shop;◔ MiG-17PF
mig-17pf_hungary_0;"<color=#81c3fc>Gor'kovskij aviaczionnyj zavod im. S. Ordžonikidzye</color>
◔ MiG-17PF repülőgép"
mig-17pf_hungary_1;◔ MiG-17PF
mig-17pf_hungary_2;◔ MiG-17

iar_93b_shop;I.A.R. 93 B
iar_93b_0;"<color=#81c3fc>Avioane Craiova <color=@commonTextColor>+</color> Soko Vazduhoplovna Industrija, RO Vazduhoplovstvo</color>
<color=#ff8c80>YuRom</color>
Avionul I.A.R. 93 B Vultur"
iar_93b_1;I.A.R. 93 B
iar_93b_2;I.A.R. 93

//ITALY AIRCRAFT - VEHICLE/FAMILY START: RANK 7
amx_shop;A-11A
amx_0;"<color=#81c3fc>AMX International AMX</color>
A-11A Ghibli"
amx_1;A-11A
amx_2;A-11

tornado_adv_shop;⛨ Tornado F. Mk. 3
tornado_adv_0;"<color=#81c3fc>Panavia Aircraft PA-200</color>
⛨ Tornado F. Mk. 3
<color=#adadad>(Batch 2)</color>"
tornado_adv_1;⛨ Tornado F. Mk. 3
tornado_adv_2;⛨ Tornado

tornado_ids_it_shop;A-200A
tornado_ids_it_0;"<color=#81c3fc>Panavia Aircraft PA-200</color>
A-200A Tornado"
tornado_ids_it_1;A-200A
tornado_ids_it_2;A-200

tornado_ids_it_mod95_shop;A-200A (1995)
tornado_ids_it_mod95_0;"<color=#81c3fc>Panavia Aircraft PA-200</color>
A-200A Tornado
<color=#adadad>(Batch 2) (1995)</color>"
tornado_ids_it_mod95_1;A-200A
tornado_ids_it_mod95_2;A-200

tornado_ids_it_ret8_shop;A-200C (RET8)
tornado_ids_it_ret8_0;"<color=#81c3fc>Panavia Aircraft PA-200</color>
A-200C Tornado
<color=#adadad>(Retro Enabling Task 8)</color>"
tornado_ids_it_ret8_1;A-200C
tornado_ids_it_ret8_2;A-200

su_22m3_hungary_shop;◔ Szu-22M3
su_22m3_hungary_0;"<color=#81c3fc>Komsomol'skij-na-Amurye aviaczionnyj zavod im. Û. A. Gagarina</color>
◔ Szu-22M3 repülőgép"
su_22m3_hungary_1;◔ Szu-22M
su_22m3_hungary_2;◔ Szu-22

mig-21_mf_hungary_shop;◔ MiG-21MF
mig-21_mf_hungary_0;"<color=#81c3fc>Gor'kovskij aviaczionnyj zavod im. S. Ordžonikidzye</color>
◔ MiG-21MF repülőgép"
mig-21_mf_hungary_1;◔ MiG-21MF
mig-21_mf_hungary_2;◔ MiG-21

mig-21_bis_sau_hungary_shop;◔ MiG-21Bisz
mig-21_bis_sau_hungary_0;"<color=#81c3fc>Gor'kovskij aviaczionnyj zavod im. S. Ordžonikidzye</color>
◔ MiG-21Bisz repülőgép"
mig-21_bis_sau_hungary_1;◔ MiG-21Bisz
mig-21_bis_sau_hungary_2;◔ MiG-21

mig_23mf_hungary_shop;◔ MiG-23MF
mig_23mf_hungary_0;"<color=#81c3fc>Moskovskij mašinostroityel'nyj zavod «Znamâ Truda»</color>
◔ MiG-23MF repülőgép"
mig_23mf_hungary_1;◔ MiG-23MF
mig_23mf_hungary_2;◔ MiG-23

amx_a_1a_brazil_shop;A-1A
amx_a_1a_brazil_0;"<color=#81c3fc>AMX International AMX</color>
A-1A"
amx_a_1a_brazil_1;A-1A
amx_a_1a_brazil_2;A-1

//ITALY AIRCRAFT - VEHICLE/FAMILY START: RANK 8
f_16a_block_15_adf_italy_shop;⛨ F-16A-15ADF-CF
f_16a_block_15_adf_italy_0;"<color=#81c3fc>General Dynamics Corporation</color>
⛨ F-16A-15ADF-CF Fighting Falcon"
f_16a_block_15_adf_italy_1;⛨ F-16A
f_16a_block_15_adf_italy_2;⛨ F-16

f_16a_block_15_adf_italy_killstreak_shop;☢⛨ F-16A-15ADF-CF
f_16a_block_15_adf_italy_killstreak_0;"<color=#81c3fc>General Dynamics Corporation</color>
☢⛨ F-16A-15ADF-CF Fighting Falcon"
f_16a_block_15_adf_italy_killstreak_1;☢⛨ F-16A
f_16a_block_15_adf_italy_killstreak_2;☢⛨ F-16

m_346fa_shop;M-346FA
m_346fa_0;<color=#81c3fc>Alenia Aermacchi M-346FA Master</color>
m_346fa_1;M-346FA
m_346fa_2;M-346

mig_29_9_12b_hungary_shop;◔ MiG-29
mig_29_9_12b_hungary_0;"<color=#81c3fc>Nižyegorodskij gosudarstvyennyj aviaczionnyj zavod «Sokol»</color>
◔ MiG-29 Fulcrum-A repülőgép"
mig_29_9_12b_hungary_1;◔ MiG-29
mig_29_9_12b_hungary_2;◔ MiG-29

mig_29_9_12_sniper_shop;╏ MiG-29 Sniper
mig_29_9_12_sniper_0;<color=#81c3fc>╏ Mikoân i Guryevič <color=@commonTextColor>/</color> Aerostar <color=@commonTextColor>+</color> Elbit Systems MiG-29 Sniper</color>
mig_29_9_12_sniper_1;╏ MiG-29 Sniper
mig_29_9_12_sniper_2;╏ MiG-29

saab_jas39c_hungary_shop;◔ JAS 39 C EBS HU
saab_jas39c_hungary_0;"<color=#81c3fc>Saab 39 Gripen C</color>
◔ JAS 39 C EBS HU Gripen repülőgép"
saab_jas39c_hungary_1;◔ JAS 39 C
saab_jas39c_hungary_2;◔ JAS 39

//ITALY AIRCRAFT - VEHICLE/FAMILY START: RANK 9
ef_2000a_shop;⛨ F-2000A (P3Ea)
ef_2000a_0;"<color=#81c3fc>Eurofighter Jagdflugzeug EF2000 Typhoon (Tranche 2 Block 15)</color>
⛨ F-2000A
<color=#adadad>(Phase 3 Enhancement A)</color>"
ef_2000a_1;⛨ F-2000A
ef_2000a_2;⛨ F-2000

ef_2000a_aesa_shop;⛨ F-2000A (ECRS Mk2)
ef_2000a_aesa_0;"<color=#81c3fc>Eurofighter Jagdflugzeug EF2000 Typhoon (Tranche 2 Block 15)</color>
⛨ F-2000A Typhoon
<color=#adadad>(ECRS Mk2)</color>"
ef_2000a_aesa_1;⛨ F-2000A
ef_2000a_aesa_2;⛨ F-2000

//ITALY HELICOPTERS - VEHICLE/FAMILY START: RANK 5
ab_205a_1_shop;UH-205A
ab_205a_1_0;"<color=#919191>AB205A</color>
UH-205A"
ab_205a_1_1;UH-205A
ab_205a_1_2;UH-205

mi_24d_hungary_shop;◔ Mi-24D
mi_24d_hungary_0;"<color=#81c3fc>Aviaryemontnyj zavod № 116</color>
◔ Mi-24D helikopter"
mi_24d_hungary_1;◔ Mi-24D
mi_24d_hungary_2;◔ Mi-24

mi_24p_hungary_shop;◔ Mi-24P
mi_24p_hungary_0;"<color=#81c3fc>Aviaczionnaâ proizvodstvyennaâ ob""yedinyeniye «Progryess» im.
N. I. Sazykina</color>
◔ Mi-24P helikopter"
mi_24p_hungary_1;◔ Mi-24P
mi_24p_hungary_2;◔ Mi-24

mi_24v_hungary_shop;◔ Mi-24V
mi_24v_hungary_0;"<color=#81c3fc>Aviaczionnaâ proizvodstvyennaâ ob""yedinyeniye «Progryess» im.
N. I. Sazykina</color>
◔ Mi-24V helikopter"
mi_24v_hungary_1;◔ Mi-24V
mi_24v_hungary_2;◔ Mi-24

//ITALY HELICOPTERS - VEHICLE/FAMILY START: RANK 6
a_109_eoa2_shop;MRH-109A
a_109_eoa2_0;"<color=#919191>A109EOA-2</color>
MRH-109A"
a_109_eoa2_1;MRH-109A
a_109_eoa2_2;MRH-109

a_129_a_shop;A129 (ATP)
a_129_a_0;"A129 International
<color=#adadad>(Armament Testbead Prototype)</color>"
a_129_a_1;A129
a_129_a_2;A129

a_129_cbt_shop;AH-129C
a_129_cbt_0;"<color=#919191>A129 Combat</color>
AH-129C Mangusta"
a_129_cbt_1;AH-129C
a_129_cbt_2;AH-129

a_129_d_shop;AH-129D
a_129_d_0;"<color=#919191>A129D</color>
AH-129D Mangusta"
a_129_d_1;AH-129D
a_129_d_2;AH-129

//ITALY HELICOPTERS - VEHICLE/FAMILY START: RANK 7

//ITALY GROUND VEHICLES - VEHICLE/FAMILY START: RANK 1
it_as_42_47_shop;A.S. 42 (47/32)
it_as_42_47_0;"Autocarro Sahariano Mod. 42 Tipo II ""Metropolitana""
<color=#adadad>(47/32)</color>"
it_as_42_47_1;A.S. 42
it_as_42_47_2;SPG

it_as_42_metropolitana_shop;A.S. 42 (20/65)
it_as_42_metropolitana_0;"Autocarro Sahariano Mod. 42 Tipo II ""Metropolitana""
<color=#adadad>(20/65)</color>"
it_as_42_metropolitana_1;A.S. 42
it_as_42_metropolitana_2;SPAA

it_l6_leone_shop;L. 40 (31 Reg.Car.)
it_l6_leone_0;"Carro Armato Leggero Mod. 40
<color=@currencyGoldColor>31º Reggimento Carri</color>"
it_l6_leone_1;L. 40
it_l6_leone_2;Light Tank

it_m14_41_47_40_shop;M. 41 (47/40)
it_m14_41_47_40_0;"Carro Armato Medio Mod. 41
<color=#adadad>(47/40)</color>"
it_m14_41_47_40_1;M. 41
it_m14_41_47_40_2;Medium Tank

it_39m_csaba_shop;39 M. Csaba pc. gk.
it_39m_csaba_0;"<color=#81c3fc>Weiss Manfréd Acél- és Fémművek</color>
39 M. Csaba páncélgépkocsi"
it_39m_csaba_1;39 M. Csaba
it_39m_csaba_2;Armored Car

it_toldi_II_a_shop;38 M. Toldi B 40 k. hk.
it_toldi_II_a_0;"<color=#81c3fc>Landsverk <color=@commonTextColor>/</color> Magyar Királyi Állami Vas-, Acél- és Gépgyárak</color>
38 M. Toldi B 40 könnyű harckocsi"
it_toldi_II_a_1;38 M. Toldi
it_toldi_II_a_2;Light Tank

//ITALY GROUND VEHICLES - VEHICLE/FAMILY START: RANK 2
it_p_26_40_shop;P. 40 (Grp.Cor.)
it_p_26_40_0;"Carro Armato Pesante Mod. 40
<color=@currencyGoldColor>Gruppo Corazzato ""Leoncello""</color>"
it_p_26_40_1;P. 40
it_p_26_40_2;Medium Tank

it_semovente_m43_75_bersaglieri_shop;75/34 M. 42 M. (III Rgt.Bers.)
it_semovente_m43_75_bersaglieri_0;"Semovente da 75/34 su Scafo M. 42 M.
<color=@currencyGoldColor>III Reggimento Bersglieri di Alessandria</color>"
it_semovente_m43_75_bersaglieri_1;75/34 M. 42 M.
it_semovente_m43_75_bersaglieri_2;SPG

it_semovente_m43_105_leoncello_shop;105/25 M. 43 (Grp.Cor.)
it_semovente_m43_105_leoncello_0;"Semovente da 105/25 su Scafo M. 43 ""Bassotto""
<color=@currencyGoldColor>Gruppo Corazzato ""Leoncello"", «Terremoto»</color>"
it_semovente_m43_105_leoncello_1;105/25 M. 43
it_semovente_m43_105_leoncello_2;SPG

it_40m_turan_1_shop;40 M. Turán köz. hk.
it_40m_turan_1_0;"<color=#81c3fc>Diósgyőri Magyar Királyi Állami Vas-, Acél- és Gépgyárak</color>
40 M. Turán közepes harckocsi"
it_40m_turan_1_1;40 M. Turán
it_40m_turan_1_2;Medium Tank

it_41m_turan_2_shop;41 M. Turán n. hk.
it_41m_turan_2_0;"<color=#81c3fc>Diósgyőri Magyar Királyi Állami Vas-, Acél- és Gépgyárak</color>
41 M. Turán nehéz harckocsi"
it_41m_turan_2_1;41 M. Turán
it_41m_turan_2_2;Medium Tank

it_43m_turan_3_shop;43 M. Turán n. hk.
it_43m_turan_3_0;"<color=#81c3fc>Diósgyőri Magyar Királyi Állami Vas-, Acél- és Gépgyárak</color>
43 M. Turán nehéz harckocsi"
it_43m_turan_3_1;43 M. Turán
it_43m_turan_3_2;Medium Tank

it_40_43m_zrinyi_2_shop;40/43 M. Zrínyi
it_40_43m_zrinyi_2_0;"<color=#81c3fc>Weiss Manfréd Acél- és Fémművek</color>
10,5 cm 40/43 M. Zrínyi roham tarack"
it_40_43m_zrinyi_2_1;40/43 M. Zrínyi
it_40_43m_zrinyi_2_2;SPG

it_44m_zrinyi_1_shop;44 M. Zrínyi (sorozatvető)
it_44m_zrinyi_1_0;"<color=#81c3fc>Weiss Manfréd Acél- és Fémművek</color>
7,5 cm 44 M. Zrínyi rohamágyú
<color=#adadad>(43 M. rakéta sorozatvető)</color>"
it_44m_zrinyi_1_1;44 M. Zrínyi
it_44m_zrinyi_1_2;SPG

//ITALY GROUND VEHICLES - VEHICLE/FAMILY START: RANK 3
it_m44_shop;⛨ 155/23 M44
it_m44_0;"<color=#81c3fc>Massey-Harris</color>
⛨ Semovente da 155/23 M44"
it_m44_1;⛨ 155/23 M44
it_m44_2;SPH

it_m55_shop;⛨ 203/25 M55
it_m55_0;"<color=#81c3fc>Pacific Car and Foundry Company</color>
⛨ Semovente da 203/25 M55"
it_m55_1;⛨ 203/25 M55
it_m55_2;SPH

it_pzkpfw_IV_ausf_G_shop;⛨ Pz.Kpfw. IV G
it_pzkpfw_IV_ausf_G_0;"⛨ Carro Armato Medio Panzerkampfwagen IV Ausf. G
<color=#adadad>(Settembre 1942)</color>"
it_pzkpfw_IV_ausf_G_1;⛨ Pz.Kpfw. IV G
it_pzkpfw_IV_ausf_G_2;Medium Tank

//ITALY GROUND VEHICLES - VEHICLE/FAMILY START: RANK 4
it_fiat_6616_cockerill_shop;Fiat 6616 (90/38)
it_fiat_6616_cockerill_0;"<color=#81c3fc>Fiat OTO Melara Tipo 6616 con torretta OTO T 90 CKL equipaggiata con
cannone Cockerill Mk. 3 da 90/38</color>"
it_fiat_6616_cockerill_1;Fiat 6616
it_fiat_6616_cockerill_2;Light Tank

it_aubl_74_60_70m_shop;Fiat 6616 (60/70)
it_aubl_74_60_70m_0;<color=#81c3fc>Fiat OTO Melara Tipo 6616 con torretta OTO Breda T 60M da 60/70</color>
it_aubl_74_60_70m_1;Fiat 6616
it_aubl_74_60_70m_2;Light Tank

it_fiat_6616_ub_shop;▂ Fiat 6616BM (TC 20) (UB-16-57UMP)
it_fiat_6616_ub_0;"<color=#81c3fc>▂ Fiat <color=@commonTextColor>+</color> OTO Melara 6616BM</color>
<color=#adadad>(Torreta TC 20) (Univ'ersal'nyj blok UB-16-57UMP)</color>"
it_fiat_6616_ub_1;▂ Fiat 6616BM
it_fiat_6616_ub_2;Armored Car

it_fiat_6614_106sr_shop;Fiat 6614 (M40A1)
it_fiat_6614_106sr_0;<color=#81c3fc>Fiat OTO Melara Tipo 6614</color>
<color=#adadad>(M40A1)</color>
it_fiat_6614_106sr_1;Fiat 6614
it_fiat_6614_106sr_2;Light Tank

it_fiat_6614_firos_shop;Fiat 6614 (FIROS 6)
it_fiat_6614_firos_0;"<color=#81c3fc>Fiat OTO Melara Tipo 6614</color>
<color=#adadad>(FIROS 6)</color>"
it_fiat_6614_firos_1;Fiat 6614
it_fiat_6614_firos_2;MLRS

it_m26_ariete_shop;⛨ M26 (132ª Div.Cor.)
it_m26_ariete_0;"⛨ Carro Armato Medio M26
<color=@currencyGoldColor>132ª Divisione Corazzata ""Ariete""</color>"
it_m26_ariete_1;⛨ M26
it_m26_ariete_2;Medium Tank

it_oto_r3_106sr_shop;R3 T 106 FA
it_oto_r3_106sr_0;<color=#81c3fc>OTO R3 Capraia T 106 FA</color>
it_oto_r3_106sr_1;R3 T 106 FA
it_oto_r3_106sr_2;Light Tank

it_oto_r3_t20_fa_shop;R3 T 20 FA-HS
it_oto_r3_t20_fa_0;<color=#81c3fc>OTO R3 Capraia T 20 FA-HS</color>
it_oto_r3_t20_fa_1;R3 T 20 FA-HS
it_oto_r3_t20_fa_2;SPAA

it_palmaria_shop;Palmaria
it_palmaria_0;<color=#81c3fc>OTO Melara Obice semovente Palmaria 155/41</color>
it_palmaria_1;Palmaria
it_palmaria_2;SPH

it_2s1_shop;◔ 2SZ1
it_2s1_0;"<color=#81c3fc>Kharkìvs'kij traktornij zavod (KhTZ)</color>
◔ 122 mm-es 2SZ1 önjáró tarack ""Gvozgyika"""
it_2s1_1;◔ 2SZ1
it_2s1_2;SPH

it_pzkpfw_VI_ausf_e_tiger_shop;◐ Tiger E (spät)
it_pzkpfw_VI_ausf_e_tiger_0;"<color=#81c3fc>Henschel & Sohn</color>
<color=#5cae63>Sd.Kfz. 181</color>
◐ Panzerkampfwagen Tiger Ausf. E
<color=#adadad>(spät)</color>"
it_pzkpfw_VI_ausf_e_tiger_1;◐ Tiger E
it_pzkpfw_VI_ausf_e_tiger_2;Heavy Tank

//ITALY GROUND VEHICLES - VEHICLE/FAMILY START: RANK 5
it_c13_t90_shop;C 13 (T 90 CKL)
it_c13_t90_0;"<color=#81c3fc>OTO Melara C 13 con torretta T 90 CKL equipaggiata con cannone
Cockerill Mk. 3 da 90/38</color>"
it_c13_t90_1;C 13 (T 90 CKL)
it_c13_t90_2;Light Tank

it_c13_tua_shop;C 13 (TUA)
it_c13_tua_0;<color=#81c3fc>OTO Melara C 13 con sistema d'arma TUA</color>
it_c13_tua_1;C 13 (TUA)
it_c13_tua_2;ATMC

it_m47_105_shop; M47 RKM
it_m47_105_0;"<color=#81c3fc> Detroit Arsenal <color=@commonTextColor>/</color> ha-Ta'asiah ha-Ṣva'it <color=@commonTextColor>+</color> 'Ordan Ta'ashiyot Matekhet
Viṣikot Pledah M47 RKM</color>"
it_m47_105_1; M47 RKM
it_m47_105_2;Medium Tank

it_of_40_mtca_shop;OF 40 Mk. 2 (MTCA)
it_of_40_mtca_0;"Carro Armato OTO-Melara OF 40 Mk. 2
<color=#adadad>(MTCA)</color>"
it_of_40_mtca_1;OF 40 Mk. 2
it_of_40_mtca_2;MBT

it_leopard_1a2_shop;⛨ Leopard 1 A2
it_leopard_1a2_0;"<color=#81c3fc>Krauss-Maffei Wegmann</color>
⛨ Carro Armato da Combattimento Leopard 1 Versione A2"
it_leopard_1a2_1;⛨ Leopard 1 A2
it_leopard_1a2_2;MBT

it_leopard_1a5_shop;⛨ Leopard 1 A5
it_leopard_1a5_0;"<color=#81c3fc>Krauss-Maffei Wegmann</color>
⛨ Carro Armato da Combattimento Leopard 1 Versione A5"
it_leopard_1a5_1;⛨ Leopard 1 A5
it_leopard_1a5_2;MBT

it_zsu_57_2_shop;◔ ZSZU-57-2
it_zsu_57_2_0;"<color=#81c3fc>Omskij zavod № 174 im. Vorošilova</color>
◔ 57 mm-es ZSZU-57-2 önjáró légvédelmi gépágyú ""Büszke"""
it_zsu_57_2_1;◔ ZSZU-57-2
it_zsu_57_2_2;SPAAG

it_zsu_23_4_shop;◔ ZSZU-23-4V
it_zsu_23_4_0;"<color=#81c3fc>Mytiŝinskij ordyena Otyečyestvyennoj vojny 1 styepyeni
mašinostroityel'nyj zavod</color>
◔ 23 mm-es ZSZU-23-4V önjáró légvédelmi gépágyú ""Silka"""
it_zsu_23_4_1;◔ ZSZU-23-4V
it_zsu_23_4_2;SPAAG

it_btr_80a_hungary_shop;◔ BTR-80A
it_btr_80a_hungary_0;"<color=#81c3fc>Proizvodstvyennoye ob""yedinyeniye «Gor'kovskij avtomobil'nyj zavod»</color>
◔ BTR-80A gyalogsági harcjármű"
it_btr_80a_hungary_1;◔ BTR-80A
it_btr_80a_hungary_2;IFV

it_m60a1_ariete_shop;⛨ M60A1 (132ª Div.Cor.)
it_m60a1_ariete_0;"⛨ M60A1
<color=@currencyGoldColor>132ª Divisione Corazzata ""Ariete""</color>"
it_m60a1_ariete_1;⛨ M60A1
it_m60a1_ariete_2;Medium Tank

it_pzh_2000_hu_shop;◔ PzH 2000HU
it_pzh_2000_hu_0;"<color=#81c3fc>KNDS</color>
◔ 152 mm-es Panzerhaubitze 2000HU páncélos tarack"
it_pzh_2000_hu_1;◔ PzH 2000HU
it_pzh_2000_hu_2;SPH

//ITALY GROUND VEHICLES - VEHICLE/FAMILY START: RANK 6
it_b1_centauro_shop;Centauro (preserie)
it_b1_centauro_0;"Cacciacarri Blindato B1 Centauro
<color=#adadad>(preserie)</color>"
it_b1_centauro_1;Centauro
it_b1_centauro_2;Light Tank

it_otobreda_sidam_25_mistral_shop;SIDAM 25 (Mistral)
it_otobreda_sidam_25_mistral_0;"Sistema Italiano Difesa Aerea Mobile, 25mm
<color=#adadad>(Mistral)</color>"
it_otobreda_sidam_25_mistral_1;SIDAM 25
it_otobreda_sidam_25_mistral_2;SPAA

it_m113a1_tow_shop;⛨ M113A1 (TOW)
it_m113a1_tow_0;"⛨ VTC M113A1 con sistema d'arma TOW
<color=#adadad>(modifica M233)</color>"
it_m113a1_tow_1;⛨ M113A1 (TOW)
it_m113a1_tow_2;SPG

it_t_72m1_shop;◔ T-72M1
it_t_72m1_0;"<color=#81c3fc>Opytno-konstruktorskoye bûro № 520 im. Morozova</color>
◔ T-72M1 harckocsi"
it_t_72m1_1;◔ T-72M1
it_t_72m1_2;MBT

//ITALY GROUND VEHICLES - VEHICLE/FAMILY START: RANK 7
it_9a33bm3_shop;╏ 9A33BM3
it_9a33bm3_0;"<color=#81c3fc>Naučno-isslyedovatyel'skij èlyektromyekhaničyeskij institut</color>
╏ Boyevaâ mašina 9A33BM3 ""Osa-AKM"""
it_9a33bm3_1;╏ 9A33BM3
it_9a33bm3_2;SPAA

it_9a35_m_shop;◔ 9A35M
it_9a35_m_0;"<color=#81c3fc>Konstruktorskoye bûro točnogo mašinostroyeniâ im. A. È. Nudyel'mana</color>
◔ 9A35M önjáró légvédelmi rakétakomplexum ""Sztrela-10M"""
it_9a35_m_1;◔ 9A35M
it_9a35_m_2;SPAAM

it_otomatic_shop;OTOMATIC
it_otomatic_0;<color=#81c3fc>OTO Main Anti-aircraft Tank for Intercept and Combat</color>
it_otomatic_1;OTOMATIC
it_otomatic_2;SPAA

it_freccia_shop;VBM Freccia C/C
it_freccia_0;"<color=#81c3fc>Consortium Iveco-Oto Melara</color>
Veicolo Blindato Medio Freccia Contro Carro"
it_freccia_1;VBM Freccia C/C
it_freccia_2;IFV

it_freccia_hitfist_ows_shop;VBM Freccia C/C (OWS 30mm)
it_freccia_hitfist_ows_0;"<color=#81c3fc>Consortium Iveco-Oto Melara</color>
Veicolo Blindato Medio Freccia Contro Carro
<color=#adadad>(HITFIST Overhead Weapon Systsem 30mm)</color>"
it_freccia_hitfist_ows_1;VBM Freccia C/C
it_freccia_hitfist_ows_2;IFV

it_leopard_2a4_shop;◔ Leopard 2A4HU
it_leopard_2a4_0;"<color=#81c3fc>Krauss-Maffei Wegmann</color>
◔ Leopard 2A4HU harckocsi"
it_leopard_2a4_1;◔ Leopard 2A4
it_leopard_2a4_2;MBT

it_leopard_2a7_hungary_shop;◔ Leopard 2A7HU
it_leopard_2a7_hungary_0;"<color=#81c3fc>KNDS</color>
◔ Leopard 2A7HU harckocsi"
it_leopard_2a7_hungary_1;◔ Leopard 2A7
it_leopard_2a7_hungary_2;MBT

it_kf_41_shop;◔ Lynx KF41
it_kf_41_0;"<color=#81c3fc>Rheinmetall Lynx KF41 <color=@commonTextColor>/</color> Rheinmetall Hungary</color>
◔ Lynx KF41 gyalogsági harcjármű ""Hiúz"""
it_kf_41_1;◔ Lynx KF41
it_kf_41_2;IFV

it_c1_ariete_preserie_shop;Ariete (preserie)
it_c1_ariete_preserie_0;"C1 Ariete
<color=#adadad>(preserie)</color>"
it_c1_ariete_preserie_1;Ariete
it_c1_ariete_preserie_2;MBT

it_c1_ariete_pso_shop;Ariete (PSO)
it_c1_ariete_pso_0;"C1 Ariete
<color=#adadad>(Kit PSO Tipo II)</color>"
it_c1_ariete_pso_1;Ariete
it_c1_ariete_pso_2;MBT

it_c1_ariete_shop;Ariete (WAR)
it_c1_ariete_0;"C1 Ariete
<color=#adadad>(Kit WAR)</color>"
it_c1_ariete_1;Ariete
it_c1_ariete_2;MBT

it_c1_ariete_certezza_shop;Ariete (WAR) (20° Corso)
it_c1_ariete_certezza_0;"<color=#81c3fc>Consorzio Iveco Oto Melara</color>
C1 Ariete
<color=#adadad>(Kit WAR)</color>
<color=@currencyGoldColor>20° Corso ""Certezza""</color>"
it_c1_ariete_certezza_1;Ariete
it_c1_ariete_certezza_2;MBT

it_ariete_amv_pt1_shop;Ariete (AMV PT 1)
it_ariete_amv_pt1_0;"C1 Ariete
<color=#adadad>(Ammodernamento di Mezza Vita Prototipo 1)</color>"
it_ariete_amv_pt1_1;Ariete
it_ariete_amv_pt1_2;MBT

//ITALY GROUND VEHICLES - VEHICLE/FAMILY START: RANK 8
it_centauro_2_shop;Centauro II 120
it_centauro_2_0;"<color=#81c3fc>Consortium Iveco-Oto Melara Centauro II 120</color>
<color=#adadad>(Guardian H3)</color>"
it_centauro_2_1;Centauro II 120
it_centauro_2_2;Light Tank

it_samp_t_launcher_shop;⛨ ACTL SM 88.45 BAD (SAMP/T) (MLT)
it_samp_t_launcher_0;"<color=#81c3fc>⛨ Astra veicoli industriali Autocarro tattico logistico SM 88.45 BAD <color=@commonTextColor>/</color>
Eurosam</color>
<color=#adadad>(Sol-air moyenne portée/terrestre)
(module de lancement terrestre)</color>"
it_samp_t_launcher_1;⛨ ACTL SM 88.45 BAD (SAMP/T) (MLT)
it_samp_t_launcher_2;SPAAM

it_samp_t_fcs_shop;⛨ ACTL SM 88.45 BAD (SAMP/T) (MRI)
it_samp_t_fcs_0;"<color=#81c3fc>⛨ Astra veicoli industriali Autocarro tattico logistico SM 88.45 BAD <color=@commonTextColor>/</color>
Eurosam</color>
<color=#adadad>(Sol-air moyenne portée/terrestre)
(module radar et IFF)</color>"
it_samp_t_fcs_1;⛨ ACTL SM 88.45 BAD (SAMP/T) (MRI)
it_samp_t_fcs_2;Radar

//ITALY COASTAL FLEET - VEHICLE/FAMILY START: RANK 1
it_mas_classe500_3_1944_shop;MAS 561
it_mas_classe500_3_1944_0;"<color=#81c3fc>Cantiere Baglietto</color>
<color=#fffa62>Motoscafo armato ailurante tipo celocissimo classe 500, 3ª Serie</color>
MAS 561"
it_mas_classe500_3_1944_1;MAS 561
it_mas_classe500_3_1944_2;Armed Torpedo Boat

it_mas_classe500_3_shop;MAS 555
it_mas_classe500_3_0;"<color=#81c3fc>Cantiere navale Picchiotti</color>
<color=#fffa62>Motoscafo armato ailurante tipo celocissimo classe 500, 3ª Serie</color>
MAS 555"
it_mas_classe500_3_1;MAS 555
it_mas_classe500_3_2;Armed Torpedo Boat

it_mas_classe500_4_shop;MAS 569
it_mas_classe500_4_0;"<color=#81c3fc>Cantiere Baglietto</color>
<color=#fffa62>Motoscafo armato ailurante tipo celocissimo classe 500, 4ª Serie</color>
MAS 569"
it_mas_classe500_4_1;MAS 569
it_mas_classe500_4_2;Armed Torpedo Boat

it_mas_classe429_shop;MAS 429
it_mas_classe429_0;"<color=#81c3fc>Società Veneziana Automobili Navali</color>
<color=#fffa62>Motoscafo antisommergibili tipo autocannionera 1919</color>
MAS 429"
it_mas_classe429_1;MAS 429
it_mas_classe429_2;Anti-Submarine GunboatP 420

it_vas_baglietto_68t_1serie_shop;VAS 201
it_vas_baglietto_68t_1serie_0;"<color=#81c3fc>Cantiere Baglietto</color>
<color=#fffa62>Motovedette antisommergibili tipo Baglietto 68 t, 1ª Serie</color>
VAS 201"
it_vas_baglietto_68t_1serie_1;VAS 201
it_vas_baglietto_68t_1serie_2;Anti-Submarine Patrol Boat

//ITALY COASTAL FLEET - VEHICLE/FAMILY START: RANK 2
it_ms15_1a_shop;MS 15
it_ms15_1a_0;"<color=#81c3fc>Cantiere navale di Monfalcone</color>
<color=#fffa62>Motosiluranti tipo CRDA 60 t, 1ª Serie</color>
MS 15"
it_ms15_1a_1;MS 15
it_ms15_1a_2;Motor Torpedo Boat

it_ms53_2a_shop;MS 53
it_ms53_2a_0;"<color=#81c3fc>Cantiere navale di Monfalcone</color>
<color=#fffa62>Motosiluranti tipo CRDA 60 t, 2ª Serie</color>
MS 53"
it_ms53_2a_1;MS 53
it_ms53_2a_2;Motor Torpedo Boat

it_ms74_2a_shop;MS 74
it_ms74_2a_0;"<color=#81c3fc>Cantiere navale di Monfalcone</color>
<color=#fffa62>Motosiluranti tipo CRDA 60 t, 2ª Serie</color>
MS 74"
it_ms74_2a_1;MS 74
it_ms74_2a_2;Motor Torpedo Boat

it_ms473_2a_shop;MS 472
it_ms473_2a_0;"<color=#81c3fc>Cantiere navale di Monfalcone</color>
<color=#fffa62>Motosiluranti tipo CRDA 60 t, 2ª Serie</color>
MS 472"
it_ms473_2a_1;MS 472
it_ms473_2a_2;Motor Torpedo Boat

it_ms471_1a_shop;MV 611
it_ms471_1a_0;"<color=#81c3fc>Cantiere navale di Monfalcone</color>
<color=#fffa62>Motovedette tipo CRDA 60 t, 1ª Serie</color>
MV 611"
it_ms471_1a_1;MV 611
it_ms471_1a_2;Patrol Boat

it_ms473_2a_art_shop;MS 473
it_ms473_2a_art_0;"<color=#81c3fc>Cantiere navale di Monfalcone</color>
<color=#fffa62>Motosiluranti tipo CRDA 60 t, 2ª Serie</color>
MS 473"
it_ms473_2a_art_1;MS 473
it_ms473_2a_art_2;Motor Torpedo Boat

it_mas_stefano_turr_shop;Stefano Turr
it_mas_stefano_turr_0;"<color=#81c3fc>Cantiere Baglietto</color>
<color=#fffa62>Motoscafo armato ailurante tipo sperimentale diesel</color>
Stefano Turr"
it_mas_stefano_turr_1;Stefano Turr
it_mas_stefano_turr_2;Armed Torpedo Boat

it_mas441_shop;MAS 441
it_mas441_0;"<color=#81c3fc>Cantiere Baglietto <color=@commonTextColor>/</color> Arsenale militare marittimo di Taranto</color>
<color=#fffa62>Motoscafo antisommergibili tipo Baglietto 1934</color>
MAS 441
<color=#adadad>(1940)</color>"
it_mas441_1;MAS 441
it_mas441_2;Anti-Submarine Boat

//ITALY COASTAL FLEET - VEHICLE/FAMILY START: RANK 3
it_a1_vosper_shop;MS 461
it_a1_vosper_0;"<color=#81c3fc>Robert Jacob Shipyard</color>
<color=#fffa62>Motosiluranti tipo Vosper da 72 piedi e 6 pollici</color>
MS 461"
it_a1_vosper_1;MS 461
it_a1_vosper_2;Motor Torpedo Boat

it_ms444_shop;MS 444
it_ms444_0;"<color=#81c3fc>Cantiere navale di Monfalcone</color>
<color=#fffa62>Motosiluranti tipo Higgins da 78 piedi</color>
MS 444"
it_ms444_1;MS 444
it_ms444_2;Motor Torpedo Boat

it_mc_485_shop;MC 485
it_mc_485_0;"<color=#81c3fc>Fr. Lürssen Werft, Bau-Nr. 12860</color>
<color=#fffa62>Motosiluranti tipo Lürssen S 26</color>
MC 485"
it_mc_485_1;MC 485
it_mc_485_2;Motor Torpedo Boat

//ITALY COASTAL FLEET - VEHICLE/FAMILY START: RANK 4
it_mc490_folgore_shop;MC 490
it_mc490_folgore_0;"<color=#81c3fc>Cantiere navale Triestino</color>
<color=#fffa62>Motocannoniera convertibile tipo sperimentale CRDA</color>
MC 490"
it_mc490_folgore_1;MC 490
it_mc490_folgore_2;Convertible Motor Gunboat

it_mc492_baleno_shop;Baleno (MC 492)
it_mc492_baleno_0;"<color=#81c3fc>Cantiere navale Triestino</color>
<color=#fffa62>Motocannoniera convertibile classe Lampo</color>
Baleno (MC 492)"
it_mc492_baleno_1;Baleno (MC 492)
it_mc492_baleno_2;Convertible Motor Gunboat

it_gabbiano_class_shop;Gabbiano (GB)
it_gabbiano_class_0;"<color=#81c3fc>Cantiere navale di Voltri</color>
<color=#fffa62>Corvetta classe Gabbiano, 1ª Serie</color>
Gabbiano (GB)"
it_gabbiano_class_1;Gabbiano
it_gabbiano_class_2;Corvette

it_gabbiano_class_c16_shop;Folaga (F 576)
it_gabbiano_class_c16_0;"<color=#81c3fc>Cantiere navale di Sestri Ponente</color>
<color=#fffa62>Corvetta classe Gabbiano, 1ª Serie</color>
Folaga (F 576)
<color=#adadad>(1953)</color>"
it_gabbiano_class_c16_1;Folaga
it_gabbiano_class_c16_2;Corvette

it_p420_sparviero_shop;Sparviero (P 420)
it_p420_sparviero_0;"<color=#81c3fc>Cantiere Navale del Muggiano</color>
Aliscafo missilistico Sparviero (P 420)"
it_p420_sparviero_1;Sparviero
it_p420_sparviero_2;Missile Hydrofoil

it_p493_freccia_shop;Freccia (P 493)
it_p493_freccia_0;"<color=#81c3fc>Cantiere navali del Tirreno e Riuniti</color>
<color=#fffa62>Motocannoniera convertibile classe 590</color>
Freccia (P 493)"
it_p493_freccia_1;Freccia
it_p493_freccia_2;Convertible Motor Gunboat

it_p494_saetta_shop;Saetta (P 494)
it_p494_saetta_0;"<color=#81c3fc>Cantiere navale Triestino</color>
<color=#fffa62>Motocannoniera convertibile classe 590</color>
Saetta (P 494)"
it_p494_saetta_1;Saetta
it_p494_saetta_2;Convertible Motor Gunboat

//ITALY COASTAL FLEET - VEHICLE/FAMILY START: RANK 5
it_alano_9851_shop;Alano (L 9851)
it_alano_9851_0;"<color=#81c3fc>Commercial Iron Works</color>
<color=#fffa62>Motocannoniera classe Alano</color>
Alano (L 9851)"
it_alano_9851_1;Alano
it_alano_9851_2;Motor Gunboat

it_cassiopea_p401_shop;Cassiopea (P 401)
it_cassiopea_p401_0;"<color=#81c3fc>Fincantieri del Muggiano</color>
<color=#fffa62>Pattugliatori classe Cassiopea</color>
Cassiopea (P 401)"
it_cassiopea_p401_1;Cassiopea
it_cassiopea_p401_2;Patrol Vessel

it_ciclone_class_ghibli_shop;Ghibli (GH)
it_ciclone_class_ghibli_0;"<color=#81c3fc>Cantiere navale di Castellammare di Stabia</color>
<color=#fffa62>Torpediniera classe Ciclone</color>
Ghibli (GH)"
it_ciclone_class_ghibli_1;Ghibli
it_ciclone_class_ghibli_2;Torpedo Boat

it_albatros_class_f543_shop;Albatros (F 543)
it_albatros_class_f543_0;"<color=#81c3fc>Cantiere navale di Castellammare di Stabia</color>
<color=#fffa62>Corvetta classe Albatros</color>
Albatros (F 543)"
it_albatros_class_f543_1;Albatros
it_albatros_class_f543_2;Corvette

it_albatros_class_f544_shop;Alcione (F 544)
it_albatros_class_f544_0;"<color=#81c3fc>Cantiere navale di Castellammare di Stabia</color>
<color=#fffa62>Corvetta classe Albatros</color>
Alcione (F 544)"
it_albatros_class_f544_1;Albatros
it_albatros_class_f544_2;Corvette

//ITALY BLUEWATER FLEET - VEHICLE/FAMILY START: RANK 1
it_destroyer_turbine_shop;Turbine (TB)
it_destroyer_turbine_0;"<color=#81c3fc>Cantiere navale di Sestri Ponente</color>
<color=#fffa62>Cacciatorpediniere classe Turbine</color>
Turbine (TB)"
it_destroyer_turbine_1;Turbine
it_destroyer_turbine_2;Destroyer

it_destroyer_aquilone_shop;Aquilone (AL)
it_destroyer_aquilone_0;"<color=#81c3fc>Cantiere navale di Sestri Ponente <color=@commonTextColor>/</color> Cantiere navali del Quarnaro</color>
<color=#fffa62>Cacciatorpediniere classe Turbine</color>
Aquilone (AL)
<color=#adadad>(1939)</color>"
it_destroyer_aquilone_1;Aquilone
it_destroyer_aquilone_2;Destroyer

it_destroyer_dardo_shop;Dardo (DR)
it_destroyer_dardo_0;"<color=#81c3fc>Cantiere navale di Sestri Ponente</color>
<color=#fffa62>Cacciatorpediniere classe Freccia</color>
Dardo (DR)"
it_destroyer_dardo_1;Dardo
it_destroyer_dardo_2;Destroyer

it_destroyer_saetta_shop;Saetta (SA)
it_destroyer_saetta_0;"<color=#81c3fc>Cantiere navale del Tirreno di Riva Trigoso <color=@commonTextColor>/</color> Cantiere navali riuniti di
Palermo</color>
<color=#fffa62>Cacciatorpediniere classe Freccia</color>
Saetta (SA)
<color=#adadad>(1942)</color>"
it_destroyer_saetta_1;Saetta
it_destroyer_saetta_2;Destroyer

it_destroyer_oriani_class_gioberti_shop;Vincenzo Gioberti (GB)
it_destroyer_oriani_class_gioberti_0;"<color=#81c3fc>Odero-Terni-Orlando Cantiere di Livorno <color=@commonTextColor>/</color> Cantiere navale di
Castellammare di Stabia</color>
<color=#fffa62>Cacciatorpediniere classe Alfredo Oriani</color>
Vincenzo Gioberti (GB)
<color=#adadad>(1942)</color>"
it_destroyer_oriani_class_gioberti_1;Vincenzo Gioberti (GB)
it_destroyer_oriani_class_gioberti_2;Destroyer

it_destroyer_vifor_class_aquila_shop;Aquila (AQ)
it_destroyer_vifor_class_aquila_0;"<color=#81c3fc>Cantiere navali Pattison</color>
<color=#fffa62>Cacciatorpediniere classe Aquila</color>
Aquila (AQ)"
it_destroyer_vifor_class_aquila_1;Aquila
it_destroyer_vifor_class_aquila_2;Destroyer

it_destroyer_maestrale_class_grecale_shop;Grecale (GR)
it_destroyer_maestrale_class_grecale_0;"<color=#81c3fc>Cantiere Navali del Tirreno e Riuniti <color=@commonTextColor>/</color> Arsenale militare marittimo della
Spezia</color>
<color=#fffa62>Cacciatorpediniere classe Maestrale</color>
Gercale (GR)
<color=#adadad>(1949)</color>"
it_destroyer_maestrale_class_grecale_1;Grecale
it_destroyer_maestrale_class_grecale_2;Destroyer

//ITALY BLUEWATER FLEET - VEHICLE/FAMILY START: RANK 2
it_destroyer_leone_class_shop;Leone (LE)
it_destroyer_leone_class_0;"<color=#81c3fc>Cantiere navale di Sestri Ponente</color>
<color=#fffa62>Esploratore classe Leone</color>
Leone (LE)
<color=#adadad>(1936)</color>"
it_destroyer_leone_class_1;Leone
it_destroyer_leone_class_2;Destroyer

it_destroyer_leone_class_tigre_shop;Tigre (TI)
it_destroyer_leone_class_tigre_0;"<color=#81c3fc>Cantiere navale di Sestri Ponente</color>
<color=#fffa62>Esploratore classe Leone</color>
Tigre (TI)
<color=#adadad>(1931)</color>"
it_destroyer_leone_class_tigre_1;Tigre
it_destroyer_leone_class_tigre_2;Destroyer

it_destroyer_soldati_serie1_camicianera_shop;Camicia Nera (CN)
it_destroyer_soldati_serie1_camicianera_0;"<color=#81c3fc>Odero-Terni-Orlando Cantiere di Livorno</color>
<color=#fffa62>Cacciatorpediniere classe Soldati, 1ª Serie</color>
Camicia Nera (CN)"
it_destroyer_soldati_serie1_camicianera_1;Camicia Nera
it_destroyer_soldati_serie1_camicianera_2;Destroyer

it_destroyer_soldati_serie1_geniere_shop;Geniere (GE)
it_destroyer_soldati_serie1_geniere_0;"<color=#81c3fc>Odero-Terni-Orlando Cantiere di Livorno</color>
<color=#fffa62>Cacciatorpediniere classe Soldati, 1ª Serie</color>
Geniere (GE)
<color=#adadad>(1942)</color>"
it_destroyer_soldati_serie1_geniere_1;Geniere
it_destroyer_soldati_serie1_geniere_2;Destroyer

it_destroyer_soldati_serie1_shop;Aviere (AV)
it_destroyer_soldati_serie1_0;"<color=#81c3fc>Odero-Terni-Orlando Cantiere di Livorno</color>
<color=#fffa62>Cacciatorpediniere classe Soldati, 1ª Serie</color>
Aviere (AV)"
it_destroyer_soldati_serie1_1;Aviere
it_destroyer_soldati_serie1_2;Destroyer

it_destroyer_comandanti_medaglie_doro_shop;Comandante Margottini (MA)
it_destroyer_comandanti_medaglie_doro_0;"<color=#81c3fc>Odero-Terni-Orlando Cantiere di Livorno</color>
<color=#fffa62>Cacciatorpediniere classe Comandanti Medaglie d'Oro, 1ª Serie</color>
Comandante Margottini (MA)"
it_destroyer_comandanti_medaglie_doro_1;Comandante Margottini
it_destroyer_comandanti_medaglie_doro_2;Destroyer

it_destroyer_impetuoso_class_impetuoso_shop;Impetuoso (D 558)
it_destroyer_impetuoso_class_impetuoso_0;"<color=#81c3fc>Cantiere navale di Riva Trigoso</color>
<color=#fffa62>Cacciatorpediniere classe Indomito</color>
Impetuoso (D 558)"
it_destroyer_impetuoso_class_impetuoso_1;Impetuoso
it_destroyer_impetuoso_class_impetuoso_2;Destroyer

it_destroyer_fletcher_geniere_shop;Geniere (D 555)
it_destroyer_fletcher_geniere_0;"<color=#81c3fc>Seattle-Tacoma Shipbuilding Corporation</color>
<color=#fffa62>Cacciatorpediniere classe Fante</color>
Geniere (D 555)"
it_destroyer_fletcher_geniere_1;Geniere
it_destroyer_fletcher_geniere_2;Destroyer

//ITALY BLUEWATER FLEET - VEHICLE/FAMILY START: RANK 3
it_destroyer_navigatori_class_verazzano_shop;Giovanni da Verazzano (DV)
it_destroyer_navigatori_class_verazzano_0;"<color=#81c3fc>Cantiere navali del Quarnaro</color>
<color=#fffa62>Cacciatorpediniere classe Navigatori</color>
Giovanni da Verazzano (DV)
<color=#adadad>(1940)</color>"
it_destroyer_navigatori_class_verazzano_1;Giovanni da Verazzano
it_destroyer_navigatori_class_verazzano_2;Destroyer

it_cruiser_bartolomeocolleoni_1940_shop;Bartolomeo Colleoni
it_cruiser_bartolomeocolleoni_1940_0;"<color=#81c3fc>Cantiere navale di Sestri Ponente</color>
<color=#fffa62>Incrociatore leggero classe Condottieri tipo Alberto di Giussano</color>
Bartolomeo Colleoni"
it_cruiser_bartolomeocolleoni_1940_1;Bartolomeo Colleoni
it_cruiser_bartolomeocolleoni_1940_2;Light Cruiser

it_cruiser_cadorna_class_diaz_shop;Armando Diaz
it_cruiser_cadorna_class_diaz_0;"<color=#81c3fc>Società per la Costruzione di Navi, Macchine ed Artiglierie Odero
Terni-Orlando di Muggiano</color>
<color=#fffa62>Incrociatore leggero classe Condottieri tipo Luigi Cadorna</color>
Armando Diaz"
it_cruiser_cadorna_class_diaz_1;Armando Diaz
it_cruiser_cadorna_class_diaz_2;Light Cruiser

it_cruiser_cadorna_class_cadorna_shop;Luigi Cadorna
it_cruiser_cadorna_class_cadorna_0;"<color=#81c3fc>Cantiere riuniti dell'Adriatico</color>
<color=#fffa62>Incrociatore leggero classe Condottieri tipo Luigi Cadorna</color>
Luigi Cadorna
<color=#adadad>(1944)</color>"
it_cruiser_cadorna_class_cadorna_1;Luigi Cadorna
it_cruiser_cadorna_class_cadorna_2;Light Cruiser

it_cruiser_etna_class_shop;Etna
it_cruiser_etna_class_0;"<color=#81c3fc>Cantiere navale Triestino</color>
<color=#fffa62>Incrociatore leggero classe Etna</color>
Etna"
it_cruiser_etna_class_1;Etna
it_cruiser_etna_class_2;Light Cruiser

it_cruiser_capitani_romani_class_attilio_regolo_shop;Attilio Regolo
it_cruiser_capitani_romani_class_attilio_regolo_0;"<color=#81c3fc>Odero-Terni-Orlando Cantiere di Livorno</color>
<color=#fffa62>Incrociatore leggero classe Capitani Romani</color>
Attilio Regolo"
it_cruiser_capitani_romani_class_attilio_regolo_1;Attilio Regolo
it_cruiser_capitani_romani_class_attilio_regolo_2;Light Cruiser

it_cruiser_capitani_romani_class_attilio_regolo_EC_0;Incrociatore leggero classe Capitani Romani
Attilio Regolo
it_cruiser_capitani_romani_class_attilio_regolo_EC_1;Attilio Regolo
it_cruiser_capitani_romani_class_attilio_regolo_EC_2;Light Cruiser

//ITALY BLUEWATER FLEET - VEHICLE/FAMILY START: RANK 4
it_cruiser_montecuccoli_shop;Raimondo Montecuccoli
it_cruiser_montecuccoli_0;"<color=#81c3fc>Cantiere navale di Sestri Ponente <color=@commonTextColor>/</color> Arsenale militare marittimo della
Spezia</color>
<color=#fffa62>Incrociatore leggero classe Condottieri tipo Raimondo Montecuccoli</color>
Raimondo Montecuccoli
<color=#adadad>(1943)</color>"
it_cruiser_montecuccoli_1;Raimondo Montecuccoli
it_cruiser_montecuccoli_2;Light Cruiser

it_cruiser_montecuccoli_EC_0;Incrociatore leggero classe Condottieri tipo Raimondo Montecuccoli
Raimondo Montecuccoli
<color=#adadad>(1943)</color>
it_cruiser_montecuccoli_EC_1;Raimondo Montecuccoli
it_cruiser_montecuccoli_EC_2;Light Cruiser

it_cruiser_eugenio_di_savoia_shop;Eugenio di Savoia
it_cruiser_eugenio_di_savoia_0;"<color=#81c3fc>Cantiere navale di Sestri Ponente <color=@commonTextColor>/</color> Cantiere navale di Castellammare di
Stabia</color>
<color=#fffa62>Incrociatore leggero classe Condottieri tipo Emanuele Filiberto Duca
d'Aosta</color>
Eugenio di Savoia
<color=#adadad>(1943)</color>"
it_cruiser_eugenio_di_savoia_1;Eugenio di Savoia
it_cruiser_eugenio_di_savoia_2;Light Cruiser

it_cruiser_garibaldi_class_abruzzi_shop;Luigi di Savoia Duca degli Abruzzi
it_cruiser_garibaldi_class_abruzzi_0;"<color=#81c3fc>Società per la Costruzione di Navi, Macchine ed Artiglierie Odero
Terni-Orlando di Muggiano <color=@commonTextColor>/</color> Port of Freetown</color>
<color=#fffa62>Incrociatore leggero classe Condottieri tipo Luigi di Savoia Duca degli
Abruzzi</color>
Luigi di Savoia Duca degli Abruzzi
<color=#adadad>(1944)</color>"
it_cruiser_garibaldi_class_abruzzi_1;Luigi di Savoia Duca degli Abruzzi
it_cruiser_garibaldi_class_abruzzi_2;Light Cruiser

it_cruiser_trento_shop;Trento
it_cruiser_trento_0;"<color=#81c3fc>Odero-Terni-Orlando Cantiere di Livorno <color=@commonTextColor>/</color> Arsenale militare marittimo
della Spezia</color>
<color=#fffa62>Incrociatore pesante Trento</color>
Trento
<color=#adadad>(1937)</color>"
it_cruiser_trento_1;Trento
it_cruiser_trento_2;Heavy Cruiser

it_cruiser_trento_EC_0;Incrociatore pesante Trento
Trento
<color=#adadad>(1937)</color>
it_cruiser_trento_EC_1;Trento
it_cruiser_trento_EC_2;Heavy Cruiser

it_cruiser_bolzano_shop;Bolzano
it_cruiser_bolzano_0;"<color=#81c3fc>Cantiere navale di Sestri Ponente</color>
<color=#fffa62>Incrociatore pesante Bolzano</color>
Bolzano
<color=#adadad>(1937)</color>"
it_cruiser_bolzano_1;Bolzano
it_cruiser_bolzano_2;Heavy Cruiser

it_cruiser_zara_class_pola_shop;Pola
it_cruiser_zara_class_pola_0;"<color=#81c3fc>Odero-Terni-Orlando Cantiere di Livorno <color=@commonTextColor>/</color> Cantiere navale Triestino</color>
<color=#fffa62>Incrociatore pesante Zara</color>
Pola
<color=#adadad>(1937)</color>"
it_cruiser_zara_class_pola_1;Pola
it_cruiser_zara_class_pola_2;Heavy Cruiser

it_cruiser_zara_class_shop;Zara
it_cruiser_zara_class_0;"<color=#81c3fc>Società per la Costruzione di Navi, Macchine ed Artiglierie Odero
Terni-Orlando di Muggiano <color=@commonTextColor>/</color> Cantiere navale Triestino</color>
<color=#fffa62>Incrociatore pesante Zara</color>
Zara
<color=#adadad>(1937)</color>"
it_cruiser_zara_class_1;Zara
it_cruiser_zara_class_2;Heavy Cruiser

it_cruiser_zara_class_EC_0;Incrociatore pesante Zara
Zara
<color=#adadad>(1937)</color>
it_cruiser_zara_class_EC_1;Zara
it_cruiser_zara_class_EC_2;Heavy Cruiser

//ITALY BLUEWATER FLEET - VEHICLE/FAMILY START: RANK 5
it_battleship_dante_alighieri_shop;Dante Alighieri
it_battleship_dante_alighieri_0;"<color=#81c3fc>Regio arsenale <color=@commonTextColor>/</color> Cantiere navale Triestino</color>
<color=#fffa62>Corazzata Dante Alighieri</color>
Dante Alighieri
<color=#adadad>(1923)</color>"
it_battleship_dante_alighieri_1;Dante Alighieri
it_battleship_dante_alighieri_2;Battleship

it_battleship_francesco_caracciolo_shop;Francesco Caracciolo
it_battleship_francesco_caracciolo_0;"<color=#81c3fc>Cantiere navale di Castellammare di Stabia</color>
<color=#fffa62>Corazzata classe Francesco Caracciolo</color>
Francesco Caracciolo"
it_battleship_francesco_caracciolo_1;Francesco Caracciolo
it_battleship_francesco_caracciolo_2;Battleship

it_battleship_andrea_doria_shop;Andrea Doria
it_battleship_andrea_doria_0;"<color=#81c3fc>Arsenale militare marittimo della Spezia</color>
<color=#fffa62>Corazzata classe Duilio</color>
Andrea Doria
<color=#adadad>(1925)</color>"
it_battleship_andrea_doria_1;Andrea Doria
it_battleship_andrea_doria_2;Battleship

it_battleship_leonardo_da_vinci_shop;Leonardo da Vinci
it_battleship_leonardo_da_vinci_0;"<color=#81c3fc>Cantiere della Foce</color>
<color=#fffa62>Corazzata classe Conte di Cavour</color>
Leonardo da Vinci"
it_battleship_leonardo_da_vinci_1;Leonardo da Vinci
it_battleship_leonardo_da_vinci_2;Battleship

it_battleship_conte_di_cavour_shop;Conte di Cavour
it_battleship_conte_di_cavour_0;"<color=#81c3fc>Arsenale militare marittimo della Spezia <color=@commonTextColor>/</color> Cantiere navale Triestino</color>
<color=#fffa62>Corazzata classe Conte di Cavour</color>
Conte di Cavour
<color=#adadad>(1944)</color>"
it_battleship_conte_di_cavour_1;Conte di Cavour
it_battleship_conte_di_cavour_2;Battleship

//ITALY BLUEWATER FLEET - VEHICLE/FAMILY START: RANK 6
it_battleship_caio_duilio_shop;Duilio
it_battleship_caio_duilio_0;"<color=#81c3fc>Cantiere navale di Castellammare di Stabia <color=@commonTextColor>/</color> Cantiere navali del Tirreno
e Riuniti</color>
<color=#fffa62>Corazzata classe Duilio</color>
Duilio
<color=#adadad>(1942)</color>"
it_battleship_caio_duilio_1;Duilio
it_battleship_caio_duilio_2;Battleship

//ITALY BLUEWATER FLEET - VEHICLE/FAMILY START: RANK 7
it_battleship_littorio_class_roma_shop;Roma
it_battleship_littorio_class_roma_0;"<color=#81c3fc>Cantiere riuniti dell'Adriatico</color>
<color=#fffa62>Corazzata classe Littorio</color>
Roma"
it_battleship_littorio_class_roma_1;Roma
it_battleship_littorio_class_roma_2;Battleship

it_battleship_littorio_class_littorio_shop;Italia
it_battleship_littorio_class_littorio_0;"<color=#81c3fc>Cantiere navale di Sestri Ponente <color=@commonTextColor>/</color> Arsenale militare marittimo della
Spezia</color>
<color=#fffa62>Corazzata classe Littorio</color>
Italia"
it_battleship_littorio_class_littorio_1;Italia
it_battleship_littorio_class_littorio_2;Battleship

//FRANCE AIRCRAFT - VEHICLE/FAMILY START: RANK 1
d_371_hs9_shop;D.371 (HS.9)
d_371_hs9_0;"D.371
<color=#adadad>(HS.9)</color>"
d_371_hs9_1;D.371
d_371_hs9_2;D.371

h-75a-1_france_shop;☨ H75-C1 (1ère série)
h-75a-1_france_0;"☨ H75-C1
<color=#adadad>(1ère série)</color>"
h-75a-1_france_1;☨ H75-C1
h-75a-1_france_2;☨ H75

h-75a-4_france_shop;☨ H75-C1 (4ème série)
h-75a-4_france_0;"☨ H75-C1
<color=#adadad>(4ème série)</color>"
h-75a-4_france_1;☨ H75-C1
h-75a-4_france_2;☨ H75

f_222_2_shop;F.222.2
f_222_2_0;"<color=#81c3fc>Avions Farman</color>
F.222.2"
f_222_2_1;F.222.2
f_222_2_2;F.222.2

maryland_mk1_france_shop;Martin 167 A-3
maryland_mk1_france_0;"<color=#81c3fc>Glenn L. Martin Company Model 167F</color>
Martin 167 A-3 ""Glenn"""
maryland_mk1_france_1;Martin 167 A
maryland_mk1_france_2;Martin 167

gladiator_mk1_belgium_shop;▄ Gladiator Mk. I
gladiator_mk1_belgium_0;"<color=#81c3fc>Gloster Aircraft Company SS.37</color>
▄ Gladiator Mk. I"
gladiator_mk1_belgium_1;▄ Gladiator Mk. I
gladiator_mk1_belgium_2;▄ Gladiator

fokker_d21_netherlands_shop;D.XXI-2
fokker_d21_netherlands_0;"<color=#81c3fc>Koninklijke Nederlandse Vliegtuigenfabriek Fokker Ontwerp 141</color>
D.XXI-2"
fokker_d21_netherlands_1;D.XXI-2
fokker_d21_netherlands_2;D.XXI

d_510_shop;Pallier's D.510
d_510_0;"D.510
<color=@currencyGoldColor>Gabriel Pallier's</color>"
d_510_1;Pallier's D.510
d_510_2;D.510

pby-5a_late_france_shop;☨ PBY-5A (late)
pby-5a_late_france_0;"☨ PBY-5A Catalina
<color=#adadad>(late)</color>"
pby-5a_late_france_1;☨ PBY-5
pby-5a_late_france_2;PBY

mb_151c1_shop;M.B.151-C1
mb_151c1_0;"<color=#81c3fc>Société des Avions Marcel Bloch</color>
M.B.151-C1"
mb_151c1_1;M.B.151-C1
mb_151c1_2;M.B.151

//FRANCE AIRCRAFT - VEHICLE/FAMILY START: RANK 2
vg_33_shop;VG 33-C1
vg_33_0;"<color=#81c3fc>Arsenal de l'Aéronautique</color>
VG 33-C1"
vg_33_1;VG 33-C1
vg_33_2;VG 33

d_520_france_shop;D.520-C1
d_520_france_0;"<color=#81c3fc>Société nationale des constructions aéronautiques du Midi</color>
D.520-C1"
d_520_france_1;D.520-C1
d_520_france_2;D.520

a-35b_shop;☨ A-35B-1-VN
a-35b_0;"<color=#81c3fc>Vultee Aircraft V-88</color>
☨ A-35B-1-VN Vengeance"
a-35b_1;☨ A-35B
a-35b_2;☨ A-35

leo_451_early_shop;LeO 451 (early)
leo_451_early_0;"LeO 451
<color=#adadad>(early)</color>"
leo_451_early_1;LeO 451
leo_451_early_2;LeO 451

leo_451_late_shop;LeO 451 (late)
leo_451_late_0;"LeO 451
<color=#adadad>(late)</color>"
leo_451_late_1;LeO 451
leo_451_late_2;LeO 451

fokker_g1a_shop;G.I (Mercury Mk. VIII)
fokker_g1a_0;"<color=#81c3fc>Koninklijke Nederlandse Vliegtuigenfabriek Fokker Ontwerp 138</color>
G.I
<color=#adadad>(Mercury Mk. VIII)</color>"
fokker_g1a_1;G.I
fokker_g1a_2;G.I

fokker_d23_shop;D.XXIII
fokker_d23_0;"<color=#81c3fc>Koninklijke Nederlandse Vliegtuigenfabriek Fokker Ontwerp 155</color>
D.XXIII"
fokker_d23_1;D.XXIII
fokker_d23_2;D.XXIII

p-40f-5_france_ep_shop;☨ P-40F-5-CU (EC 2/4)
p-40f-5_france_ep_0;"☨ P-40F-5-CU
<color=@currencyGoldColor>Escadron de Chasse 2/4</color>"
p-40f-5_france_ep_1;☨ P-40F
p-40f-5_france_ep_2;☨ P-40

//FRANCE AIRCRAFT - VEHICLE/FAMILY START: RANK 3
vb_10_02_shop;VB 10-02
vb_10_02_0;"<color=#81c3fc>Arsenal de l'Aéronautique</color>
VB 10-02"
vb_10_02_1;VB 10-02
vb_10_02_2;VB 10

vb_10c1_shop;VB 10-C1
vb_10c1_0;"<color=#81c3fc>Arsenal de l'Aéronautique</color>
VB 10-C1"
vb_10c1_1;VB 10-C1
vb_10c1_2;VB 10

firefly_mk4_netherlands_shop;◘ Firefly F.R. Mk. 4
firefly_mk4_netherlands_0;"<color=#81c3fc>Fairey Aviation Company</color>
◘ Firefly F.R. Mk. 4"
firefly_mk4_netherlands_1;◘ Firefly F.R. Mk. 4
firefly_mk4_netherlands_2;◘ Firefly

yak-9t_france_shop;☨ Challe's Âk-9T
yak-9t_france_0;"☨ Âk-9T
<color=@currencyGoldColor>René Challe's</color>"
yak-9t_france_1;☨ Âk-9T
yak-9t_france_2;☨ Âk-9

sb_25j_netherlands_shop;◘ B-25K
sb_25j_netherlands_0;"<color=#81c3fc>North American Aviation NA-108</color>
◘ B-25K Mitchell"
sb_25j_netherlands_1;◘ B-25K
sb_25j_netherlands_2;◘ B-25

//FRANCE AIRCRAFT - VEHICLE/FAMILY START: RANK 4
seafire_mk3_france_shop;☨ Seafire Mk. III
seafire_mk3_france_0;"<color=#81c3fc>Supermarine Aviation Works (Vickers) Type 358</color>
☨ Seafire Mk. III"
seafire_mk3_france_1;☨ Seafire Mk. III
seafire_mk3_france_2;☨ Seafire

sea_fury_fb51_shop;◘ Sea Fury Mk. 51
sea_fury_fb51_0;"<color=#81c3fc>Hawker Aircraft</color>
◘ Sea Fury Mk. 51"
sea_fury_fb51_1;◘ Sea Fury Mk. 51
sea_fury_fb51_2;◘ Sea Fury

pb4y-2_france_shop;☨ PB4Y-2S (Désarmer)
pb4y-2_france_0;"☨ PB4Y-2S
<color=#adadad>(Désarmer)</color>"
pb4y-2_france_1;☨ PB4Y-2
pb4y-2_france_2;☨ PB4Y

spitfire_fr_mk14e_belgium_shop;▄ Spitfire L.F. Mk. XIV (e)
spitfire_fr_mk14e_belgium_0;"<color=#81c3fc>Supermarine Aviation Works (Vickers) Type 379</color>
▄ Spitfire L.F. Mk. XIV (e)"
spitfire_fr_mk14e_belgium_1;▄ Spitfire L.F. Mk. XIV
spitfire_fr_mk14e_belgium_2;▄ Spitfire

hunter_f6_holland_shop;◘ Hunter F. Mk. 6
hunter_f6_holland_0;"<color=#81c3fc>Hawker Aircraft</color>
◘ Hunter F. Mk. 6"
hunter_f6_holland_1;◘ Hunter F. Mk. 6
hunter_f6_holland_2;◘ Hunter

//FRANCE AIRCRAFT - VEHICLE/FAMILY START: RANK 5
md_452_mystere_2c_preproduction_shop;Mystère II C
md_452_mystere_2c_preproduction_0;"M.D.452 Mystère II C
<color=#adadad>(pre-production)</color>"
md_452_mystere_2c_preproduction_1;Mystère II C
md_452_mystere_2c_preproduction_2;Mystère II C

so_4050_vautour_2n_late_shop;Vautour II N (M)
so_4050_vautour_2n_late_0;"S.O.4050 Vautour II N
<color=#adadad>(M)</color>"
so_4050_vautour_2n_late_1;Vautour II N (M)
so_4050_vautour_2n_late_2;Vautour II

so_4050_vautour_2n_shop;Vautour II N (C)
so_4050_vautour_2n_0;"S.O.4050 Vautour II N
<color=#adadad>(C)</color>"
so_4050_vautour_2n_1;Vautour II N (C)
so_4050_vautour_2n_2;Vautour II

meteor_fmk8_belgium_shop;▄ Meteor F. Mk. 8
meteor_fmk8_belgium_0;"<color=#81c3fc>Gloster Aircraft Company G.41K <color=@commonTextColor>/</color> Avions Fairey</color>
▄ Meteor F. Mk. 8"
meteor_fmk8_belgium_1;▄ Meteor F. Mk. 8
meteor_fmk8_belgium_2;▄ Meteor

sea_hawk_fga50_netherlands_shop;◘ Sea Hawk Mk. 50
sea_hawk_fga50_netherlands_0;"<color=#81c3fc>Hawker Aircraft</color>
◘ Sea Hawk Mk. 50"
sea_hawk_fga50_netherlands_1;◘ Sea Hawk Mk. 50
sea_hawk_fga50_netherlands_2;◘ Sea Hawk

//FRANCE AIRCRAFT - VEHICLE/FAMILY START: RANK 6
alpha_jet_e_shop;☨ Alpha Jet E
alpha_jet_e_0;"<color=#81c3fc>Avions Marcel Dassault-Breguet Aviation <color=@commonTextColor>+</color> Dornier Flugzeugwerke</color>
☨ Alpha Jet E"
alpha_jet_e_1;☨ Alpha Jet E
alpha_jet_e_2;☨ Alpha Jet

mirage_milan_shop;Milan S 01
mirage_milan_0;"<color=#81c3fc>Avions Marcel Dassault-Breguet Aviation</color>
Milan S 01"
mirage_milan_1;Milan
mirage_milan_2;Milan

f-84f_iaf_shop;☨ F-84F-51-GK (EC 1/1)
f-84f_iaf_0;"<color=#81c3fc>Republic Aviation Corporation AP-23M</color>
☨ F-84F-51-GK Thunderstreak
<color=@currencyGoldColor>Escadron de Chasse 1/1 ""Corse""</color>"
f-84f_iaf_1;☨ F-84F
f-84f_iaf_2;☨ F-84

//FRANCE AIRCRAFT - VEHICLE/FAMILY START: RANK 7
mirage_3c_shop;Mirage III C
mirage_3c_0;"<color=#81c3fc>Avions Marcel Dassault</color>
Mirage III C"
mirage_3c_1;Mirage III C
mirage_3c_2;Mirage

mirage_3e_shop;Mirage III E
mirage_3e_0;"<color=#81c3fc>Avions Marcel Dassault</color>
Mirage III E"
mirage_3e_1;Mirage III E
mirage_3e_2;Mirage

mirage_5f_shop;Mirage 5 F
mirage_5f_0;"<color=#81c3fc>Avions Marcel Dassault-Breguet Aviation</color>
Mirage 5 F"
mirage_5f_1;Mirage 5 F
mirage_5f_2;Mirage

mirage_5ba_shop;▄ Mirage 5 BA
mirage_5ba_0;"<color=#81c3fc>Avions Marcel Dassault-Breguet Aviation <color=@commonTextColor>/</color> Sociétés Anonyme Belge
de Constructions Aéronautiques</color>
▄ Mirage 5 BA"
mirage_5ba_1;▄ Mirage 5 BA
mirage_5ba_2;▄ Mirage

mirage_f1c_shop;Mirage F1 C
mirage_f1c_0;"<color=#81c3fc>Avions Marcel Dassault-Breguet Aviation</color>
Mirage F1 C"
mirage_f1c_1;Mirage F1 C
mirage_f1c_2;Mirage

mirage_f1ct_shop;Mirage F1 CT
mirage_f1ct_0;"<color=#81c3fc>Dassault Aviation</color>
Mirage F1 CT"
mirage_f1ct_1;Mirage F1 CT
mirage_f1ct_2;Mirage

mirage_f1c_200_shop;Mirage F1 C-200
mirage_f1c_200_0;"<color=#81c3fc>Avions Marcel Dassault-Breguet Aviation</color>
Mirage F1 C-200"
mirage_f1c_200_1;Mirage F1 C
mirage_f1c_200_2;Mirage

super_etendard_97_shop;Super Étendard M (S4)
super_etendard_97_0;"Super Étendard Modernisé
<color=#adadad>(Standard 4)</color>"
super_etendard_97_1;Super Étendard M
super_etendard_97_2;Super Étendard

jaguar_a_shop;☨ Jaguar A
jaguar_a_0;"<color=#81c3fc>SEPECAT Jaguar A</color>
☨ Jaguar Type A"
jaguar_a_1;☨ Jaguar A
jaguar_a_2;☨ Jaguar

jaguar_e_shop;☨ Jaguar E
jaguar_e_0;"<color=#81c3fc>SEPECAT Jaguar E</color>
☨ Jaguar Type E"
jaguar_e_1;☨ Jaguar E
jaguar_e_2;☨ Jaguar

nf_5a_netherlands_shop;◘ NF-5A
nf_5a_netherlands_0;"<color=#81c3fc>Northrop Corporation N-156 <color=@commonTextColor>/</color> Canadair CL-226-1A10</color>
◘ NF-5A Freedom Fighter"
nf_5a_netherlands_1;◘ NF-5A
nf_5a_netherlands_2;◘ NF-5

//FRANCE AIRCRAFT - VEHICLE/FAMILY START: RANK 8
mirage_2000c_s5_shop;Mirage 2000 C S5
mirage_2000c_s5_0;"<color=#81c3fc>Avions Marcel Dassault-Breguet Aviation</color>
Mirage 2000 C S5"
mirage_2000c_s5_1;Mirage 2000 C
mirage_2000c_s5_2;Mirage 2000

mirage_2000_5f_shop;Mirage 2000-5 F
mirage_2000_5f_0;"<color=#81c3fc>Dassault Aviation</color>
Mirage 2000-5 F"
mirage_2000_5f_1;Mirage 2000-5
mirage_2000_5f_2;Mirage 2000

mirage_2000d_r1_shop;Mirage 2000 D R1 (ECLAIR-M)
mirage_2000d_r1_0;"<color=#81c3fc>Dassault Aviation</color>
Mirage 2000 D R1
<color=#adadad>(ECLAIR-M)</color>"
mirage_2000d_r1_1;Mirage 2000 D
mirage_2000d_r1_2;Mirage 2000

mirage_2000d_rmv_shop;Mirage 2000 D RMV
mirage_2000d_rmv_0;"<color=#81c3fc>Dassault Aviation</color>
Mirage 2000 D Rénovation Mi-Vie"
mirage_2000d_rmv_1;Mirage 2000 D
mirage_2000d_rmv_2;Mirage 2000

mirage_2000c_s4_shop;Mirage 2000 C S4
mirage_2000c_s4_0;"<color=#81c3fc>Avions Marcel Dassault-Breguet Aviation</color>
Mirage 2000 C S4"
mirage_2000c_s4_1;Mirage 2000 C
mirage_2000c_s4_2;Mirage 2000

mirage_4000_shop;Mirage 4000 (1986)
mirage_4000_0;"<color=#81c3fc>Avions Marcel Dassault-Breguet Aviation</color>
Mirage 4000
<color=#adadad>(1986)</color>"
mirage_4000_1;Mirage 4000
mirage_4000_2;Mirage 4000

f_16a_block_15_belgium_shop;▄ F-16A-15-CF
f_16a_block_15_belgium_0;"<color=#81c3fc>General Dynamics Corporation <color=@commonTextColor>/</color> Sociétés Anonyme Belge de
Constructions Aéronautiques</color>
▄ F-16A-15-CF Fighting Falcon"
f_16a_block_15_belgium_1;▄ F-16A
f_16a_block_15_belgium_2;▄ F-16

f_16am_block_15_mlu_belgium_shop;▄ F-16AM-20-CF
f_16am_block_15_mlu_belgium_0;"<color=#81c3fc>General Dynamics Corporation <color=@commonTextColor>/</color> Sociétés Anonyme Belge de
Constructions Aéronautiques</color>
▄ F-16AM-20-CF Fighting Falcon"
f_16am_block_15_mlu_belgium_1;▄ F-16AM
f_16am_block_15_mlu_belgium_2;▄ F-16

f_16a_block_5_netherlands_shop;◘ F-16A-5-CF
f_16a_block_5_netherlands_0;"<color=#81c3fc>General Dynamics Corporation <color=@commonTextColor>/</color> Koninklijke Nederlandse
Vliegtuigenfabriek Fokker</color>
◘ F-16A-5-CF Fighting Falcon"
f_16a_block_5_netherlands_1;◘ F-16A
f_16a_block_5_netherlands_2;◘ F-16

f_16a_block_15_ocu_belgium_shop;▄ F-16A-15OCU-CF
f_16a_block_15_ocu_belgium_0;"<color=#81c3fc>General Dynamics Corporation <color=@commonTextColor>/</color> Sociétés Anonyme Belge de
Constructions Aéronautiques</color>
▄ F-16A-15OCU-CF Fighting Falcon"
f_16a_block_15_ocu_belgium_1;▄ F-16A
f_16a_block_15_ocu_belgium_2;▄ F-16

f_16am_block_20_mlu_netherlands_shop;◘ F-16AM-20-CF
f_16am_block_20_mlu_netherlands_0;"<color=#81c3fc>General Dynamics Corporation <color=@commonTextColor>/</color> Koninklijke Nederlandse
Vliegtuigenfabriek Fokker</color>
◘ F-16AM-20-CF Fighting Falcon"
f_16am_block_20_mlu_netherlands_1;◘ F-16A
f_16am_block_20_mlu_netherlands_2;◘ F-16

f_16am_block_15_mlu_fs_belgium_shop;▄ F-16AM-20-CF (1re Esc.)
f_16am_block_15_mlu_fs_belgium_0;"<color=#81c3fc>General Dynamics Corporation <color=@commonTextColor>/</color> Sociétés Anonyme Belge de
Constructions Aéronautiques</color>
▄ F-16AM-20-CF Fighting Falcon
<color=@currencyGoldColor>1re Escadrille ""Stingers""</color>"
f_16am_block_15_mlu_fs_belgium_1;▄ F-16A
f_16am_block_15_mlu_fs_belgium_2;▄ F-16

f_16a_block_15_adf_france_killstreak_shop;☢☨ F-16A-15ADF-CF
f_16a_block_15_adf_france_killstreak_0;"<color=#81c3fc>General Dynamics Corporation</color>
☢☨ F-16A-15ADF-CF Fighting Falcon"
f_16a_block_15_adf_france_killstreak_1;☢☨ F-16A
f_16a_block_15_adf_france_killstreak_2;☢☨ F-16

//FRANCE AIRCRAFT - VEHICLE/FAMILY START: RANK 9
rafale_c_f3_shop;Rafale C (F3R)
rafale_c_f3_0;"<color=#81c3fc>Dassault Aviation</color>
Rafale C
<color=#adadad>(F3R)</color>"
rafale_c_f3_1;Rafale C
rafale_c_f3_2;Rafale

rafale_m_f3r_shop;Rafale M (F3R)
rafale_m_f3r_0;"<color=#81c3fc>Dassault Aviation</color>
Rafale M
<color=#adadad>(F3R)</color>"
rafale_m_f3r_1;Rafale M
rafale_m_f3r_2;Rafale

//FRANCE HELICOPTERS - VEHICLE/FAMILY START: RANK 5
sa_313b_france_shop;SE 313 B
sa_313b_france_0;"<color=#81c3fc>Sud-Aviation</color>
SE 313 B Alouette II"
sa_313b_france_1;SE 313 B
sa_313b_france_2;SE 313

sa_316b_shop;SA 316 B
sa_316b_0;"<color=#81c3fc>Sud-Aviation</color>
SA 316 B Alouette III"
sa_316b_1;SA 316 B
sa_316b_2;SA 316

iar_316b_shop;I.A.R. 316 B
iar_316b_0;"<color=#81c3fc>Société Nationale Industrielle Aérospatiale <color=@commonTextColor>/</color> Industria Aeronautică
Română</color>
Elicopterul I.A.R. 316 B"
iar_316b_1;I.A.R. 316 B
iar_316b_2;I.A.R. 316

//FRANCE HELICOPTERS - VEHICLE/FAMILY START: RANK 6
tiger_hap_france_shop;☨ Tigre HAP/F
tiger_hap_france_0;"☨ Tigre, Hélicoptère d'Appui Protection
<color=#adadad>(Standard 1)</color>"
tiger_hap_france_1;☨ Tigre HAP
tiger_hap_france_2;☨ Tigre

tiger_had_france_shop;☨ Tigre HAD/F (Bloc 1)
tiger_had_france_0;"☨ Tigre, Hélicoptère d'Appui Destruction
<color=#adadad>(Bloc 1)</color>"
tiger_had_france_1;☨ Tigre HAD
tiger_had_france_2;☨ Tigre

tiger_hac_france_shop;☨ Tigre HAC
tiger_hac_france_0;"<color=#81c3fc>Eurocopter EC-665</color>
☨ Tigre, Hélicoptère Anti Char"
tiger_hac_france_1;☨ Tigre HAC
tiger_hac_france_2;☨ Tigre

tiger_had_block2_france_shop;☨ Tigre HAD/F (Bloc 2)
tiger_had_block2_france_0;"☨ Tigre, Hélicoptère d'Appui Destruction
<color=#adadad>(Bloc 2)</color>"
tiger_had_block2_france_1;☨ Tigre HAD
tiger_had_block2_france_2;☨ Tigre

//FRANCE HELICOPTERS - VEHICLE/FAMILY START: RANK 7
ah_64e_netherlands_shop;◘ AH-64E (v6)
ah_64e_netherlands_0;"<color=#81c3fc>Boeing Defense, Space & Security</color>
◘ Helicopter, Attack, AH-64E Guardian Apache
<color=#adadad>(Capability Version 6)</color>"
ah_64e_netherlands_1;◘ AH-64E
ah_64e_netherlands_2;◘ AH-64

ah_64d_netherlands_shop;◘ AH-64D
ah_64d_netherlands_0;"<color=#81c3fc>Boeing Rotorcraft Systems</color>
◘ Helicopter, Attack, AH-64D Longbow Apache"
ah_64d_netherlands_1;◘ AH-64D
ah_64d_netherlands_2;◘ AH-64

//FRANCE GROUND VEHICLES - VEHICLE/FAMILY START: RANK 1
fr_amc_34_shop;A.M.C. 34 (A.P.X. 1)
fr_amc_34_0;"<color=#81c3fc>Société anonyme des usines Renault Y.R.</color>
Automitrailleuse de cavalerie type combat modèle 1934 avec tourelle
A.P.X. 1"
fr_amc_34_1;A.M.C. 34
fr_amc_34_2;Cavalry Armored Combat Car

fr_hotchkiss_h35_shop;H. 35
fr_hotchkiss_h35_0;"<color=#81c3fc>Société Anonyme des Anciens Etablissements Hotchkiss et Compagnie</color>
Char léger modèle 1935 Hotchkiss"
fr_hotchkiss_h35_1;H. 35
fr_hotchkiss_h35_2;Light Tank

fr_hotchkiss_h39_shop;H. 39
fr_hotchkiss_h39_0;"<color=#81c3fc>Société Anonyme des Anciens Etablissements Hotchkiss et Compagnie</color>
Char léger modèle 1935 Hotchkiss modifié 39"
fr_hotchkiss_h39_1;H. 39
fr_hotchkiss_h39_2;Light Tank

fr_hotchkiss_h39_cambronne_shop;H. 39 (14e B.C.C.)
fr_hotchkiss_h39_cambronne_0;"<color=#81c3fc>Société Anonyme des Anciens Etablissements Hotchkiss et Compagnie</color>
Char léger modèle 1935 Hotchkiss modifié 39
<color=@currencyGoldColor>14ème bataillons de chars de combat, «Cambronne»</color>"
fr_hotchkiss_h39_cambronne_1;H. 39
fr_hotchkiss_h39_cambronne_2;Light Tank

fr_fcm_36_shop;F.C.M. 36
fr_fcm_36_0;"<color=#81c3fc>Société nouvelle des forges et chantiers de la Méditerranée</color>
Char léger modèle 1936 F.C.M."
fr_fcm_36_1;F.C.M. 36
fr_fcm_36_2;Light Tank

fr_amd_35_shop;A.M.D. 35
fr_amd_35_0;"<color=#81c3fc>Panhard et Levassor voiture spéciale type 178</color>
Automitrailleuse de cavalerie type découverte modèle 1935"
fr_amd_35_1;A.M.D. 35
fr_amd_35_2;Cavalry Armored Reconnaissance Car

fr_amd_35_sa35_shop;A.M.D. 35 (47 S.A. 35)
fr_amd_35_sa35_0;"<color=#81c3fc>Panhard et Levassor voiture spéciale type 178</color>
Automitrailleuse de cavalerie type découverte modèle 1935 avec tourelle
Renault
<color=#adadad>(Canon de 47 mm semi-automatique modèle 1935)</color>"
fr_amd_35_sa35_1;A.M.D. 35
fr_amd_35_sa35_2;Cavalry Armored Reconnaissance Car

fr_amc_35_shop;A.M.C. 35
fr_amc_35_0;"<color=#81c3fc>Société anonyme des usines Renault A.C.G. 1</color>
Automitrailleuse de cavalerie type combat modèle 1935"
fr_amc_35_1;A.M.C. 35
fr_amc_35_2;Cavalry Armored Combat Car

fr_saint_chamond_shop;St-Chamond mle. 1918
fr_saint_chamond_0;"<color=#81c3fc>Compagnie des forges et aciéries de la marine et d'Homécourt</color>
Char d'assaut Saint-Chamond modèle 1918"
fr_saint_chamond_1;St-Chamond mle. 1918
fr_saint_chamond_2;Assault Tank

fr_somua_s35_shop;S. 35
fr_somua_s35_0;"<color=#81c3fc>Société d'outillage mécanique et d'usinage d'artillerie A.C. 4</color>
Char de cavalerie modèle 1935 S.O.M.U.A."
fr_somua_s35_1;S. 35
fr_somua_s35_2;Cavalry Tank

fr_renault_r39_shop;R. 35 (37 S.A. 38)
fr_renault_r39_0;"<color=#81c3fc>Société anonyme des usines Renault Z.M.</color>
Char léger modèle 1935 Renault
<color=#adadad>(Canon de 37 mm semi-automatique modèle 1938)</color>"
fr_renault_r39_1;R. 35
fr_renault_r39_2;Light Tank

fr_renault_d2_shop;D. 2 (1940)
fr_renault_d2_0;"<color=#81c3fc>Société anonyme des usines Renault U.Z.</color>
Char moyen D. 2
<color=#adadad>(1940)</color>"
fr_renault_d2_1;D. 2
fr_renault_d2_2;Medium Tank

fr_citroen_kegresse_p4t_shop;P.7.T. (C.A.Q. mle. 1929)
fr_citroen_kegresse_p4t_0;"<color=#81c3fc>Société anonyme André Citroën Autochenille Citroën muni de propulseur
Kégresse-Hinstin type P.7.T.</color>
<color=#adadad>(Contre avions quadruple modèle 1929)</color>"
fr_citroen_kegresse_p4t_1;P.7.T. (C.A.Q. mle. 1929)
fr_citroen_kegresse_p4t_2;SPAAG

fr_amr_35_zt3_shop;A.M.R. 35 (Z.T. 3)
fr_amr_35_zt3_0;"<color=#81c3fc>Société anonyme des usines Renault Z.T. 3</color>
Automitrailleuse de cavalerie type reconnaissance modèle 1935"
fr_amr_35_zt3_1;A.M.R. 35 (Z.T. 3)
fr_amr_35_zt3_2;Cavalry Armored Reconnaissance Car

fr_lorraine_37l_shop;T.R.C. 37 L (47 S.A. 37)
fr_lorraine_37l_0;"<color=#81c3fc>Lorraine</color>
Canon de 47 S.A. modèle 1937 sur T.R.C. 37 L blindé"
fr_lorraine_37l_1;T.R.C. 37 L (47 S.A. 37)
fr_lorraine_37l_2;SPG

fr_somua_sau40_shop;S.Au. 40
fr_somua_sau40_0;"<color=#81c3fc>Société d'outillage mécanique et d'usinage d'artillerie CAM 2</color>
Canon de 75 automoteur S.O.M.U.A."
fr_somua_sau40_1;S.Au. 40
fr_somua_sau40_2;SPG

fr_char_2c_bis_shop;2 C bis
fr_char_2c_bis_0;"<color=#81c3fc>Société nouvelle des forges et chantiers de la Méditerranée</color>
Char de bataille 2 C bis"
fr_char_2c_bis_1;2 C bis
fr_char_2c_bis_2;Heavy Tank

fr_char_2c_shop;2 C
fr_char_2c_0;"<color=#81c3fc>Société nouvelle des forges et chantiers de la Méditerranée</color>
Char de bataille 2 C"
fr_char_2c_1;2 C
fr_char_2c_2;Heavy Tank

//FRANCE GROUND VEHICLES - VEHICLE/FAMILY START: RANK 2
fr_amd_35_kwk39_shop;☨ le.Pz.Spw. 204 (f) (Kw.K. 39/1)
fr_amd_35_kwk39_0;"<color=#81c3fc>Panhard</color>
☨ leichter Panzerspähwagen 204 (f) m. 5cm Kw.K. 39/1 L/60"
fr_amd_35_kwk39_1;☨ le.Pz.Spw. 204 (f)
fr_amd_35_kwk39_2;Light tank

fr_crusader_mk_2_shop;☨ Crusader Mk. II
fr_crusader_mk_2_0;"<color=#81c3fc>Nuffield Mechanizations and Aero</color>
☨ Char léger Crusader Mk. II"
fr_crusader_mk_2_1;☨ Crusader Mk. II
fr_crusader_mk_2_2;Light Tank

fr_m3a3_stuart_shop;☨ M3A3
fr_m3a3_stuart_0;"<color=#81c3fc>American Car and Foundry Company, Berwick</color>
☨ Char léger M3A3"
fr_m3a3_stuart_1;☨ M3A3
fr_m3a3_stuart_2;Light Tank

fr_m4a1_sherman_shop;☨ M4A1
fr_m4a1_sherman_0;"<color=#81c3fc>Pressed Steel Car Company</color>
☨ Char moyen M4A1"
fr_m4a1_sherman_1;☨ M4A1
fr_m4a1_sherman_2;Medium Tank

fr_m4a3_105_sherman_shop;☨ M4A3(105) HVSS
fr_m4a3_105_sherman_0;"<color=#81c3fc>Detroit Arsenal Tank Plant</color>
☨ Char moyen M4A3(105) HVSS"
fr_m4a3_105_sherman_1;☨ M4A3(105)
fr_m4a3_105_sherman_2;Medium Tank

fr_m4a4_sherman_shop;☨ M4A4
fr_m4a4_sherman_0;"<color=#81c3fc>Detroit Arsenal Tank Plant</color>
☨ Char moyen M4A4"
fr_m4a4_sherman_1;☨ M4A4
fr_m4a4_sherman_2;Medium Tank

fr_m4a4_cn_75_50_shop;☨ M4A4T (75 S.A. 50)
fr_m4a4_cn_75_50_0;"<color=#81c3fc>Detroit Arsenal Tank Plant <color=@commonTextColor>/</color> Atelier de construction de Bourges</color>
☨ Char moyen M4A4T
<color=#adadad>(Canon de 75 mm semi-automatique modèle 1950)</color>"
fr_m4a4_cn_75_50_1;☨ M4A4T
fr_m4a4_cn_75_50_2;Medium Tank

fr_m4a3e2_sherman_jumbo_shop;☨ M4A3E2(75)W
fr_m4a3e2_sherman_jumbo_0;"<color=#81c3fc>General Motors Corporation, Fisher Body Division, Grand Blanc Tank Plant</color>
☨ Char d'assaut M4A3E2(75)W"
fr_m4a3e2_sherman_jumbo_1;☨ M4A3E2(75)W
fr_m4a3e2_sherman_jumbo_2;Heavy Tank

fr_m4a1_sherman_fl_10_shop;☨ M4A1 (F.L. 10)
fr_m4a1_sherman_fl_10_0;"<color=#81c3fc>Pressed Steel Car Company <color=@commonTextColor>/</color> Compagnie générale de construction de
locomotives (Batignolles-Châtillon)</color>
☨ Char moyen M4A1 avec tourelle F.L. 10"
fr_m4a1_sherman_fl_10_1;☨ M4A1
fr_m4a1_sherman_fl_10_2;Medium Tank

fr_b1_bis_shop;B. 1 bis
fr_b1_bis_0;"<color=#81c3fc>Atelier de construction de Rueil</color>
Char de bataille B. 1 bis"
fr_b1_bis_1;B. 1 bis
fr_b1_bis_2;Heavy Tank

fr_b1_ter_shop;B. 1 ter (n° 101)
fr_b1_ter_0;"<color=#81c3fc>Atelier de construction de Rueil</color>
Char de bataille B. 1 ter
<color=@currencyGoldColor>Prototype n° 101</color>"
fr_b1_ter_1;B. 1 ter
fr_b1_ter_2;Heavy Tank

fr_cckw_353_bofors_shop;CCKW 353 (M1)
fr_cckw_353_bofors_0;"<color=#81c3fc>GMC Truck and Coach Division</color>
Truck, 2½ Ton, 6x6, GMC CCKW 353
<color=#adadad>(Gun, Automatic, 40mm, M1)</color>"
fr_cckw_353_bofors_1;CCKW 353 (M1)
fr_cckw_353_bofors_2;SPAAG

fr_amx_vtt_dca_shop;V.T.T. mle. 56 (M45D)
fr_amx_vtt_dca_0;"<color=#81c3fc>Atelier de construction de Roanne</color>
Véhicule de transport de troupe modèle 1956 avec affût tourelle M45D"
fr_amx_vtt_dca_1;V.T.T. (M45D)
fr_amx_vtt_dca_2;SPAAG

fr_m10_shop;☨ M10
fr_m10_0;"<color=#81c3fc>General Motors Corporation, Fisher Body Division, Grand Blanc Tank Plant</color>
☨ Affût auto-moteur M10 pour canon de 3 pouces"
fr_m10_1;☨ M10
fr_m10_2;Tank Destroyer

fr_amx_13_chaffee_shop;A.M.X. 13t (tourelle M 24)
fr_amx_13_chaffee_0;"<color=#81c3fc>Atelier de construction de Roanne</color>
Char à tourelle M 24 sur châssis 13 tonnes A.M.X. modèle 51"
fr_amx_13_chaffee_1;A.M.X. 13t
fr_amx_13_chaffee_2;Light Tank

fr_amx_13_fl_11_shop;A.M.X. 13t-75 (F.L. 11)
fr_amx_13_fl_11_0;"<color=#81c3fc>Atelier de construction de Roanne</color>
Char de 13 tonnes A.M.X. de 75 avec tourelle F.L. 11"
fr_amx_13_fl_11_1;A.M.X. 13t-75
fr_amx_13_fl_11_2;Light Tank

fr_amx_13_dca_40_shop;A.M.X. 13t D.C.A. 40
fr_amx_13_dca_40_0;"<color=#81c3fc>Atelier de construction de Roanne <color=@commonTextColor>/</color> Société d'applications des machines
motrices</color>
Char de 13 tonnes A.M.X. à tourelle D.C.A. AB 380 avec canon de 40 L 70
Bofors"
fr_amx_13_dca_40_1;A.M.X. 13t D.C.A. 40
fr_amx_13_dca_40_2;SPAAG

fr_amx_13_75_shop;A.M.X. 13t-75 mle. 51
fr_amx_13_75_0;"<color=#81c3fc>Atelier de construction de Roanne</color>
Char de 13 tonnes A.M.X. de 75 modèle 1951"
fr_amx_13_75_1;A.M.X. 13t-75
fr_amx_13_75_2;Light Tank

fr_amx_13_75_ss11_shop;A.M.X. 13t-75 mle. 51 (SS.11)
fr_amx_13_75_ss11_0;"<color=#81c3fc>Atelier de construction de Roanne</color>
Char de 13 tonnes A.M.X. de 75 modèle 1951 lance SS.11"
fr_amx_13_75_ss11_1;A.M.X. 13t-75
fr_amx_13_75_ss11_2;Light Tank

fr_amx_13_90_shop;A.M.X. 13t-90
fr_amx_13_90_0;"<color=#81c3fc>Atelier de construction de Roanne</color>
Char de 13 tonnes A.M.X. de 90"
fr_amx_13_90_1;A.M.X. 13t-75
fr_amx_13_90_2;Light Tank

fr_amx_13_hot_shop;A.M.X. 13t-75 mle. 51 (HOT)
fr_amx_13_hot_0;"<color=#81c3fc>Atelier de construction de Roanne</color>
Char de 13 tonnes A.M.X. de 75 modèle 1951 lance HOT"
fr_amx_13_hot_1;A.M.X. 13t-75
fr_amx_13_hot_2;Light Tank

fr_lvt_bofors_shop;LVT (4) (Bofors)
fr_lvt_bofors_0;"<color=#81c3fc>Food Machinery Corporation</color>
Landing Vehicle, Tracked (Unrmored), Mk. IV
<color=#adadad>(Canon de 40 L 60 Bofors)</color>"
fr_lvt_bofors_1;LVT (4) (Bofors)
fr_lvt_bofors_2;Light Tank

//FRANCE GROUND VEHICLES - VEHICLE/FAMILY START: RANK 3
fr_panhard_ebr_1951_shop;E.B.R. 75 mle. 51
fr_panhard_ebr_1951_0;"<color=#81c3fc>Panhard type 212</color>
Engin blindé de reconnaissance de 75 modèle 1951 avec tourelle F.L. 11"
fr_panhard_ebr_1951_1;E.B.R. 75 mle. 51
fr_panhard_ebr_1951_2;Light Tank

fr_panhard_ebr_1954_shop;E.B.R. 75 mle. 54
fr_panhard_ebr_1954_0;"<color=#81c3fc>Panhard type 212</color>
Engin blindé de reconnaissance de 75 modèle 1954 avec tourelle F.L. 10"
fr_panhard_ebr_1954_1;E.B.R. 75 mle. 54
fr_panhard_ebr_1954_2;Light Tank

fr_panhard_ebr_1963_shop;E.B.R. 90 mle. 63
fr_panhard_ebr_1963_0;"<color=#81c3fc>Panhard type 212</color>
Engin blindé de reconnaissance de 90 modèle 1963 avec tourelle F.L. 11"
fr_panhard_ebr_1963_1;E.B.R. 90 mle. 63
fr_panhard_ebr_1963_2;Light Tank

fr_arl_44_acl1_shop;A.R.L. 44 (A.C.L. 1)
fr_arl_44_acl1_0;"<color=#81c3fc>Atelier de construction de Rueil</color>
Char de transition A.R.L. 44 avec tourelle A.C.L. 1"
fr_arl_44_acl1_1;A.R.L. 44
fr_arl_44_acl1_2;Heavy Tank

fr_arl_44_shop;C.D.C. 48t
fr_arl_44_0;"<color=#81c3fc>Atelier de construction de Rueil</color>
<color=#919191>Char de transition A.R.L. 44</color>
Chasseur de chars de 48 tonnes"
fr_arl_44_1;C.D.C. 48t
fr_arl_44_2;Heavy Tank

fr_tpk_641_vpc_shop;V.L.R.A. 6x6 (GAI-D01)
fr_tpk_641_vpc_0;"<color=#81c3fc>Ateliers de construction mécanique de l'Atlantique
TPK 6.41 Véhicule de protection de convoi</color>
Véhicule léger de reconnaissance et d'appui 6x6
<color=#adadad>(20 mm Twin Anti-Aircraft and Ground Support Gun Type GAI-D01)</color>"
fr_tpk_641_vpc_1;V.L.R.A. 6x6 (GAI-D01)
fr_tpk_641_vpc_2;SPAAG

fr_m44_shop;▄ M44
fr_m44_0;"<color=#81c3fc>Massey-Harris</color>
▄ Howitzer, Self-Propelled, Full Tracked: 155mm, M44"
fr_m44_1;▄ M44
fr_m44_2;SPH

fr_m55_shop;▄ M55
fr_m55_0;"<color=#81c3fc>Pacific Car and Foundry Company</color>
▄ Howitzer, Heavy, Self-Propelled, Full Tracked: 8-Inch, M55"
fr_m55_1;▄ M55
fr_m55_2;SPH

fr_m36b2_cefeo_shop;☨ M36B2
fr_m36b2_cefeo_0;"<color=#81c3fc>American Locomotive Company</color>
☨ Affût auto-moteur M36B2 pour canon de 90 mm"
fr_m36b2_cefeo_1;☨ M36B2
fr_m36b2_cefeo_2;Tank Destroyer

//FRANCE GROUND VEHICLES - VEHICLE/FAMILY START: RANK 4
fr_amx_elc_bis_shop;E.L.C. bis
fr_amx_elc_bis_0;"<color=#81c3fc>Atelier de construction d'Issy-les-Moulineaux</color>
Engin léger de combat bis avec tourelle-casemate de 90"
fr_amx_elc_bis_1;E.L.C. bis
fr_amx_elc_bis_2;Light Tank

fr_amx_elc_901_shop;E.L.C. (T.C. 901)
fr_amx_elc_901_0;"<color=#81c3fc>Atelier de construction d'Issy-les-Moulineaux</color>
Engin léger de combat avec tourelle-casemate de 901"
fr_amx_elc_901_1;E.L.C.
fr_amx_elc_901_2;Light Tank

fr_m26_pershing_shop;☨ M26
fr_m26_pershing_0;"<color=#81c3fc>Detroit Arsenal Tank Plant</color>
☨ Char moyen M26"
fr_m26_pershing_1;☨ M26
fr_m26_pershing_2;Medium Tank

fr_amx_m4_shop;A.M.X. M. 4
fr_amx_m4_0;"<color=#81c3fc>Atelier de construction d'Issy-les-Moulineaux</color>
Char moyen M. 4 A.M.X."
fr_amx_m4_1;A.M.X. M. 4
fr_amx_m4_2;Medium Tank

fr_amx_10p_shop;A.M.X. 10 P
fr_amx_10p_0;"<color=#81c3fc>Groupement industriel des armements terrestres</color>
Engin blindé léger personnel A.M.X. 10 P"
fr_amx_10p_1;A.M.X. 10 P
fr_amx_10p_2;IFV

fr_amx_10m_acra_shop;A.M.X. 10 M (A.C.R.A.)
fr_amx_10m_acra_0;"<color=#81c3fc>Groupement industriel des armements terrestres</color>
<color=#ff8c80>Projet A.C.R.A.</color>
Engin blindé léger missile A.M.X. 10 M avec système d'arme A.C.R.A."
fr_amx_10m_acra_1;A.M.X. 10 M
fr_amx_10m_acra_2;ATMC

fr_amx_10rc_shop;A.M.X. 10 RC
fr_amx_10rc_0;"<color=#81c3fc>Groupement industriel des armements terrestres</color>
Vehicule à roues-canon A.M.X. 10 RC"
fr_amx_10rc_1;A.M.X. 10 RC
fr_amx_10rc_2;Light Tank

fr_lorraine_100_shop;C.A. 100
fr_lorraine_100_0;"<color=#81c3fc>Direction des etudes et fabrications d'armement</color>
Canon d'assaut de 100 mm"
fr_lorraine_100_1;C.A. 100
fr_lorraine_100_2;SPG

fr_amx_30_auf_1_shop;CN 155 Au F1
fr_amx_30_auf_1_0;"<color=#81c3fc>Groupement industriel des armements terrestres</color>
Canon de 155 automoteur modèle F1 sur châssis A.M.X. 30"
fr_amx_30_auf_1_1;CN 155 Au F1
fr_amx_30_auf_1_2;SPH

fr_pzkpfw_V_panther_dauphine_shop;☨ Panther mle. G (Besnier)
fr_pzkpfw_V_panther_dauphine_0;"<color=#81c3fc>Maschinenfabrik Augsburg-Nürnberg, Werk Nürnberg</color>
☨ Char Panther modèle G
<color=@currencyGoldColor>Escadron Autonome de Chars Besnier, «Dauphiné»</color>"
fr_pzkpfw_V_panther_dauphine_1;☨ Panther mle. G
fr_pzkpfw_V_panther_dauphine_2;Medium Tank

fr_m46_patton_shop;☨ M46
fr_m46_patton_0;"<color=#81c3fc>Detroit Arsenal Tank Plant</color>
☨ Char moyen M46"
fr_m46_patton_1;☨ M46
fr_m46_patton_2;Medium Tank

//FRANCE GROUND VEHICLES - VEHICLE/FAMILY START: RANK 5
fr_aml_90_shop;A.M.L. 90
fr_aml_90_0;"<color=#81c3fc>Panhard type 245</color>
Automitrailleuse légère A.M.L. 90"
fr_aml_90_1;A.M.L. 90
fr_aml_90_2;Light Tank

fr_marder_df_105_shop;☨ DF 105
fr_marder_df_105_0;<color=#81c3fc>☨ Thyssen Henschel DF 105</color>
fr_marder_df_105_1;☨ DF 105
fr_marder_df_105_2;Light tank

fr_lorraine_40t_shop;Lorraine 40t
fr_lorraine_40t_0;"<color=#81c3fc>Direction des etudes et fabrications d'armement</color>
Char moyen de 40 tonnes Lorraine avec tourelle T.O.A. 100"
fr_lorraine_40t_1;Lorraine 40t
fr_lorraine_40t_2;Medium Tank

fr_bat_chat_25t_shop;B.C. 25t
fr_bat_chat_25t_0;"<color=#81c3fc>Compagnie générale de construction de locomotives
(Batignolles-Châtillon)</color>
Char de 25 tonnes B.C. avec tourelle T.O. 90/930"
fr_bat_chat_25t_1;B.C. 25t
fr_bat_chat_25t_2;Light Tank

fr_amx_30_1972_shop;A.M.X. 30 B (1972)
fr_amx_30_1972_0;"<color=#81c3fc>Atelier de construction de Roanne</color>
Char moyen de combat A.M.X. 30 B
<color=#adadad>(1972)</color>"
fr_amx_30_1972_1;A.M.X. 30 B
fr_amx_30_1972_2;MBT

fr_amx_30_shop;A.M.X. 30 B (1965)
fr_amx_30_0;"<color=#81c3fc>Atelier de construction de Roanne</color>
Char moyen de combat A.M.X. 30 B
<color=#adadad>(1965)</color>"
fr_amx_30_1;A.M.X. 30 B
fr_amx_30_2;MBT

fr_amx_30_b2_shop;A.M.X. 30 B2
fr_amx_30_b2_0;"<color=#81c3fc>Groupement industriel des armements terrestres</color>
Char moyen de combat A.M.X. 30 B2"
fr_amx_30_b2_1;A.M.X. 30 B2
fr_amx_30_b2_2;MBT

fr_amx_30_b2_brenus_shop;A.M.X. 30 B2 BRENUS
fr_amx_30_b2_brenus_0;"<color=#81c3fc>GIAT Industries</color>
Char moyen de combat A.M.X. 30 B2 BRENUS"
fr_amx_30_b2_brenus_1;A.M.X. 30 B2
fr_amx_30_b2_brenus_2;MBT

fr_amx_30_dca_shop;A.M.X. 30 SA bitube (S 401 A)
fr_amx_30_dca_0;"<color=#81c3fc>Groupement industriel des armements terrestres</color>
Char A.M.X. 30 SA bitube de 30 mm
<color=#adadad>(tourelle S 401 A)</color>"
fr_amx_30_dca_1;A.M.X. 30 SA bitube
fr_amx_30_dca_2;SPAAG

fr_amx_30_ACRA_shop;A.M.X. 30 (T 142)
fr_amx_30_ACRA_0;"<color=#81c3fc>Atelier de construction de Roanne <color=@commonTextColor>/</color> Atelier de construction de Puteaux</color>
<color=#ff8c80>Projet A.C.R.A.</color>
Char moyen de combat A.M.X. 30
<color=#adadad>(tourelle prototype T 142)</color>"
fr_amx_30_ACRA_1;A.M.X. 30 (T 142)
fr_amx_30_ACRA_2;MBT

fr_amx_30_super_shop;Super AMX 30
fr_amx_30_super_0;"<color=#81c3fc>Groupement industriel des armements terrestres <color=@commonTextColor>/</color> AEG <color=@commonTextColor>+</color>
Krupp Atlas Elektronik <color=@commonTextColor>+</color> MTU Friedrichshafen <color=@commonTextColor>+</color> Wegmann & Co. <color=@commonTextColor>+</color>
Diehl Munitionssysteme <color=@commonTextColor>+</color> ZF Friedrichshafen <color=@commonTextColor>+</color> GLS Gemeinschaftsbank
Super AMX 30</color>"
fr_amx_30_super_1;Super AMX 30
fr_amx_30_super_2;MBT

fr_amx_30_roland_shop;A.M.X. 30 R
fr_amx_30_roland_0;"<color=#81c3fc>Groupement industriel des armements terrestres</color>
Système d'arme Roland sur châssis A.M.X. 30 R"
fr_amx_30_roland_1;A.M.X. 30 R
fr_amx_30_roland_2;SPAAM

fr_amx_50_shop;A.M.X. 50t (T.O.A. 100)
fr_amx_50_0;"<color=#81c3fc>Atelier de construction d'Issy-les-Moulineaux</color>
Char moyen de 50 tonnes A.M.X. avec tourelle T.O.A. 100"
fr_amx_50_1;A.M.X. 50t
fr_amx_50_2;Medium Tank

fr_amx_50_surbaisse_shop;A.M.X. 50t Surbaissé
fr_amx_50_surbaisse_0;"<color=#81c3fc>Atelier de construction d'Issy-les-Moulineaux</color>
Char moyen de 50 tonnes A.M.X. Surbaissé"
fr_amx_50_surbaisse_1;A.M.X. 50t
fr_amx_50_surbaisse_2;Medium Tank

fr_amx_50_surblinde_shop;A.M.X. 50t Surblindé
fr_amx_50_surblinde_0;"<color=#81c3fc>Atelier de construction d'Issy-les-Moulineaux</color>
Char moyen de 50 tonnes A.M.X. Surblindé"
fr_amx_50_surblinde_1;A.M.X. 50t
fr_amx_50_surblinde_2;Medium Tank

fr_amx_50_1950_shop;A.M.X. 50t (T.O. 90/930)
fr_amx_50_1950_0;"<color=#81c3fc>Atelier de construction d'Issy-les-Moulineaux</color>
Char moyen de 50 tonnes A.M.X. avec tourelle T.O. 90/930"
fr_amx_50_1950_1;A.M.X. 50t
fr_amx_50_1950_2;Medium Tank

fr_amx_50_foch_shop;C.A. 120
fr_amx_50_foch_0;"<color=#81c3fc>Atelier de construction d'Issy-les-Moulineaux</color>
Canon d'assaut de 120 mm"
fr_amx_50_foch_1;C.A. 120
fr_amx_50_foch_2;SPG

fr_somua_sm_shop;S.O.M.U.A. 50t
fr_somua_sm_0;"<color=#81c3fc>Société d'outillage mécanique et d'usinage d'artillerie SM</color>
Char moyen de 50 tonnes S.O.M.U.A. avec tourelle T.O. 100"
fr_somua_sm_1;S.O.M.U.A. 50t
fr_somua_sm_2;Medium Tank

fr_marder_clovis_shop;☨ CLOVIS
fr_marder_clovis_0;<color=#81c3fc>☨ Thyssen Henschel CLOVIS, FL 20, 105 mm</color>
fr_marder_clovis_1;☨ CLOVIS
fr_marder_clovis_2;Light Tank

//FRANCE GROUND VEHICLES - VEHICLE/FAMILY START: RANK 6
fr_mars_15_shop;MARS 15 (TS 90)
fr_mars_15_0;"<color=#81c3fc>Creusot-Loire Industrie MARS 15</color>
<color=#ff8c80>Véhicule blindé modulaire</color>
<color=#adadad>(tourelle TS 90)</color>"
fr_mars_15_1;MARS 15
fr_mars_15_2;Light Tank

fr_sk105_a2_shop;JaPzKA2
fr_sk105_a2_0;"<color=#81c3fc>Steyr-Werke Typ 4KH-7FA1-JT1/105 <color=@commonTextColor>|</color> SK 105 A2</color>
Jagdpanzer Kürassier A2"
fr_sk105_a2_1;JaPzKA2
fr_sk105_a2_2;Tank Destroyer

fr_vbci_shop;VBCI VCI
fr_vbci_0;"<color=#81c3fc>Nexter Systems</color>
Véhicule blindé de combat d'infanterie, véhicule de combat d'infanterie"
fr_vbci_1;VBCI VCI
fr_vbci_2;IFV

fr_vbci2_mct30_shop;VBCI MK2 (MCT-30)
fr_vbci2_mct30_0;"<color=#81c3fc>KNDS France Véhicule blindé de combat d'infanterie MK2 ""Al-Wajbah""</color>
<color=#adadad>(PROTECTOR Medium Caliber Turret MCT-30)</color>"
fr_vbci2_mct30_1;VBCI MK2
fr_vbci2_mct30_2;IFV

fr_leopard_1a5be_shop;▄ Leopard 1 A5 BE
fr_leopard_1a5be_0;"<color=#81c3fc>Krauss-Maffei Wegmann</color>
▄ Leopard 1 A5 BE"
fr_leopard_1a5be_1;▄ Leopard 1 A5
fr_leopard_1a5be_2;MBT

fr_amx_32_105_shop;AMX 32 (P1)
fr_amx_32_105_0;"<color=#81c3fc>Groupement industriel des armements terrestres</color>
Engin principal de combat AMX 32
<color=#adadad>(P1)</color>"
fr_amx_32_105_1;AMX 32
fr_amx_32_105_2;MBT

fr_amx_32_shop;AMX 32 (P2)
fr_amx_32_0;"<color=#81c3fc>Groupement industriel des armements terrestres</color>
Engin principal de combat AMX 32
<color=#adadad>(P2)</color>"
fr_amx_32_1;AMX 32
fr_amx_32_2;MBT

fr_vab_santal_shop;VDAA SANTAL
fr_vab_santal_0;"<color=#81c3fc>Renault Véhicules Industriels <color=@commonTextColor>/</color> Hispano-Suiza</color>
Véhicule de défense anti-aérienne, systeme anti-aerien autonome léger"
fr_vab_santal_1;VDAA SANTAL
fr_vab_santal_2;SPAAM

fr_vcac_mephisto_shop;VCAC MEPHISTO
fr_vcac_mephisto_0;"<color=#81c3fc>Renault Véhicules Industriels</color>
Véhicule de combat anti-char, module élévateur panoramique HOT
installé sur tourelle orientable"
fr_vcac_mephisto_1;VCAC MEPHISTO
fr_vcac_mephisto_2;ATMC

//FRANCE GROUND VEHICLES - VEHICLE/FAMILY START: RANK 7
fr_vextra_105_shop;Vextra 105 (Sep 1997)
fr_vextra_105_0;"<color=#81c3fc>GIAT Industries Véhicule d'experimentation de transmission 105</color>
<color=#ff8c80>Véhicule blindé modulaire</color>
<color=#adadad>(September 1997)</color>"
fr_vextra_105_1;Vextra 105
fr_vextra_105_2;Light Tank

fr_msc_shop;MSC
fr_msc_0;"<color=#81c3fc>GIAT Industries</color>
Mulet système complet"
fr_msc_1;MSC
fr_msc_2;MBT

fr_amx_40_shop;AMX 40 (P4)
fr_amx_40_0;"<color=#81c3fc>Groupement industriel des armements terrestres</color>
Engin principal de combat AMX 40
<color=#adadad>(P4)</color>"
fr_amx_40_1;AMX 40
fr_amx_40_2;MBT

fr_leopard_2a4nl_shop;◘ Leopard 2A4 NL
fr_leopard_2a4nl_0;"<color=#81c3fc>Krauss-Maffei Wegmann</color>
◘ Gevechtstank, Rups, Leopard 2A4 NL m/kanon 120 mm"
fr_leopard_2a4nl_1;◘ Leopard 2A4 NL
fr_leopard_2a4nl_2;MBT

fr_leopard_2a4nl_les_shop;◘ Leopard 2A4 NL (OTCo)
fr_leopard_2a4nl_les_0;"<color=#81c3fc>Krauss-Maffei Wegmann</color>
◘ Gevechtstank, Rups, Leopard 2A4 NL m/kanon 120 mm
<color=@currencyGoldColor>Opleidings- en Trainingscommando</color>"
fr_leopard_2a4nl_les_1;◘ Leopard 2A4 NL
fr_leopard_2a4nl_les_2;MBT

fr_leopard_2a5nl_shop;◘ Leopard 2A5 NL
fr_leopard_2a5nl_0;"<color=#81c3fc>Krauss-Maffei Wegmann</color>
◘ Gevechtstank, Rups, Leopard 2A5 NL m/kanon 120 mm"
fr_leopard_2a5nl_1;◘ Leopard 2A5 NL
fr_leopard_2a5nl_2;MBT

fr_leopard_2a6nl_shop;◘ Leopard 2A6 NL
fr_leopard_2a6nl_0;"<color=#81c3fc>Krauss-Maffei Wegmann</color>
◘ Gevechtstank, Rups, Leopard 2A6 NL m/kanon 120 mm"
fr_leopard_2a6nl_1;◘ Leopard 2A6 NL
fr_leopard_2a6nl_2;MBT

fr_jaguar_ebrc_shop;EBRC Jaguar
fr_jaguar_ebrc_0;"<color=#81c3fc>Groupement momentané d'entreprises engin blindé multi rôles</color>
Engin blindé de reconnaissance et de combat Jaguar"
fr_jaguar_ebrc_1;EBRC Jaguar
fr_jaguar_ebrc_2;CRV

fr_cv_9035_nl_shop;CV9035NL
fr_cv_9035_nl_0;"<color=#81c3fc>BAE Systems Hägglunds Combat Vehicle 9035NL</color>
Infanteriegevechtsvoertuig, Pantser, Rups, CV9035NL m/kanon 35 mm"
fr_cv_9035_nl_1;CV9035NL
fr_cv_9035_nl_2;IFV

//FRANCE GROUND VEHICLES - VEHICLE/FAMILY START: RANK 8
fr_leclerc_s1_shop;Leclerc S1 RT5
fr_leclerc_s1_0;"<color=#81c3fc>GIAT Industries</color>
Char Leclerc série 1 retrofit tranche 5"
fr_leclerc_s1_1;Leclerc S1
fr_leclerc_s1_2;MBT

fr_leclerc_s2_shop;Leclerc S2 T9
fr_leclerc_s2_0;"<color=#81c3fc>GIAT Industries</color>
Char Leclerc série 2 tranche 9"
fr_leclerc_s2_1;Leclerc S2
fr_leclerc_s2_2;MBT

fr_leclerc_sxxi_shop;Leclerc SXXI T11
fr_leclerc_sxxi_0;"<color=#81c3fc>Nexter Systems</color>
Char Leclerc série XXI tranche 11"
fr_leclerc_sxxi_1;Leclerc SXXI
fr_leclerc_sxxi_2;MBT

fr_leclerc_azur_shop;Leclerc S2 T9 (AZUR P1)
fr_leclerc_azur_0;"<color=#81c3fc>Nexter Systems</color>
Char Leclerc série 2 tranche 9
<color=#adadad>(Action en zone urbaine prototype 1)</color>"
fr_leclerc_azur_1;Leclerc S2
fr_leclerc_azur_2;MBT

fr_crotale_ng_shop;☨ ito 90M ohjusvaunu
fr_crotale_ng_0;"<color=#5cae63>Ps. 477</color>
☨ ilmatorjuntaohjus 90M ohjusvaunu XA-181"
fr_crotale_ng_1;☨ ito 90M ohjusvaunu
fr_crotale_ng_2;SPAA

fr_samp_t_launcher_shop;☨ Kerax 460 (SAMP/T Mamba) (MLT)
fr_samp_t_launcher_0;"<color=#81c3fc>☨ Renault Trucks, Bourg-en-Bresse Kerax 460 8x4 Euro 5 <color=@commonTextColor>/</color> Eurosam</color>
<color=#adadad>(Sol-air moyenne portée/terrestre Mamba)
(module de lancement terrestre)</color>"
fr_samp_t_launcher_1;☨ Kerax 460 (SAMP/T Mamba) (MLT)
fr_samp_t_launcher_2;SPAAM

fr_samp_t_fcs_shop;☨ Kerax 460 (SAMP/T Mamba) (MRI)
fr_samp_t_fcs_0;"<color=#81c3fc>☨ Renault Trucks, Bourg-en-Bresse Kerax 460 8x4 Euro 5 <color=@commonTextColor>/</color> Eurosam</color>
<color=#adadad>(Sol-air moyenne portée/terrestre Mamba)
(module radar et IFF)</color>"
fr_samp_t_fcs_1;☨ Kerax 460 (SAMP/T Mamba) (MRI)
fr_samp_t_fcs_2;Radar

//FRANCE COASTAL FLEET - VEHICLE/FAMILY START: RANK 1
fr_vtb12_mod_shop;VTB 12
fr_vtb12_mod_0;"<color=#81c3fc>Ateliers et Chantiers de la Loire</color>
Vedette Torpilleur VTB 12"
fr_vtb12_mod_1;VTB 12
fr_vtb12_mod_2;Torpedo Boat

fr_vtb18_shop;VTB 18
fr_vtb18_0;"<color=#81c3fc>Chantiers Jouët</color>
Vedette Torpilleur VTB 18"
fr_vtb18_1;VTB 18
fr_vtb18_2;Torpedo Boat

fr_vtb10_shop;VTB 10
fr_vtb10_0;"<color=#81c3fc>Ateliers et Chantiers de la Loire</color>
Vedette Torpilleur VTB 10"
fr_vtb10_1;VTB 10
fr_vtb10_2;Torpedo Boat

//FRANCE COASTAL FLEET - VEHICLE/FAMILY START: RANK 2
fr_mtb96_vosper_shop;MTB 96
fr_mtb96_vosper_0;"<color=#fffa62>MTB Vosper 3 series</color>
MTB 96"
fr_mtb96_vosper_1;MTB 96
fr_mtb96_vosper_2;Motor Torpedo Boat

fr_flower_class_aconit_shop;Aconit (K 58)
fr_flower_class_aconit_0;"<color=#81c3fc>Ailsa Shipbuilding Company</color>
<color=#fffa62>Corvette de la classe Flower</color>
Aconit (K 58)"
fr_flower_class_aconit_1;Aconit
fr_flower_class_aconit_2;Corvette

//FRANCE COASTAL FLEET - VEHICLE/FAMILY START: RANK 3
fr_adroit_class_shop;L'Intrépide (P 630)
fr_adroit_class_0;"<color=#81c3fc>Constructions mécaniques de Normandie</color>
<color=#fffa62>Escorteur côtier de la classe L'Adroit</color>
L'Intrépide (P 630)"
fr_adroit_class_1;L'Intrépide
fr_adroit_class_2;Coastal Escort

fr_arras_class_arras_shop;Arras (AS)
fr_arras_class_arras_0;"<color=#81c3fc>Arsenal de Brest</color>
<color=#fffa62>Aviso de 1ère classe de la classe Arras</color>
Arras (AS)"
fr_arras_class_arras_1;Arras
fr_arras_class_arras_2;Aviso

fr_arras_class_amiens_shop;Amiens (7)
fr_arras_class_amiens_0;"<color=#81c3fc>Société Nouvelle des Forges et Chantiers de la Méditerranée <color=@commonTextColor>/</color> Arsenal
de Cherbourg</color>
<color=#fffa62>Aviso de 1ère classe de la classe Arras</color>
Amiens (7)
<color=#adadad>(1940)</color>"
fr_arras_class_amiens_1;Amiens
fr_arras_class_amiens_2;Aviso

fr_lcg_m_l9059_shop;L 9059
fr_lcg_m_l9059_0;"<color=#fffa62>Landing Craft, Gun (Medium)</color>
L 9059"
fr_lcg_m_l9059_1;L 9059
fr_lcg_m_l9059_2;Motor Gun Boat

fr_marne_class_marne_shop;La Marne
fr_marne_class_marne_0;"<color=#81c3fc>Arsenal de Lorient</color>
<color=#fffa62>Aviso de 1ère classe de la classe La Marne</color>
La Marne
<color=#adadad>(1925)</color>"
fr_marne_class_marne_1;La Marne
fr_marne_class_marne_2;Aviso

fr_marne_class_aisne_shop;L'Aisne
fr_marne_class_aisne_0;"<color=#81c3fc>Arsenal de Lorient</color>
<color=#fffa62>Aviso de 1ère classe de la classe La Marne</color>
L'Aisne"
fr_marne_class_aisne_1;L'Aisne
fr_marne_class_aisne_2;Aviso

fr_trident_class_glaive_p671_shop;Glaive (P 761)
fr_trident_class_glaive_p671_0;"<color=#81c3fc>Ateliers et Chantiers C. Auroux <color=@commonTextColor>/</color> Arsenal de Cherbourg</color>
<color=#fffa62>Patrouilleurs rapides de la classe Trident</color>
Glaive (P 761)
<color=#adadad>(1983)</color>"
fr_trident_class_glaive_p671_1;Glaive
fr_trident_class_glaive_p671_2;Fast Patrol Boat

//FRANCE COASTAL FLEET - VEHICLE/FAMILY START: RANK 4
fr_vlt1_shop;VLT 1
fr_vlt1_0;"<color=#81c3fc>Société des Constructions navales de Meulan</color>
Vedette Lance Torpille VLT 1"
fr_vlt1_1;VLT 1
fr_vlt1_2;Torpedo Boat

fr_vlt2_shop;VLT 2
fr_vlt2_0;"<color=#81c3fc>Société des Constructions navales de Meulan</color>
Vedette Lance Torpille VLT 2"
fr_vlt2_1;VLT 2
fr_vlt2_2;Torpedo Boat

fr_elan_class_commandant_domine_shop;Commandant Dominé (F 742)
fr_elan_class_commandant_domine_0;"<color=#81c3fc>Ateliers et Chantiers Dubigeon <color=@commonTextColor>/</color> La Pallice</color>
<color=#fffa62>Aviso dragueur de mines de la classe Élan</color>
Commandant Dominé (F 742)
<color=#adadad>(1948)</color>"
fr_elan_class_commandant_domine_1;Commandant Dominé
fr_elan_class_commandant_domine_2;Minesweeping Aviso

fr_frigate_croix_de_lorraine_class_la_surprise_shop;La Surprise (F 08)
fr_frigate_croix_de_lorraine_class_la_surprise_0;"<color=#fffa62>Chamois-class</color>
La Surprise (F 08)"
fr_frigate_croix_de_lorraine_class_la_surprise_1;La Surprise
fr_frigate_croix_de_lorraine_class_la_surprise_2;Frigate

//FRANCE COASTAL FLEET - VEHICLE/FAMILY START: RANK 5
fr_frigate_corse_class_brestois_shop;Le Brestois (F 762)
fr_frigate_corse_class_brestois_0;"<color=#81c3fc>Arsenal de Lorient <color=@commonTextColor>/</color> Arsenal de Toulon</color>
<color=#fffa62>Escorteur rapide de type E 50</color>
Le Brestois (F 762)
<color=#adadad>(1958)</color>"
fr_frigate_corse_class_brestois_1;Le Brestois
fr_frigate_corse_class_brestois_2;Fast Escort

fr_frigate_corse_class_corse_shop;Le Corse (F 761)
fr_frigate_corse_class_corse_0;"<color=#81c3fc>Arsenal de Lorient</color>
<color=#fffa62>Escorteur rapide de type E 50</color>
Le Corse (F 761)"
fr_frigate_corse_class_corse_1;Le Brestois
fr_frigate_corse_class_corse_2;Fast Escort

//FRANCE BLUEWATER FLEET - VEHICLE/FAMILY START: RANK 1
fr_destroyer_bourrasque_class_bourrasque_shop;Bourrasque (T 41)
fr_destroyer_bourrasque_class_bourrasque_0;"<color=#fffa62>Bourrasque-class</color>
Bourrasque (T 41)
<color=#adadad>(1939)</color>"
fr_destroyer_bourrasque_class_bourrasque_1;Bourrasque
fr_destroyer_bourrasque_class_bourrasque_2;Destroyer

fr_destroyer_bourrasque_class_tornade_shop;Tornade (T 73)
fr_destroyer_bourrasque_class_tornade_0;"<color=#fffa62>Bourrasque-class</color>
Tornade (T 73)
<color=#adadad>(1939)</color>"
fr_destroyer_bourrasque_class_tornade_1;Tornade
fr_destroyer_bourrasque_class_tornade_2;Destroyer

fr_destroyer_hunt_3series_shop;La Combattante (L 19)
fr_destroyer_hunt_3series_0;"<color=#fffa62>Hunt-class</color>
La Combattante (L 19)
<color=#adadad>(1944)</color>"
fr_destroyer_hunt_3series_1;La Combattante
fr_destroyer_hunt_3series_2;Destroyer

fr_destroyer_jaguar_class_leopard_shop;Léopard (X 22)
fr_destroyer_jaguar_class_leopard_0;"<color=#fffa62>Jaguar-class</color>
Léopard (X 22)
<color=#adadad>(1942)</color>"
fr_destroyer_jaguar_class_leopard_1;Leopard
fr_destroyer_jaguar_class_leopard_2;Destroyer

fr_destroyer_jaguar_class_chacal_shop;Chacal (X 23)
fr_destroyer_jaguar_class_chacal_0;"<color=#fffa62>Jaguar-class</color>
Chacal (X 23)
<color=#adadad>(1938)</color>"
fr_destroyer_jaguar_class_chacal_1;Chacal
fr_destroyer_jaguar_class_chacal_2;Destroyer

fr_destroyer_jaguar_class_panthere_shop;Panthère (X 43)
fr_destroyer_jaguar_class_panthere_0;"<color=#fffa62>Jaguar-class</color>
Panthère (X 43)
<color=#adadad>(1940)</color>"
fr_destroyer_jaguar_class_panthere_1;Panthere
fr_destroyer_jaguar_class_panthere_2;Destroyer

fr_destroyer_guepard_class_verdun_shop;Verdun (X 33)
fr_destroyer_guepard_class_verdun_0;"<color=#81c3fc>Ateliers et chantiers de la Loire <color=@commonTextColor>/</color> Arsenal de Sidi-Abdallah</color>
<color=#fffa62>Contre-torpilleur de la classe Guépard</color>
Verdun (X 33)
<color=#adadad>(1941)</color>"
fr_destroyer_guepard_class_verdun_1;Verdun
fr_destroyer_guepard_class_verdun_2;Destroyer

//FRANCE BLUEWATER FLEET - VEHICLE/FAMILY START: RANK 2
fr_destroyer_aigle_class_vautour_shop;Vautour (X 71)
fr_destroyer_aigle_class_vautour_0;"<color=#fffa62>Aigle-class</color>
Vautour (X 71)
<color=#adadad>(1931)</color>"
fr_destroyer_aigle_class_vautour_1;Vautour
fr_destroyer_aigle_class_vautour_2;Destroyer

fr_destroyer_aigle_class_milan_shop;Milan (X 111)
fr_destroyer_aigle_class_milan_0;"<color=#fffa62>Aigle-class</color>
Milan (X 111)
<color=#adadad>(1942)</color>"
fr_destroyer_aigle_class_milan_1;Milan
fr_destroyer_aigle_class_milan_2;Destroyer

fr_destroyer_aigle_class_aigle_shop;Aigle (X 13)
fr_destroyer_aigle_class_aigle_0;"<color=#fffa62>Aigle-class</color>
Aigle (X 13)
<color=#adadad>(1942)</color>"
fr_destroyer_aigle_class_aigle_1;Aigle
fr_destroyer_aigle_class_aigle_2;Destroyer

fr_destroyer_vauquelin_class_vauquelin_shop;Vauquelin (X 53)
fr_destroyer_vauquelin_class_vauquelin_0;"<color=#fffa62>Vauquelin-class</color>
Vauquelin (X 53)
<color=#adadad>(1941)</color>"
fr_destroyer_vauquelin_class_vauquelin_1;Vauquelin
fr_destroyer_vauquelin_class_vauquelin_2;Destroyer

fr_cruiser_chateaurenault_class_guichen_shop;Guichen (D 607)
fr_cruiser_chateaurenault_class_guichen_0;"<color=#fffa62>Chateaurenault-class</color>
Guichen (D 607)
<color=#adadad>(1957)</color>"
fr_cruiser_chateaurenault_class_guichen_1;Guichen
fr_cruiser_chateaurenault_class_guichen_2;Destroyer

fr_destroyer_desaix_class_kleber_shop;Kléber (D 603)
fr_destroyer_desaix_class_kleber_0;"<color=#fffa62>Desaix-class</color>
Kléber (D 603)
<color=#adadad>(1951)</color>"
fr_destroyer_desaix_class_kleber_1;Kléber
fr_destroyer_desaix_class_kleber_2;Destroyer

fr_destroyer_marceau_class_marceau_shop;Marceau (D 601)
fr_destroyer_marceau_class_marceau_0;"Marceau (D 601)
<color=#adadad>(1950)</color>"
fr_destroyer_marceau_class_marceau_1;Marceau
fr_destroyer_marceau_class_marceau_2;Destroyer

//FRANCE BLUEWATER FLEET - VEHICLE/FAMILY START: RANK 3
fr_destroyer_le_fantasque_class_le_malin_shop;Le Malin (X 82)
fr_destroyer_le_fantasque_class_le_malin_0;"<color=#fffa62>Le Fantasque-class</color>
Le Malin (X 82)
<color=#adadad>(1943)</color>"
fr_destroyer_le_fantasque_class_le_malin_1;Le Malin
fr_destroyer_le_fantasque_class_le_malin_2;Destroyer

fr_destroyer_le_fantasque_class_le_triomphant_shop;Le Triomphant (X 83)
fr_destroyer_le_fantasque_class_le_triomphant_0;"<color=#fffa62>Le Fantasque-class</color>
Le Triomphant (X 83)
<color=#adadad>(1942)</color>"
fr_destroyer_le_fantasque_class_le_triomphant_1;Le Triomphant
fr_destroyer_le_fantasque_class_le_triomphant_2;Destroyer

fr_destroyer_mogador_class_mogador_shop;Mogador (X 61)
fr_destroyer_mogador_class_mogador_0;"<color=#fffa62>Mogador-class</color>
Mogador (X 61)
<color=#adadad>(1940)</color>"
fr_destroyer_mogador_class_mogador_1;Mogador
fr_destroyer_mogador_class_mogador_2;Destroyer

fr_cruiser_jeanne_darc_shop;Jeanne d'Arc
fr_cruiser_jeanne_darc_0;"<color=#fffa62>Jeanne d'Arc-class</color>
Jeanne d'Arc
<color=#adadad>(1944)</color>"
fr_cruiser_jeanne_darc_1;Jeanne d'Arc
fr_cruiser_jeanne_darc_2;Light Cruiser

fr_cruiser_dugauy_class_primaguet_shop;Primaguet
fr_cruiser_dugauy_class_primaguet_0;"<color=#fffa62>Duguay-Trouin-class</color>
Primaguet
<color=#adadad>(1940)</color>"
fr_cruiser_dugauy_class_primaguet_1;Primaguet
fr_cruiser_dugauy_class_primaguet_2;Light Cruiser

fr_cruiser_dugauy_class_dugauy_trouin_shop;Duguay-Trouin
fr_cruiser_dugauy_class_dugauy_trouin_0;"<color=#fffa62>Duguay-Trouin-class</color>
Duguay-Trouin
<color=#adadad>(1944)</color>"
fr_cruiser_dugauy_class_dugauy_trouin_1;Duguay-Trouin
fr_cruiser_dugauy_class_dugauy_trouin_2;Light Cruiser

//FRANCE BLUEWATER FLEET - VEHICLE/FAMILY START: RANK 4
fr_cruiser_suffren_class_colbert_shop;Colbert
fr_cruiser_suffren_class_colbert_0;"<color=#81c3fc>Arsenal de Brest <color=@commonTextColor>/</color> Arsenal de Toulon</color>
<color=#fffa62>Croiseur de 1ère classe de la classe Suffren</color>
Colbert
<color=#adadad>(1942)</color>"
fr_cruiser_suffren_class_colbert_1;Colbert
fr_cruiser_suffren_class_colbert_2;1st Class Cruiser

fr_cruiser_suffren_class_suffren_shop;Suffren
fr_cruiser_suffren_class_suffren_0;"<color=#81c3fc>Arsenal de Brest <color=@commonTextColor>/</color> Arsenal de Toulon</color>
<color=#fffa62>Croiseur de 1ère classe de la classe Suffren</color>
Suffren
<color=#adadad>(1945)</color>"
fr_cruiser_suffren_class_suffren_1;Suffren
fr_cruiser_suffren_class_suffren_2;1st Class Cruiser

fr_cruiser_suffren_class_dupleix_shop;Dupleix
fr_cruiser_suffren_class_dupleix_0;"<color=#81c3fc>Arsenal de Brest <color=@commonTextColor>/</color> Arsenal de Toulon</color>
<color=#fffa62>Croiseur de 1ère classe de la classe Suffren</color>
Dupleix
<color=#adadad>(1937)</color>"
fr_cruiser_suffren_class_dupleix_1;Dupleix
fr_cruiser_suffren_class_dupleix_2;1st Class Cruiser

fr_cruiser_emile_bertin_shop;Emile Bertin
fr_cruiser_emile_bertin_0;"<color=#fffa62>Emile Bertin-class</color>
Emile Bertin
<color=#adadad>(1942)</color>"
fr_cruiser_emile_bertin_1;Emile Bertin
fr_cruiser_emile_bertin_2;Light Cruiser

fr_cruiser_la_galissoniere_class_la_galissoniere_shop;La Galissonnière
fr_cruiser_la_galissoniere_class_la_galissoniere_0;"<color=#81c3fc>Arsenal de Brest</color>
<color=#fffa62>Croiseur léger de la classe La Galissonnière</color>
La Galissonnière"
fr_cruiser_la_galissoniere_class_la_galissoniere_1;La Galissonnière
fr_cruiser_la_galissoniere_class_la_galissoniere_2;Light Cruiser

fr_cruiser_la_galissoniere_class_gloire_shop;Montcalm
fr_cruiser_la_galissoniere_class_gloire_0;"<color=#81c3fc>Société Nouvelle des Forges et Chantiers de la Méditerranée</color>
<color=#fffa62>Croiseur léger de la classe La Galissonnière</color>
Montcalm
<color=#adadad>(1946)</color>"
fr_cruiser_la_galissoniere_class_gloire_1;Montcalm
fr_cruiser_la_galissoniere_class_gloire_2;Light Cruiser

//FRANCE BLUEWATER FLEET - VEHICLE/FAMILY START: RANK 5
fr_battleship_courbet_class_paris_shop;Paris
fr_battleship_courbet_class_paris_0;"<color=#fffa62>Courbet-class</color>
Paris
<color=#adadad>(1939)</color>"
fr_battleship_courbet_class_paris_1;Paris
fr_battleship_courbet_class_paris_2;Battleship

fr_battleship_courbet_class_courbet_shop;Courbet
fr_battleship_courbet_class_courbet_0;"<color=#fffa62>Courbet-class</color>
Courbet
<color=#adadad>(1920)</color>"
fr_battleship_courbet_class_courbet_1;Courbet
fr_battleship_courbet_class_courbet_2;Battleship

fr_battleship_bretagne_class_lorraine_shop;Lorraine
fr_battleship_bretagne_class_lorraine_0;"<color=#fffa62>Bretagne-class</color>
Lorraine
<color=#adadad>(1944)</color>"
fr_battleship_bretagne_class_lorraine_1;Lorraine
fr_battleship_bretagne_class_lorraine_2;Battleship

fr_battleship_bretagne_class_bretagne_shop;Bretagne
fr_battleship_bretagne_class_bretagne_0;"<color=#fffa62>Bretagne-class</color>
Bretagne
<color=#adadad>(1925)</color>"
fr_battleship_bretagne_class_bretagne_1;Bretagne
fr_battleship_bretagne_class_bretagne_2;Battleship

//FRANCE BLUEWATER FLEET - VEHICLE/FAMILY START: RANK 6
fr_battleship_dunkerque_shop;Dunkerque
fr_battleship_dunkerque_0;"<color=#81c3fc>Arsenal de Brest</color>
<color=#fffa62>Cuirassé de la classe Dunkerque</color>
Dunkerque
<color=#adadad>(1939)</color>"
fr_battleship_dunkerque_1;Dunkerque
fr_battleship_dunkerque_2;Battleship

fr_battleship_strasbourg_shop;Strasbourg
fr_battleship_strasbourg_0;"<color=#81c3fc>Ateliers et Chantiers de la Loire</color>
<color=#fffa62>Cuirassé de la classe Dunkerque</color>
Strasbourg
<color=#adadad>(1942)</color>"
fr_battleship_strasbourg_1;Strasbourg
fr_battleship_strasbourg_2;Battleship

//FRANCE BLUEWATER FLEET - VEHICLE/FAMILY START: RANK 7
fr_battleship_richelieu_class_richelieu_shop;Richelieu
fr_battleship_richelieu_class_richelieu_0;"<color=#81c3fc>Arsenal de Brest <color=@commonTextColor>/</color> Brooklyn Navy Yard</color>
<color=#fffa62>Cuirassé de la classe Richelieu</color>
Richelieu
<color=#adadad>(1943)</color>"
fr_battleship_richelieu_class_richelieu_1;Richelieu
fr_battleship_richelieu_class_richelieu_2;Battleship

fr_battleship_richelieu_class_clemenceau_shop;Clemenceau
fr_battleship_richelieu_class_clemenceau_0;"<color=#81c3fc>Arsenal de Brest</color>
<color=#fffa62>Cuirassé de la classe Richelieu</color>
Clemenceau"
fr_battleship_richelieu_class_clemenceau_1;Clemenceau
fr_battleship_richelieu_class_clemenceau_2;Battleship

fr_battleship_richelieu_class_jean_bart_shop;Jean Bart
fr_battleship_richelieu_class_jean_bart_0;"<color=#81c3fc>Ateliers et Chantiers de la Loire <color=@commonTextColor>+</color> Port de Casablanca <color=@commonTextColor>+</color> Arsenal de Brest</color>
<color=#fffa62>Cuirassé de la classe Richelieu</color>
Jean Bart
<color=#adadad>(1956)</color>"
fr_battleship_richelieu_class_jean_bart_1;Jean Bart
fr_battleship_richelieu_class_jean_bart_2;Battleship

//SWEDEN AIRCRAFT - VEHICLE/FAMILY START: RANK 1
gladiator_j8a_shop;J 8 A
gladiator_j8a_0;"<color=#81c3fc>Gloster Aircraft Company SS.37</color>
flygplan typ J 8 A"
gladiator_j8a_1;J 8 A
gladiator_j8a_2;J 8 A

gladiator_j8a_iacobi_shop;Iacobi's J 8 A
gladiator_j8a_iacobi_0;"<color=#81c3fc>Gloster Aircraft Company SS.37</color>
flygplan typ J 8 A
<color=@currencyGoldColor>Ian Iacobi's</color>"
gladiator_j8a_iacobi_1;Iacobi's J 8 A
gladiator_j8a_iacobi_2;J 8

j6b_shop;J 6 B
j6b_0;"<color=#81c3fc>Svenska Aero Jaktfalken</color>
flygplan typ J 6 B"
j6b_1;J 6 B
j6b_2;J 6

fiat_cr42_j11_shop;J 11
fiat_cr42_j11_0;"<color=#81c3fc>Fiat Aviazione</color>
flygplan typ J 11"
fiat_cr42_j11_1;J 11
fiat_cr42_j11_2;J 11

saab_b17bs_shop;S 17 BS
saab_b17bs_0;"<color=#81c3fc>Saab 17BS</color>
flygplan typ S 17 BS"
saab_b17bs_1;S 17 BS
saab_b17bs_2;S 17

saab_b17b_shop;B 17 B
saab_b17b_0;"<color=#81c3fc>Saab 17B</color>
flygplan typ B 17 B"
saab_b17b_1;B 17 B
saab_b17b_2;B 17

saab_b17a_shop;B 17 A
saab_b17a_0;"<color=#81c3fc>Saab 17A</color>
flygplan typ B 17 A"
saab_b17a_1;B 17 A
saab_b17a_2;B 17

he_115a_2_sweden_shop;T 2
he_115a_2_sweden_0;"<color=#81c3fc>Heinkel Flugzeugwerke</color>
flygplan typ T 2"
he_115a_2_sweden_1;T 2
he_115a_2_sweden_2;T 2

saab_b3c_shop;B 3 C-2
saab_b3c_0;"<color=#81c3fc>Junkers Flugzeug- und Motorenwerke <color=@commonTextColor>/</color> Saab</color>
flygplan typ B 3 C-2"
saab_b3c_1;B 3 C
saab_b3c_2;B 3

fokker_d21_serie3_finland_shop;FRm sarja I
fokker_d21_serie3_finland_0;"FRm sarja I ""Ukko-Mokkeri"""
fokker_d21_serie3_finland_1;FRm
fokker_d21_serie3_finland_2;FR

fokker_d21_mod20_shop;FR-76 (1937)
fokker_d21_mod20_0;"FR sarja I ""Ukko-Mokkeri""
<color=@currencyGoldColor>FR-76</color>
<color=#adadad>(1937)</color>"
fokker_d21_mod20_1;FR-76
fokker_d21_mod20_2;FR

arado-196a-5_shop;AR
arado-196a-5_0;AR
arado-196a-5_1;AR
arado-196a-5_2;AR

//SWEDEN AIRCRAFT - VEHICLE/FAMILY START: RANK 2
re_2000_j20_shop;J 20
re_2000_j20_0;"<color=#81c3fc>Officine Meccaniche Italiane</color>
flygplan typ J 20"
re_2000_j20_1;J 20
re_2000_j20_2;J 20

ffvs_j22_a_shop;J 22-1
ffvs_j22_a_0;"<color=#81c3fc>Kungliga Flygförvaltningens Flygverkstad i Stockholm</color>
<color=#919191>flygplan typ J 22 UBv</color>
flygplan typ J 22-1"
ffvs_j22_a_1;J 22-1
ffvs_j22_a_2;J 22

ffvs_j22_b_shop;J 22-2
ffvs_j22_b_0;"<color=#81c3fc>Kungliga Flygförvaltningens Flygverkstad i Stockholm</color>
<color=#919191>flygplan typ J 22 FBv</color>
flygplan typ J 22-2"
ffvs_j22_b_1;J 22-2
ffvs_j22_b_2;J 22

saab_b18a_shop;B 18 A
saab_b18a_0;"<color=#81c3fc>Saab 18A</color>
flygplan typ B 18 A"
saab_b18a_1;B 18 A
saab_b18a_2;B 18

saab_b18b_shop;B 18 B
saab_b18b_0;"<color=#81c3fc>Saab 18B</color>
flygplan typ B 18 B"
saab_b18b_1;B 18 B
saab_b18b_2;B 18

saab_t18b_1_shop;T 18 B
saab_t18b_1_0;"<color=#81c3fc>Saab 18B</color>
flygplan typ T 18 B"
saab_t18b_1_1;T 18 B
saab_t18b_1_2;T 18

saab_t18b_2_shop;T 18 B (57 mm akan m/47)
saab_t18b_2_0;"<color=#81c3fc>Saab 18B</color>
flygplan typ T 18 B
<color=#adadad>(57 mm automatkanon m/47)</color>"
saab_t18b_2_1;T 18 B
saab_t18b_2_2;T 18

ju-88a-4_finland_shop;JK (1943)
ju-88a-4_finland_0;"JK ""Iso Stuka""
<color=#adadad>(1943)</color>"
ju-88a-4_finland_1;JK
ju-88a-4_finland_2;JK

b_239_finland_shop;BW (1943)
b_239_finland_0;"BW ""Ryysteri""
<color=#adadad>(1943)</color>"
b_239_finland_1;BW
b_239_finland_2;BW

hurricane_mk1_late_finland_shop;HC
hurricane_mk1_late_finland_0;"HC ""Hurricane"""
hurricane_mk1_late_finland_1;HC
hurricane_mk1_late_finland_2;HC

morko_morane_shop;MSv
morko_morane_0;"MSv ""Mörkö-Morane"""
morko_morane_1;MSv
morko_morane_2;MS

j9_early_shop;S 9 C
j9_early_0;"<color=#81c3fc>Republic Aviation Corporation EP-106</color>
flygplan typ S 9 C"
j9_early_1;S 9 C
j9_early_2;S 9

vl_myrsky_2_late_shop;MY sarja II
vl_myrsky_2_late_0;"<color=#81c3fc>Valtion lentokonetehdas</color>
MY sarja II"
vl_myrsky_2_late_1;MY sarja II
vl_myrsky_2_late_2;MY

h-75a-1_finland_shop;CUw (A-1)
h-75a-1_finland_0;"CUw ""Sussu""
<color=#adadad>(A-1)</color>"
h-75a-1_finland_1;CUw
h-75a-1_finland_2;CU

h-75a-3_finland_shop;CUw (A-3)
h-75a-3_finland_0;"CUw ""Sussu""
<color=#adadad>(A-3)</color>"
h-75a-3_finland_1;CUw
h-75a-3_finland_2;CU

h-75a-6_shop;CUw (A-6)
h-75a-6_0;"CUw ""Sussu""
<color=#adadad>(A-6)</color>"
h-75a-6_1;CUw
h-75a-6_2;CU

//SWEDEN AIRCRAFT - VEHICLE/FAMILY START: RANK 3
mosquito_f_mk2_norway_shop;◢ Mosquito F. Mk. II
mosquito_f_mk2_norway_0;"<color=#81c3fc>de Havilland Aircraft Company D.H. 98</color>
◢ Mosquito F. Mk. II"
mosquito_f_mk2_norway_1;◢ Mosquito F. Mk. II
mosquito_f_mk2_norway_2;◢ Mosquito

mosquito_fb_mk6_norway_shop;◢ Mosquito F.B. Mk. VI
mosquito_fb_mk6_norway_0;"<color=#81c3fc>de Havilland Aircraft Company D.H. 98</color>
◢ Mosquito F.B. Mk. VI"
mosquito_fb_mk6_norway_1;◢ Mosquito F.B. Mk. VI
mosquito_fb_mk6_norway_2;◢ Mosquito

mosquito_fb_mk6_ash_norway_shop;◢ Mosquito F.B. Mk. VI (A.S.V. Mk. IX)
mosquito_fb_mk6_ash_norway_0;"<color=#81c3fc>de Havilland Aircraft Company D.H. 98</color>
◢ Mosquito F.B. Mk. VI
<color=#adadad>(A.S.V. Mk. IX)</color>"
mosquito_fb_mk6_ash_norway_1;◢ Mosquito F.B. Mk. VI
mosquito_fb_mk6_ash_norway_2;◢ Mosquito

p-51d-20-na_j26_shop;J 26
p-51d-20-na_j26_0;"<color=#81c3fc>North American Aviation NA-122</color>
flygplan typ J 26"
p-51d-20-na_j26_1;J 26
p-51d-20-na_j26_2;J 26

p-51b_7_sweden_shop;J 26 (26001)
p-51b_7_sweden_0;"<color=#81c3fc>North American Aviation NA-104</color>
flygplan typ J 26
<color=@currencyGoldColor>Upplands flygflottilj (F 16), 26001 ""Vit D""</color>"
p-51b_7_sweden_1;J 26
p-51b_7_sweden_2;J 26

pyorremyrsky_shop;PM-1
pyorremyrsky_0;"<color=#81c3fc>Valtion lentokonetehdas</color>
PM ""Puu-Mersu""
<color=@currencyGoldColor>PM-1</color>"
pyorremyrsky_1;PM-1
pyorremyrsky_2;PM

mosquito_j30_sweden_shop;J 30
mosquito_j30_sweden_0;"<color=#81c3fc>de Havilland Aircraft Company D.H. 98</color>
flygplan typ J 30"
mosquito_j30_sweden_1;J 30
mosquito_j30_sweden_2;J 30

//SWEDEN AIRCRAFT - VEHICLE/FAMILY START: RANK 4
saab_j21a_1_shop;J 21 A-1
saab_j21a_1_0;"<color=#81c3fc>Saab 21A-1</color>
flygplan typ J 21 A-1"
saab_j21a_1_1;J 21 A
saab_j21a_1_2;J 21

saab_j21a_2_shop;J 21 A-2
saab_j21a_2_0;"<color=#81c3fc>Saab 21A-2</color>
flygplan typ J 21 A-2"
saab_j21a_2_1;J 21 A
saab_j21a_2_2;J 21

saab_a21a_3_shop;A 21 A-3 (1952)
saab_a21a_3_0;"<color=#81c3fc>Saab 21A-3</color>
flygplan typ A 21 A-3
<color=#adadad>(1952)</color>"
saab_a21a_3_1;A 21 A
saab_a21a_3_2;A 21

saab_j21ra_shop;A 21 RA
saab_j21ra_0;"<color=#81c3fc>Saab 21R</color>
<color=#919191>J 21 RA</color>
flygplan typ A 21 RA"
saab_j21ra_1;A 21 RA
saab_j21ra_2;A 21

saab_a21rb_shop;A 21 RB
saab_a21rb_0;"<color=#81c3fc>Saab 21R</color>
flygplan typ A 21 RB"
saab_a21rb_1;A 21 RB
saab_a21rb_2;A 21

bf-109g-2_finland_shop;MT (G-2)
bf-109g-2_finland_0;"<color=#81c3fc>Messerschmitt</color>
MT ""Mersu""
<color=#adadad>(G-2)</color>"
bf-109g-2_finland_1;MT
bf-109g-2_finland_2;MT

bf-109g-6_erla_finland_shop;MT (G-6/R6 Erla)
bf-109g-6_erla_finland_0;"<color=#81c3fc>Messerschmitt</color>
MT ""Mersu""
<color=#adadad>(G-6/R6 Erla)</color>"
bf-109g-6_erla_finland_1;MT (G-6)
bf-109g-6_erla_finland_2;MT

bf-109g-6_finland_shop;MT (G-6/R6) (Tp)
bf-109g-6_finland_0;"<color=#81c3fc>Messerschmitt</color>
MT ""Mersu""
<color=#adadad>(G-6/R6) (Tropenausrüstung)</color>"
bf-109g-6_finland_1;MT (G-6)
bf-109g-6_finland_2;MT

//SWEDEN AIRCRAFT - VEHICLE/FAMILY START: RANK 5
saab_j29a_shop;J 29 A (1951)
saab_j29a_0;"<color=#81c3fc>Saab 29A</color>
flygplan typ J 29 A Tunnan
<color=#adadad>(1951)</color>"
saab_j29a_1;J 29 A
saab_j29a_2;J 29

saab_j29b_shop;A 29 B
saab_j29b_0;"<color=#81c3fc>Saab 29B</color>
flygplan typ A 29 B Tunnan"
saab_j29b_1;A 29 B
saab_j29b_2;A 29

saab_j29d_shop;J 29 D (alt. 2)
saab_j29d_0;"<color=#81c3fc>Saab 29D</color>
flygplan typ J 29 D Tunnan
<color=#adadad>(alt. 2)</color>"
saab_j29d_1;J 29 D
saab_j29d_2;J 29

saab_j29f_shop;J 29 F
saab_j29f_0;"<color=#81c3fc>Saab 29F</color>
flygplan typ J 29 F Tunnan"
saab_j29f_1;J 29 F
saab_j29f_2;J 29

saab_sk60b_shop;SK 60 B
saab_sk60b_0;"<color=#81c3fc>Saab 105</color>
flygplan typ SK 60 B"
saab_sk60b_1;SK 60 B
saab_sk60b_2;SK 60

saab_105g_shop;Saab 105G
saab_105g_0;<color=#81c3fc>Saab 105G</color>
saab_105g_1;Saab 105G
saab_105g_2;Saab 105

saab_105oe_shop;◗ Saab 105Ö
saab_105oe_0;<color=#81c3fc>◗ Saab 105Ö</color>
saab_105oe_1;◗ Saab 105Ö
saab_105oe_2;◗ Saab 105

vampire_fb5_j28b_shop;J 28 B (1953)
vampire_fb5_j28b_0;"<color=#81c3fc>de Havilland Aircraft Company D.H. 100</color>
flygplan typ J 28 B
<color=#adadad>(1953)</color>"
vampire_fb5_j28b_1;J 28 B
vampire_fb5_j28b_2;J 28

vampire_fb52_finland_shop;VA
vampire_fb52_finland_0;"<color=#81c3fc>de Havilland Aircraft Company D.H. 100</color>
VA ""Vamppi"""
vampire_fb52_finland_1;VA
vampire_fb52_finland_2;VA

//SWEDEN AIRCRAFT - VEHICLE/FAMILY START: RANK 6
saab_j32b_shop;J 32 B
saab_j32b_0;"<color=#81c3fc>Saab 32B</color>
flygplan typ J 32 B Lansen"
saab_j32b_1;J 32 B
saab_j32b_2;J 32

saab_a32a_shop;A 32 A
saab_a32a_0;"<color=#81c3fc>Saab 32A</color>
flygplan typ A 32 A Lansen"
saab_a32a_1;A 32 A
saab_a32a_2;A 32

saab_a32a_red_adam_shop;A 32 A (F 17)
saab_a32a_red_adam_0;"<color=#81c3fc>Saab 32A</color>
flygplan typ A 32 A Lansen
<color=@currencyGoldColor>Blekinge flygflottilj (F 17)</color>"
saab_a32a_red_adam_1;A 32 A
saab_a32a_red_adam_2;A 32

hunter_f50_sweden_shop;J 34
hunter_f50_sweden_0;"<color=#81c3fc>Hawker Aircraft P.1067</color>
flygplan typ J 34"
hunter_f50_sweden_1;J 34
hunter_f50_sweden_2;J 34

saab_j35a_shop;J 35 A (kort)
saab_j35a_0;"<color=#81c3fc>Saab 35A</color>
flygplan typ J 35 A Draken ""Adam kort"""
saab_j35a_1;J 35 A
saab_j35a_2;J 35

saab_j35d_shop;J 35 D
saab_j35d_0;"<color=#81c3fc>Saab 35D</color>
flygplan typ J 35 D Draken"
saab_j35d_1;J 35 D
saab_j35d_2;J 35

saab_ja37_shop;JA 37 C
saab_ja37_0;"<color=#81c3fc>Saab 37C</color>
flygplan typ JA 37 C Viggen"
saab_ja37_1;JA 37 C
saab_ja37_2;JA 37

saab_ja37d_shop;JA 37 D
saab_ja37d_0;"<color=#81c3fc>Saab 37D</color>
flygplan typ JA 37 D Viggen"
saab_ja37d_1;JA 37 D
saab_ja37d_2;JA 37

saab_ja37di_shop;JA 37 DI
saab_ja37di_0;"<color=#81c3fc>Saab 37DI</color>
flygplan typ JA 37 DI Viggen"
saab_ja37di_1;JA 37 DI
saab_ja37di_2;JA 37

saab_ja37di_f21_shop;JA 37 DI (F 21)
saab_ja37di_f21_0;"<color=#81c3fc>Saab 37DI</color>
flygplan typ JA 37 DI Viggen
<color=@currencyGoldColor>Norrbottens flygflottilj (F 21)</color>"
saab_ja37di_f21_1;JA 37 DI
saab_ja37di_f21_2;JA 37

saab_aj37_shop;AJ 37
saab_aj37_0;"<color=#81c3fc>Saab 37</color>
flygplan typ AJ 37 Viggen"
saab_aj37_1;AJ 37
saab_aj37_2;AJ 37

saab_ajs37_shop;AJS 37
saab_ajs37_0;"<color=#81c3fc>Saab 37</color>
flygplan typ AJS 37 Viggen"
saab_ajs37_1;AJS 37
saab_ajs37_2;AJS 37

saab_ajs37_early_shop;AJS 37 (F 7)
saab_ajs37_early_0;"<color=#81c3fc>Saab 37</color>
flygplan typ AJS 37 Viggen
<color=@currencyGoldColor>Skaraborgs flygflottilj (F 7)</color>"
saab_ajs37_early_1;AJS 37
saab_ajs37_early_2;AJS 37

//SWEDEN AIRCRAFT - VEHICLE/FAMILY START: RANK 7
mig_21_bis_finland_shop;MGB (late)
mig_21_bis_finland_0;"MGB ""Konelan putki""
<color=#adadad>(late)</color>"
mig_21_bis_finland_1;MGB (late)
mig_21_bis_finland_2;MGB

saab_j35xs_shop;DKS (1993)
saab_j35xs_0;"<color=#81c3fc>Saab 35XS <color=@commonTextColor>/</color> Valmet</color>
DKS ""Silitysrauta""
<color=#adadad>(1993)</color>"
saab_j35xs_1;DKS
saab_j35xs_2;DK

saab_f35_wdns_shop;♔ F-35 (WDNS)
saab_f35_wdns_0;"<color=#81c3fc>Saab 35XD</color>
♔ F-35 Draken
<color=#adadad>(Weapon Delivery and Navigation System)</color>"
saab_f35_wdns_1;♔ F-35
saab_f35_wdns_2;♔ F-35

f-5ag_norway_shop;◢ F-5A(G)-40-NO (EoT)
f-5ag_norway_0;"<color=#81c3fc>Northrop Corperation N-156F</color>
◢ F-5A(G)-40-NO Freedom Fighter
<color=#adadad>(Eye of the Tiger)</color>"
f-5ag_norway_1;◢ F-5A
f-5ag_norway_2;◢ F-5

//SWEDEN AIRCRAFT - VEHICLE/FAMILY START: RANK 8
saab_jas39a_shop;JAS 39 A (Cobra)
saab_jas39a_0;"<color=#81c3fc>Saab 39 Gripen A</color>
flygplan typ JAS 39 A Gripen
<color=#adadad>(Cobra)</color>"
saab_jas39a_1;JAS 39 A
saab_jas39a_2;JAS 39

saab_jas39c_shop;JAS 39 C (Cobra)
saab_jas39c_0;"<color=#81c3fc>Saab 39 Gripen C</color>
flygplan typ JAS 39 C Gripen
<color=#adadad>(Cobra)</color>"
saab_jas39c_1;JAS 39 C
saab_jas39c_2;JAS 39

saab_jas39d_shop;JAS 39 D (Cobra)
saab_jas39d_0;"<color=#81c3fc>Saab 39 Gripen D</color>
flygplan typ JAS 39 D Gripen
<color=#adadad>(Cobra)</color>"
saab_jas39d_1;JAS 39 D
saab_jas39d_2;JAS 39

saab_jas39e_shop;JAS 39 E
saab_jas39e_0;"<color=#81c3fc>Saab 39 Gripen E</color>
flygplan typ JAS 39 E Gripen"
saab_jas39e_1;JAS 39 E
saab_jas39e_2;JAS 39

f_16a_block_10_norway_shop;◢ F-16A-10-CF
f_16a_block_10_norway_0;"<color=#81c3fc>General Dynamics Corporation</color>
◢ F-16A-10-CF Fighting Falcon"
f_16a_block_10_norway_1;◢ F-16A
f_16a_block_10_norway_2;◢ F-16

f_16am_block_20_mlu_norway_shop;◢ F-16AM-20-CF
f_16am_block_20_mlu_norway_0;"<color=#81c3fc>General Dynamics Corporation</color>
◢ F-16AM-20-CF Fighting Falcon"
f_16am_block_20_mlu_norway_1;◢ F-16A
f_16am_block_20_mlu_norway_2;◢ F-16

f_16a_block_15_adf_sweden_killstreak_shop;☢♛ F-16A-15ADF-CF
f_16a_block_15_adf_sweden_killstreak_0;"<color=#81c3fc>General Dynamics Corporation</color>
☢♛ F-16A-15ADF-CF Fighting Falcon"
f_16a_block_15_adf_sweden_killstreak_1;☢♛ F-16A
f_16a_block_15_adf_sweden_killstreak_2;☢♛ F-16

fa_18c_finland_shop;HN
fa_18c_finland_0;"<color=#81c3fc>McDonnell Douglas Corporation Model 267 <color=@commonTextColor>/</color> Patria</color>
HN ""Hornet"""
fa_18c_finland_1;HN
fa_18c_finland_2;HN

fa_18c_mlu_2_finland_shop;HN (MLU 2)
fa_18c_mlu_2_finland_0;"<color=#81c3fc>McDonnell Douglas Corporation Model 267 <color=@commonTextColor>/</color> Patria</color>
HN ""Hornet""
<color=#adadad>(Mid-Life Upgrade 2)</color>"
fa_18c_mlu_2_finland_1;HN
fa_18c_mlu_2_finland_2;HN

//SWEDEN HELICOPTERS - VEHICLE/FAMILY START: RANK 5
hkp3c_shop;hkp 3C
hkp3c_0;"<color=#81c3fc>Agusta 204B</color>
helikopter 3C"
hkp3c_1;hkp 3C
hkp3c_2;hkp 3

hkp2_shop;hkp 2
hkp2_0;"<color=#81c3fc>Sud-Aviation</color>
helikopter 2"
hkp2_1;hkp 2
hkp2_2;hkp 2

//SWEDEN HELICOPTERS - VEHICLE/FAMILY START: RANK 6
hkp9a_cb2_shop;hkp 9A (HeliTOW)
hkp9a_cb2_0;"<color=#81c3fc>Messerschmitt-Bölkow-Blohm <color=@commonTextColor>/</color> Försökscentralen</color>
helikopter 9A
<color=#adadad>(HeliTOW)</color>"
hkp9a_cb2_1;hkp 9A
hkp9a_cb2_2;hkp 9

hkp9a_cb3_fc_shop;hkp 9A
hkp9a_cb3_fc_0;"<color=#81c3fc>Messerschmitt-Bölkow-Blohm</color>
helikopter 9A"
hkp9a_cb3_fc_1;hkp 9A
hkp9a_cb3_fc_2;hkp 9

mi_28a_sweden_shop;♛ Mi-28A
mi_28a_sweden_0;♛ Mi-28A
mi_28a_sweden_1;♛ Mi-28A
mi_28a_sweden_2;♛ Mi-28

//SWEDEN HELICOPTERS - VEHICLE/FAMILY START: RANK 7
ahs_shop;♛ AH-64A
ahs_0;"<color=#81c3fc>McDonnell Douglas Helicopter Systems</color>
♛ AH-64A"
ahs_1;♛ AH-64A
ahs_2;♛ AH-64

//SWEDEN GROUND VEHICLES - VEHICLE/FAMILY START: RANK 1
sw_bt_42_shop;15 ryn.tyk.psv./BT42
sw_bt_42_0;"<color=#5cae63>Ps. 511</color>
15 tonnin rynnäkkötykkipanssarivaunu mallia BT42"
sw_bt_42_1;15 ryn.tyk.psv./BT42
sw_bt_42_2;SPH

sw_sav_m43_1944_shop;sav m/43 (1944)
sw_sav_m43_1944_0;"stormartillerivagn m/43
<color=#adadad>(1944)</color>"
sw_sav_m43_1944_1;sav m/43 (1944)
sw_sav_m43_1944_2;SPG

sw_sav_m43_1946_shop;sav m/43 (1946)
sw_sav_m43_1946_0;"stormartillerivagn m/43
<color=#adadad>(1946)</color>"
sw_sav_m43_1946_1;sav m/43 (1946)
sw_sav_m43_1946_2;SPG

sw_vickers_mk_e_37_shop;Vickers Mk. E (37 psv.k/36)
sw_vickers_mk_e_37_0;"Vickers Mk. E, Type B
<color=#adadad>(37 psv.k/36)</color>"
sw_vickers_mk_e_37_1;Vickers Mk. E
sw_vickers_mk_e_37_2;Light Tank

sw_t_28_shop;28 psv T 28 (1938)
sw_t_28_0;"<color=#5cae63>Ps. 241</color>
28 tonnin panssarivaunu T 28
<color=#adadad>(1938)</color>"
sw_t_28_1;28 psv T 28
sw_t_28_2;Medium Tank

sw_vickers_mk_e_45_shop;9 psv T 26 E
sw_vickers_mk_e_45_0;"<color=#5cae63>Ps. 161</color>
9 tonnin panssarivaunu T 26 Englantilainen"
sw_vickers_mk_e_45_1;9 psv T 26 E
sw_vickers_mk_e_45_2;Light Tank

//SWEDEN GROUND VEHICLES - VEHICLE/FAMILY START: RANK 2
sw_lago_1_shop;Lago I
sw_lago_1_0;<color=#81c3fc>Landsverk Lago I</color>
sw_lago_1_1;Lago I
sw_lago_1_2;Medium Tank

sw_strv_m42_eh_shop;strv m/42 EH
sw_strv_m42_eh_0;"<color=#81c3fc>Landsverk Lago IV</color>
stridsvagn m/42 EH"
sw_strv_m42_eh_1;strv m/42
sw_strv_m42_eh_2;Medium Tank

sw_strv_m42_delat_torn_shop;strv m/42 TM (DT)
sw_strv_m42_delat_torn_0;"<color=#81c3fc>Landsverk Lago II</color>
stridsvagn m/42 TM
<color=#adadad>(Delat Torn)</color>"
sw_strv_m42_delat_torn_1;strv m/42 (DT)
sw_strv_m42_delat_torn_2;Medium Tank

sw_t_50_fin_shop;15 psv T 50 (1942)
sw_t_50_fin_0;"<color=#81c3fc>Lyeningradskij gosudarstvyennyj zavod № 174 im. K. Ye. Vorošilova <color=@commonTextColor>/</color>
Panssarikeskuskorjaamo</color>
<color=#5cae63>Ps. 183-1</color>
15 tonnin panssarivaunu T 50 ""Pikku-Sotka""
<color=#adadad>(1942)</color>"
sw_t_50_fin_1;15 psv T 50
sw_t_50_fin_2;Light Tank

//SWEDEN GROUND VEHICLES - VEHICLE/FAMILY START: RANK 3
sw_m24_chaffee_dk_shop;♔ M24
sw_m24_chaffee_dk_0;"<color=#81c3fc>Cadillac Motor Car Division</color>
♔ Tank, Light, M24 Chaffee"
sw_m24_chaffee_dk_1;♔ M24
sw_m24_chaffee_dk_2;Light Tank

sw_l_62_anti_II_shop;10 it.psv./Anti
sw_l_62_anti_II_0;"<color=#5cae63>Ps. 455</color>
10 tonnin ilmatorjuntapanssarivaunu mallia Anti"
sw_l_62_anti_II_1;10 it.psv./Anti
sw_l_62_anti_II_2;SPAAG

sw_pvkv_m43_1946_shop;pvkv m/43 (1946)
sw_pvkv_m43_1946_0;"pansarvärnskanonvagn m/43
<color=#adadad>(1946)</color>"
sw_pvkv_m43_1946_1;pvkv m/43 (1946)
sw_pvkv_m43_1946_2;SPG

sw_pvkv_m43_1963_shop;pvkv m/43 (1963)
sw_pvkv_m43_1963_0;"pansarvärnskanonvagn m/43
<color=#adadad>(1963)</color>"
sw_pvkv_m43_1963_1;pvkv m/43 (1963)
sw_pvkv_m43_1963_2;SPG

sw_t_34_1941_shop;26 psv T 34 B
sw_t_34_1941_0;"<color=#5cae63>Ps. 231</color>
26 tonnin panssarivaunu T 34 B ""Sotka"""
sw_t_34_1941_1;26 psv T 34 B
sw_t_34_1941_2;Medium Tank

sw_pzkpfw_IV_ausf_J_shop;25 psv PZ IV
sw_pzkpfw_IV_ausf_J_0;"<color=#5cae63>Ps. 221</color>
25 tonnin panssarivaunu PZ IV"
sw_pzkpfw_IV_ausf_J_1;25 psv PZ IV
sw_pzkpfw_IV_ausf_J_2;Medium Tank

sw_pt_76b_shop;▄ PT-76
sw_pt_76b_0;"<color=#5cae63>Ps. 141</color>
▄ PT-76"
sw_pt_76b_1;▄ PT-76
sw_pt_76b_2;Light Tank

sw_a_34_comet_shop;psv Comet
sw_a_34_comet_0;"<color=#5cae63>Ps. 252</color>
panssarivaunu Comet"
sw_a_34_comet_1;psv Comet
sw_a_34_comet_2;Medium Tank

sw_sav_fm48_shop;SAV 20.12.48
sw_sav_fm48_0;<color=#81c3fc>Bofors SAV 20.12.48</color>
sw_sav_fm48_1;SAV 20.12.48
sw_sav_fm48_2;SPG

sw_kv_1_1942_fin_shop;44 psv KW 1 A
sw_kv_1_1942_fin_0;"<color=#81c3fc>Kirovskij zavod</color>
<color=#5cae63>Ps. 271-1</color>
44 tonnin panssarivaunu KW 1 A ""Klimi"""
sw_kv_1_1942_fin_1;44 psv KW 1 A
sw_kv_1_1942_fin_2;Heavy Tank

//SWEDEN GROUND VEHICLES - VEHICLE/FAMILY START: RANK 4
sw_landsverk_ush_204_gk_shop;U SH (204GK)
sw_landsverk_ush_204_gk_0;"<color=#81c3fc>Landsverk <color=@commonTextColor>+</color> Unimog SH</color>
<color=#adadad>(20 mm Belt-Feed Gun Type 204GK)</color>"
sw_landsverk_ush_204_gk_shop;U SH (204GK)
sw_landsverk_ush_204_gk_2;SPAA

sw_landsverk_ush_405_shop;U SH (Typ 3Z 8DLa)
sw_landsverk_ush_405_0;"<color=#81c3fc>Landsverk <color=@commonTextColor>+</color> Unimog SH</color>
<color=#adadad>(8 cm Zwillings-Raketenautomat Oerlikon Typ 3Z 8DLa)</color>"
sw_landsverk_ush_405_1;U SH (Typ 3Z 8DLa)
sw_landsverk_ush_405_2;MLRS

sw_kungstiger_shop;♛ Tiger B (Fgst.Nr. 6)
sw_kungstiger_0;"<color=#81c3fc>Henschel & Sohn</color>
<color=#5cae63>Sd.Kfz. 182</color>
♛ Panzerkampfwagen Tiger Ausf. B mit frühem Turm ""Königstiger""
<color=@currencyGoldColor>Fgst.Nr. 280006</color>"
sw_kungstiger_1;♛ Tiger B
sw_kungstiger_2;Heavy Tank

sw_t_34_85_zis_53_shop;31 psv T 34/85
sw_t_34_85_zis_53_0;"<color=#5cae63>Ps. 245</color>
31 tonnin panssarivaunu T 34/85 ""Pitkäputkinen Sotka"""
sw_t_34_85_zis_53_1;31 psv T 34/85
sw_t_34_85_zis_53_2;Medium Tank

sw_charioteer_mk_7_shop;tstpsv Charioteer
sw_charioteer_mk_7_0;"<color=#5cae63>Ps. 251</color>
taistelupanssarivaunu Charioteer"
sw_charioteer_mk_7_1;tstpsv Charioteer
sw_charioteer_mk_7_2;Medium Tank

//SWEDEN GROUND VEHICLES - VEHICLE/FAMILY START: RANK 5
sw_strv_81_shop;strv 81 (C III)
sw_strv_81_0;"<color=#81c3fc>Royal Ordnance Factory, Leeds</color>
<color=#919191>stridsvagn C III</color>
stridsvagn 81"
sw_strv_81_1;strv 81
sw_strv_81_2;MBT

sw_strv_81_rb52_shop;strv 81 (C III) (rb 52A)
sw_strv_81_rb52_0;"<color=#81c3fc>Royal Ordnance Factory, Leeds</color>
<color=#919191>stridsvagn C III</color>
stridsvagn 81
<color=#adadad>(robot 52A)</color>"
sw_strv_81_rb52_1;strv 81
sw_strv_81_rb52_2;MBT

sw_zsu_57_2_shop;itpsv SU-57-2
sw_zsu_57_2_0;"<color=#5cae63>Ps. 461</color>
ilmatorjuntapanssarivaunu SU-57-2"
sw_zsu_57_2_1;itpsv SU-57-2
sw_zsu_57_2_2;SPAAG

sw_t_54_1951_shop;tstpsv T 54
sw_t_54_1951_0;"<color=#5cae63>Ps. 261</color>
taistelupanssarivaunu T 54"
sw_t_54_1951_1;tstpsv T 54
sw_t_54_1951_2;Medium Tank

sw_k9_vidar_shop;◢ K9 (VIDAR)
sw_k9_vidar_0;"◢ Artillerivogn, K9 Thunder
<color=#adadad>(Versatile Indirect Firing System)</color>"
sw_k9_vidar_1;◢ K9
sw_k9_vidar_2;SPG

//SWEDEN GROUND VEHICLES - VEHICLE/FAMILY START: RANK 6
sw_cv_90105_shop;CV90105 (TML 105)
sw_cv_90105_0;"<color=#81c3fc>Hägglund & Söner <color=@commonTextColor>+</color> GIAT Industries Combat Vehicle 90105</color>
<color=#adadad>(TML 105)</color>"
sw_cv_90105_1;CV90105
sw_cv_90105_2;Light Tank

sw_cv_90105_tml_shop;CV90105 (XC-8 105HP)
sw_cv_90105_tml_0;"<color=#81c3fc>Combat Vehicle 90105</color>
<color=#adadad>(XC-8 105HP)</color>"
sw_cv_90105_tml_1;CV90105
sw_cv_90105_tml_2;Light Tank

sw_cv_9030_fin_shop;rpsv CV9030
sw_cv_9030_fin_0;"<color=#5cae63>Ps. 171</color>
rynnäkköpanssarivaunu CV9030"
sw_cv_9030_fin_1;rpsv CV9030
sw_cv_9030_fin_2;IFV

sw_itpsv_90_shop;itpsv 90
sw_itpsv_90_0;"<color=#5cae63>Ps. 473</color>
ilmatorjuntapanssarivaunu 90"
sw_itpsv_90_1;itpsv 90
sw_itpsv_90_2;SPAAG

sw_pbv_302_bill_shop;pbv 302A (rbs 56)
sw_pbv_302_bill_0;"<color=#81c3fc>Hägglund & Söner</color>
pansarbandvagn 302A
<color=#adadad>(robotsystem 56)</color>"
sw_pbv_302_bill_1;pbv 302A (rbs 56)
sw_pbv_302_bill_2;ATMC

sw_t_55m_shop;tstpsv T 55M
sw_t_55m_0;"<color=#5cae63>Ps. 262</color>
taistelupanssarivaunu T 55M"
sw_t_55m_1;tstpsv T 55M
sw_t_55m_2;Medium Tank

sw_t_72m1_shop;tstpsv T 72M1
sw_t_72m1_0;"<color=#5cae63>Ps. 264</color>
taistelupanssarivaunu T 72M1"
sw_t_72m1_1;tstpsv T 72M1
sw_t_72m1_2;MBT

sw_cv_9035_dk_shop;IKK 9035
sw_cv_9035_dk_0;"infanterikampkøretøj 9035"
sw_cv_9035_dk_1;IKK 9035
sw_cv_9035_dk_2;Light Tank

sw_bmp_2md_shop;rpsv BMP-2MD
sw_bmp_2md_0;"<color=#5cae63>Ps. 153</color>
rynnäkköpanssarivaunu BMP-2MD"
sw_bmp_2md_1;rpsv BMP-2MD
sw_bmp_2md_2;IFV

//SWEDEN GROUND VEHICLES - VEHICLE/FAMILY START: RANK 7
sw_asrad_r_shop;♛ M113A2 (ASRAD-R)
sw_asrad_r_0;"♛ M113A2
<color=#adadad>(Advanced Short Range Air Defence System - RBS)</color>"
sw_asrad_r_1;♛ M113 (ASRAD-R)
sw_asrad_r_2;SPAA

sw_strf_9056_shop;strf 9040A (rbs 56)
sw_strf_9056_0;"stridsfordon 9040A
<color=#adadad>(robotsystem 56)</color>"
sw_strf_9056_1;strf 9040A
sw_strf_9056_2;IFV

sw_leopard_2a4_fin_shop;tstpsv Leopard 2A4
sw_leopard_2a4_fin_0;"<color=#81c3fc>Krauss-Maffei Wegmann</color>
<color=#5cae63>Ps. 273</color>
taistelupanssarivaunu Leopard 2A4"
sw_leopard_2a4_fin_1;tstpsv Leopard 2A4
sw_leopard_2a4_fin_2;MBT

sw_leopard_2a6nl_shop;tstpsv Leopard 2A6
sw_leopard_2a6nl_0;"<color=#81c3fc>Krauss-Maffei Wegmann</color>
<color=#5cae63>Ps. 274</color>
taistelupanssarivaunu Leopard 2A6"
sw_leopard_2a6nl_1;tstpsv Leopard 2A6
sw_leopard_2a6nl_2;MBT

sw_patria_amv_ctcv_105_shop;AMV HWP (CT-CV 105HP)
sw_patria_amv_ctcv_105_0;"<color=#81c3fc>Patria Advanced Modular Vehicle Heavy Weapon Platform</color>
<color=#adadad>(Cockerill CT-CV 105HP)</color>"
sw_patria_amv_ctcv_105_1;AMV HWP
sw_patria_amv_ctcv_105_2;Light Tank

//SWEDEN GROUND VEHICLES - VEHICLE/FAMILY START: RANK 8
sw_cv_90120_shop;CV90120-T
sw_cv_90120_0;<color=#81c3fc>BAE Systems Hägglunds Combat Vehicle 90120-T</color>
sw_cv_90120_1;CV90120-T
sw_cv_90120_2;Light Tank

sw_strv_122_shop;strv 122A
sw_strv_122_0;"stridsvagn 122A"
sw_strv_122_1;strv 122A
sw_strv_122_2;MBT

sw_strv_122b_plss_shop;strv 122B (PLSS)
sw_strv_122b_plss_0;"stridsvagn 122B
<color=#adadad>(Panoramic Low-Signature Sight)</color>"
sw_strv_122b_plss_1;strv 122B
sw_strv_122b_plss_2;MBT

sw_strv_122b_plus_shop;strv 122B+
sw_strv_122b_plus_0;"<color=#81c3fc>Åkers Krutbruk Protection MBT 122B Evolution</color>
stridsvagn 122B+"
sw_strv_122b_plus_1;strv 122B
sw_strv_122b_plus_2;MBT

sw_crotale_ng_shop;ito 90M ohjusvaunu
sw_crotale_ng_0;"<color=#5cae63>Ps. 477</color>
ilmatorjuntaohjus 90M ohjusvaunu XA-181"
sw_crotale_ng_1;ito 90M ohjusvaunu
sw_crotale_ng_2;SPAAM

sw_eldenhet_98_shop;elde 98 (Giraffe 1X)
sw_eldenhet_98_0;"<color=#81c3fc>BAE Systems Hägglunds</color>
eldenhet 98
<color=#adadad>(Giraffe 1X)</color>"
sw_eldenhet_98_1;elde 98
sw_eldenhet_98_2;SPAAM

sw_nomads_shop;NOMADS
sw_nomads_0;<color=#81c3fc>Kongsberg Defence & Aerospace National Manoeuvre Air Defence System</color>
sw_nomads_1;NOMADS
sw_nomads_2;SPAAM

sw_nasams_fcs_shop;300 GD (AN/MPQ-64)
sw_nasams_fcs_0;"<color=#81c3fc>Mercedes-Benz G-Class 300 GD</color>
<color=#adadad>(Radar Set, AN/MPQ-64 Sentinel)</color>"
sw_nasams_fcs_1;300 GD (AN/MPQ-64)
sw_nasams_fcs_2;Radar

sw_nasams_launcher_shop;◢ P113H 380 (NASAMS 3)
sw_nasams_launcher_0;"<color=#81c3fc>◢ Scania 3-Series P113H 380 6x2</color>
<color=#adadad>(Norwegian Advanced Surface-to-Air Missile System 3)</color>"
sw_nasams_launcher_1;◢ P113H 380 (NASAMS 3)
sw_nasams_launcher_2;SPAAM

sw_cv_90_mk4_shop;CV90 MkIV (E30)
sw_cv_90_mk4_0;"<color=#81c3fc>BAE Systems Hägglunds Combat Vehicle 90 MkIV</color>
<color=#adadad>(E30)</color>"
sw_cv_90_mk4_1;CV90 MkIV
sw_cv_90_mk4_2;IFV

sw_t_80u_shop;♛ T 80 U
sw_t_80u_0;♛ T 80 U
sw_t_80u_1;♛ T 80 U
sw_t_80u_2;MBT

//SWEDEN COASTAL FLEET - VEHICLE/FAMILY START: RANK 1

//SWEDEN COASTAL FLEET - VEHICLE/FAMILY START: RANK 2

//SWEDEN COASTAL FLEET - VEHICLE/FAMILY START: RANK 3

//SWEDEN COASTAL FLEET - VEHICLE/FAMILY START: RANK 4

//SWEDEN COASTAL FLEET - VEHICLE/FAMILY START: RANK 5

//SWEDEN BLUEWATER FLEET - VEHICLE/FAMILY START: RANK 1

//SWEDEN BLUEWATER FLEET - VEHICLE/FAMILY START: RANK 2

//SWEDEN BLUEWATER FLEET - VEHICLE/FAMILY START: RANK 3

//SWEDEN BLUEWATER FLEET - VEHICLE/FAMILY START: RANK 4

//SWEDEN BLUEWATER FLEET - VEHICLE/FAMILY START: RANK 5

//SWEDEN BLUEWATER FLEET - VEHICLE/FAMILY START: RANK 6

//ISRAEL AIRCRAFT - VEHICLE/FAMILY START: RANK 1

//ISRAEL AIRCRAFT - VEHICLE/FAMILY START: RANK 2

//ISRAEL AIRCRAFT - VEHICLE/FAMILY START: RANK 3

//ISRAEL AIRCRAFT - VEHICLE/FAMILY START: RANK 4
spitfire_mk9c_iaf_shop; Spiṭfayer IX
spitfire_mk9c_iaf_0;"<color=#81c3fc>Supermarine Aviation Works (Vickers) Type 361</color>
 Spiṭfayer Degem IX"
spitfire_mk9c_iaf_1; Spiṭfayer IX
spitfire_mk9c_iaf_2; Spiṭfayer

spitfire_lf_mk9e_iaf_shop; Spiṭfayer IX (KK)
spitfire_lf_mk9e_iaf_0;"<color=#81c3fc>Supermarine Aviation Works (Vickers) Type 361</color>
 Spiṭfayer Degem IX
<color=#adadad>(Knef Kṣoṣah)</color>"
spitfire_lf_mk9e_iaf_1; Spiṭfayer IX
spitfire_lf_mk9e_iaf_2; Spiṭfayer

spitfire_lf_mk9e_weisman_shop; Weiṣman's Spiṭfayer IX
spitfire_lf_mk9e_weisman_0;"<color=#81c3fc>Supermarine Aviation Works (Vickers) Type 361</color>
 Spiṭfayer Degem IX
<color=@currencyGoldColor>'Ezer Weiṣman's</color>"
spitfire_lf_mk9e_weisman_1; Spiṭfayer IX
spitfire_lf_mk9e_weisman_2; Spiṭfayer

spitfire_lf_mk9c_cw_greece_shop;⚕ Smyrniotópoulos' Spitfire L.F. Mk. IX (CW)
spitfire_lf_mk9c_cw_greece_0;"<color=#81c3fc>Supermarine Aviation Works (Vickers) Type 361</color>
⚕ Spitfire L.F. Mk. IX
<color=#adadad>(clipped wing)</color>
<color=@currencyGoldColor>Geórgios Smyrniotópoulos'</color>"
spitfire_lf_mk9c_cw_greece_1;⚕ Spitfire L.F. Mk. IX
spitfire_lf_mk9c_cw_greece_2;⚕ Spitfire

s_199_shop; Si.210
s_199_0;"<color=#81c3fc>Avia Motors C.210</color>
 Si.210 ""Sakin"""
s_199_1; Si.210
s_199_2; Si.210

p-51d-20-na_iaf_shop; Pi-51 Di
p-51d-20-na_iaf_0;"<color=#81c3fc>North American Aviation NA-122</color>
 Pi-51 Degem Di Musṭang"
p-51d-20-na_iaf_1; Pi-51 Di
p-51d-20-na_iaf_2; Pi-51

b-17g_iaf_shop; Bi-17 Ji
b-17g_iaf_0;"<color=#81c3fc>Boeing Airplane Company Model 299P</color>
 Bi-17 Degem Ji Mivṣar Me'ofef"
b-17g_iaf_1; Bi-17 Ji
b-17g_iaf_2; Bi-17

//ISRAEL AIRCRAFT - VEHICLE/FAMILY START: RANK 5
meteor_nfmk13_shop; Meṭe'or 13
meteor_nfmk13_0;"<color=#81c3fc>Gloster Aircraft Company G.47 <color=@commonTextColor>/</color> Armstrong Whitworth</color>
 Meṭe'or Degem 13"
meteor_nfmk13_1; Meṭe'or 13
meteor_nfmk13_2; Meṭe'or

meteor_fmk8_iaf_shop; Meṭe'or 8
meteor_fmk8_iaf_0;"<color=#81c3fc>Gloster Aircraft Company G.41K</color>
 Meṭe'or Degem 8"
meteor_fmk8_iaf_1; Meṭe'or 8
meteor_fmk8_iaf_2; Meṭe'or

meteor_frmk9_iaf_shop; Meṭe'or 9
meteor_frmk9_iaf_0;"<color=#81c3fc>Gloster Aircraft Company G.41L</color>
 Meṭe'or Degem 9"
meteor_frmk9_iaf_1; Meṭe'or 9
meteor_frmk9_iaf_2; Meṭe'or

md_450b_ouragan_iaf_shop; 'Organ
md_450b_ouragan_iaf_0;"<color=#81c3fc>Avions Marcel Dassault</color>
 M.D.450B 'Organ"
md_450b_ouragan_iaf_1; 'Organ
md_450b_ouragan_iaf_2; 'Organ

md_450b_ouragan_iaf_29_shop; 'Organ (Mis 29)
md_450b_ouragan_iaf_29_0;"<color=#81c3fc>Avions Marcel Dassault</color>
 M.D.450B 'Organ
<color=@currencyGoldColor>Ṭayeset 113 ""Ṭayeset Haṣar'ah"", Mis 29</color>"
md_450b_ouragan_iaf_29_1; 'Organ
md_450b_ouragan_iaf_29_2; 'Organ

//ISRAEL AIRCRAFT - VEHICLE/FAMILY START: RANK 6
md_454_mystere_4a_iaf_shop; Misṭer IV
md_454_mystere_4a_iaf_0;"<color=#81c3fc>Avions Marcel Dassault</color>
 Misṭer IV"
md_454_mystere_4a_iaf_1; Misṭer IV
md_454_mystere_4a_iaf_2; Misṭer

md_460_sambad_shop; Super Misṭer B-2
md_460_sambad_0;"<color=#81c3fc>Avions Marcel Dassault</color>
 Super Misṭer B-2 ""Sambad"""
md_460_sambad_1; Super Misṭer B-2
md_460_sambad_2; Super Misṭer

md_460_saar_shop;Sa'ar
md_460_saar_0;"<color=#81c3fc>Avions Marcel Dassault <color=@commonTextColor>/</color> ha-Ta'asiah ha-'Avirit le-Yisra'el</color>
Sa'ar"
md_460_saar_1;Sa'ar
md_460_saar_2;Sa'ar

a_4h_shop; A-4H
a_4h_0;"<color=#81c3fc>McDonnell Douglas Corporation D-640</color>
 A-4H 'Ayiṭ"
a_4h_1; A-4H
a_4h_2; A-4

a_4e_early_iaf_shop; A-4E (AFC 418-II)
a_4e_early_iaf_0;"<color=#81c3fc>McDonnell Douglas Corporation D-640</color>
 A-4E 'Ayiṭ
<color=#adadad>(AFC 418-II)</color>"
a_4e_early_iaf_1; A-4E
a_4e_early_iaf_2; A-4

a_4n_shop; A-4N
a_4n_0;"<color=#81c3fc>McDonnell Douglas Corporation D-640</color>
 A-4N 'Ayiṭ"
a_4n_1; A-4N
a_4n_2; A-4

a_4e_late_iaf_shop; A-4E (AFC 482)
a_4e_late_iaf_0;"<color=#81c3fc>McDonnell Douglas Corporation D-640</color>
 A-4E 'Ayiṭ
<color=#adadad>(AFC 482)</color>"
a_4e_late_iaf_1; A-4E
a_4e_late_iaf_2; A-4

so_4050_vautour_2a_israel_iaf_shop; Vuṭur A
so_4050_vautour_2a_israel_iaf_0;"<color=#81c3fc>Société nationale des constructions aéronautiques du Sud-Ouest</color>
 Vuṭur A"
so_4050_vautour_2a_israel_iaf_1; Vuṭur A
so_4050_vautour_2a_israel_iaf_2; Vuṭur

so_4050_vautour_2n_iaf_shop; Vuṭur N
so_4050_vautour_2n_iaf_0;"<color=#81c3fc>Société nationale des constructions aéronautiques du Sud-Ouest</color>
 Vuṭur N"
so_4050_vautour_2n_iaf_1; Vuṭur N
so_4050_vautour_2n_iaf_2; Vuṭur

so_4050_vautour_2a_iaf_shop;☨ Vuṭur A
so_4050_vautour_2a_iaf_0;"<color=#81c3fc>Société nationale des constructions aéronautiques du Sud-Ouest</color>
☨ Vuṭur A"
so_4050_vautour_2a_iaf_1;☨ Vuṭur A
so_4050_vautour_2a_iaf_2;☨ Vuṭur

f-84f_israel_iaf_shop; F-84F-51-GK (Ṭayeset 200)
f-84f_israel_iaf_0;"<color=#81c3fc>Republic Aviation Corporation AP-23M</color>
 F-84F-51-GK Thunderstreak
<color=@currencyGoldColor>Ṭayeset 200</color>"
f-84f_israel_iaf_1; F-84F
f-84f_israel_iaf_2; F-84

//ISRAEL AIRCRAFT - VEHICLE/FAMILY START: RANK 7
mirage_3cj_shop; Miraž III CJ
mirage_3cj_0;"<color=#81c3fc>Avions Marcel Dassault</color>
 Miraž III CJ ""Šahak"""
mirage_3cj_1; Miraž III CJ
mirage_3cj_2; Mirage

kfir_c7_shop;Kfir C.7
kfir_c7_0;"<color=#81c3fc>ha-Ta'asiah ha-'Avirit le-Yisra'el</color>
Kfir C.7"
kfir_c7_1;Kfir C.7
kfir_c7_2;Kfir

kfir_canard_shop;Kfir Gderot
kfir_canard_0;"<color=#81c3fc>ha-Ta'asiah ha-'Avirit le-Yisra'el</color>
Kfir Gderot"
kfir_canard_1;Kfir Gderot
kfir_canard_2;Kfir

kfir_c2_shop;Kfir C.2
kfir_c2_0;"<color=#81c3fc>ha-Ta'asiah ha-'Avirit le-Yisra'el</color>
Kfir C.2"
kfir_c2_1;Kfir C.2
kfir_c2_2;Kfir

kfir_c10_colombia_shop;◡ Kfir Block 60
kfir_c10_colombia_0;"<color=#81c3fc>◡ ha-Ta'asiah ha-'Avirit le-Yisra'el Kfir Block 60</color>"
kfir_c10_colombia_1;◡ Kfir Block 60
kfir_c10_colombia_2;◡ Kfir

f-4e_iaf_shop; F-4E-48-MC
f-4e_iaf_0;"<color=#81c3fc>McDonnell Douglas Corporation Model 98HO</color>
 F-4E-48-MC Kurnas"
f-4e_iaf_1; F-4E
f-4e_iaf_2; F-4

f-4e_kurnass_2000_shop; F-4E Kurnas 2000
f-4e_kurnass_2000_0;"<color=#81c3fc>McDonnell Douglas Corporation Model <color=@commonTextColor>/</color> ha-Ta'asiah ha-'Avirit le-Yisra'el</color>
 F-4E Kurnas 2000"
f-4e_kurnass_2000_1; F-4E Kurnas 2000
f-4e_kurnass_2000_2; F-4E

nesher_shop;Nešer A
nesher_0;"<color=#81c3fc>Avions Marcel Dassault-Breguet Aviation <color=@commonTextColor>/</color> ha-Ta'asiah ha-'Avirit
le-Yisra'el</color>
Nešer A"
nesher_1;Nešer A
nesher_2;Nešer

mig_21_2000_iaf_shop; MiG-21 2000
mig_21_2000_iaf_0;"<color=#81c3fc> Moskovskoye aviaczionnoye proizvodstvyennoye ob""yedinyeniye im.
P. V. Dyemyent'yeva <color=@commonTextColor>/</color> ha-Ta'asiah ha-'Avirit le-Yisra'el <color=@commonTextColor>+</color> Aerostar
MiG-21 2000</color>"
mig_21_2000_iaf_1; MiG-21 2000
mig_21_2000_iaf_2; MiG-21

//ISRAEL AIRCRAFT - VEHICLE/FAMILY START: RANK 8
f_16a_block_10_iaf_shop; F-16A-15OCU-CF
f_16a_block_10_iaf_0;"<color=#81c3fc>General Dynamics Corporation</color>
 F-16A-15OCU-CF Neṣ"
f_16a_block_10_iaf_1; F-16A
f_16a_block_10_iaf_2; F-16

f_16c_block_40_barak_2_shop; F-16C-40L-CF
f_16c_block_40_barak_2_0;"<color=#81c3fc>General Dynamics Corporation</color>
 F-16C-40L-CF Barak II"
f_16c_block_40_barak_2_1; F-16C
f_16c_block_40_barak_2_2; F-16

f_16d_block_40_barak_2_shop; F-16D-40-CF
f_16d_block_40_barak_2_0;"<color=#81c3fc>General Dynamics Corporation</color>
 F-16D-40-CF Barak II"
f_16d_block_40_barak_2_1; F-16D
f_16d_block_40_barak_2_2; F-16

f_16i_sufa_shop; F-16I
f_16i_sufa_0;"<color=#81c3fc>Lockheed Martin Corporation</color>
 F-16I Sufah"
f_16i_sufa_1; F-16I
f_16i_sufa_2; F-16

f_16a_block_10_netz_mod_shop; F-16A-15OCU-CF (1987)
f_16a_block_10_netz_mod_0;"<color=#81c3fc>General Dynamics Corporation</color>
 F-16A-15OCU-CF Neṣ
<color=#adadad>(1987)</color>"
f_16a_block_10_netz_mod_1; F-16A
f_16a_block_10_netz_mod_2; F-16

f_16d_block_40_barak_2_killstreak_shop;☢ F-16D-40-CF
f_16d_block_40_barak_2_killstreak_0;"<color=#81c3fc>General Dynamics Corporation</color>
☢ F-16D-40-CF Barak II"
f_16d_block_40_barak_2_killstreak_1;☢ F-16D
f_16d_block_40_barak_2_killstreak_2;☢ F-16

f_15a_iaf_shop; F-15A-18-MC (MSIP)
f_15a_iaf_0;"<color=#81c3fc>McDonnell Douglas Corporation Model 199-1C</color>
 F-15A-18-MC Baz
<color=#adadad>(Multistage Improvement Program)</color>"
f_15a_iaf_1; F-15A
f_15a_iaf_2; F-15

f_15c_baz_msip_shop; F-15C-40-MC (MSIP II)
f_15c_baz_msip_0;"<color=#81c3fc>McDonnell Douglas Corporation Model 199-1C</color>
 F-15C-40-MC Baz Mešupar
<color=#adadad>(Multistage Improvement Program II)</color>"
f_15c_baz_msip_1; F-15C
f_15c_baz_msip_2; F-15

f_15i_raam_shop; F-15I
f_15i_raam_0;"<color=#81c3fc>McDonnell Douglas Corporation Model 199-1C</color>
 F-15I Ra'am"
f_15i_raam_1; F-15I
f_15i_raam_2; F-15

//ISRAEL HELICOPTERS - VEHICLE/FAMILY START: RANK 5
ah_1g_iaf_shop; AH-1G
ah_1g_iaf_0;"<color=#81c3fc>Bell Helicopter Company Model 209</color>
 AH-1G Ṣefa' Alef"
ah_1g_iaf_1; AH-1G
ah_1g_iaf_2; AH-1

ah_1q_iaf_shop; AH-1Q
ah_1q_iaf_0;"<color=#81c3fc>Bell Helicopter Company Model 209</color>
 AH-1Q Ṣefa' Bet"
ah_1q_iaf_1; AH-1Q
ah_1q_iaf_2; AH-1

ah_1f_iaf_shop; AH-1S (MC) (CN)
ah_1f_iaf_0;"<color=#81c3fc>Bell Helicopter Textron Model 209</color>
 AH-1S Ṣefa' Dalet
<color=#adadad>(Modernized Cobra) (Cobra Night Imaging Thermal Equipment)</color>"
ah_1f_iaf_1; AH-1S
ah_1f_iaf_2; AH-1

md_500_tow_late_shop;500 MD/'Orev
md_500_tow_late_0;"<color=#81c3fc>Hughes Helicopters 500 MD</color>
500 MD/'Orev Defender ""Lahaṭuṭ"""
md_500_tow_late_1;500 MD/'Orev
md_500_tow_late_2;500 MD

//ISRAEL HELICOPTERS - VEHICLE/FAMILY START: RANK 6
ah_64a_iaf_shop; AH-64A
ah_64a_iaf_0;"<color=#81c3fc>McDonnell Douglas Helicopter Systems</color>
 AH-64A Peten"
ah_64a_iaf_1; AH-64A
ah_64a_iaf_2; AH-64

ah_64a_peten_iaf_shop; AH-64A (Ṭayeset 113)
ah_64a_peten_iaf_0;"<color=#81c3fc>McDonnell Douglas Helicopter Systems</color>
 AH-64A Peten
<color=@currencyGoldColor>Ṭayeset 113 ""Ṭayeset ha-Ṣar'ah""</color>"
ah_64a_peten_iaf_1; AH-64A
ah_64a_peten_iaf_2; AH-64

ah_64d_i_saraph_shop; AH-64D
ah_64d_i_saraph_0;"<color=#81c3fc>Boeing Rotorcraft Systems</color>
 AH-64D Saraf"
ah_64d_i_saraph_1; AH-64D
ah_64d_i_saraph_2; AH-64

//ISRAEL HELICOPTERS - VEHICLE/FAMILY START: RANK 7
ah_60_iaf_shop;ABH Demonstrator
ah_60_iaf_0;"<color=#81c3fc>Sikorsky Aircraft Corperation <color=@commonTextColor>+</color> Elbit Systems Armed Blackhawk
Demonstrator ""Yanšuf Ḥamuš""</color>"
ah_60_iaf_1;ABH Demonstrator
ah_60_iaf_2;ABH

//ISRAEL GROUND VEHICLES - VEHICLE/FAMILY START: RANK 1

//ISRAEL GROUND VEHICLES - VEHICLE/FAMILY START: RANK 2

//ISRAEL GROUND VEHICLES - VEHICLE/FAMILY START: RANK 3

//ISRAEL GROUND VEHICLES - VEHICLE/FAMILY START: RANK 4
il_m_51_shop;Šerman M-51 (1975)
il_m_51_0;"<color=#81c3fc>Pressed Steel Car Company <color=@commonTextColor>/</color> Merkaz Šikum ve-'Aḥzakah 7000</color>
Ṭank Šerman M-51
<color=#adadad>(1975)</color>"
il_m_51_1;Šerman M-51
il_m_51_2;Medium Tank

il_m_51_w_shop;Šerman M-51 (Ṣ-814794)
il_m_51_w_0;"<color=#81c3fc>Detroit Arsenal Tank Plant <color=@commonTextColor>/</color> Merkaz Šikum ve-'Aḥzakah 7000</color>
Ṭank Šerman M-51
<color=@currencyGoldColor>Ṣ-814794</color>"
il_m_51_w_1;Šerman M-51
il_m_51_w_2;Medium Tank

il_m48a1_patton_III_shop;Magaḥ 1
il_m48a1_patton_III_0;"<color=#81c3fc>Chrysler Defense</color>
<color=#7ce68f>Ṭank M48 A1</color>
Ṭank Magaḥ 1"
il_m48a1_patton_III_1;Magaḥ 1
il_m48a1_patton_III_2;MBT

il_magach_2_shop;Magaḥ 2
il_magach_2_0;"<color=#81c3fc>Chrysler Defense</color>
<color=#7ce68f>Ṭank M48 A2 C</color>
Ṭank Magaḥ 2"
il_magach_2_1;Magaḥ 2
il_magach_2_2;MBT

il_magach_3_idf_shop;Magaḥ 3
il_magach_3_idf_0;"<color=#81c3fc>Chrysler Defense <color=@commonTextColor>/</color> Merkaz Šikum ve-'Aḥzakah 7000</color>
<color=#7ce68f>Ṭank M48 A3</color>
Ṭank Magaḥ 3"
il_magach_3_idf_1;Magaḥ 3
il_magach_3_idf_2;MBT

il_magach_3_shop;Magaḥ 3 (Balṭan)
il_magach_3_0;"<color=#81c3fc>Chrysler Defense <color=@commonTextColor>/</color> Merkaz Šikum ve-'Aḥzakah 7000</color>
<color=#7ce68f>Ṭank M48 A3</color>
Ṭank Magaḥ 3
<color=#adadad>(Balṭan)</color>"
il_magach_3_1;Magaḥ 3
il_magach_3_2;MBT

il_magach_6_shop;Magaḥ 6
il_magach_6_0;"<color=#81c3fc>Chrysler Defense <color=@commonTextColor>/</color> Merkaz Šikum ve-'Aḥzakah 7000</color>
<color=#7ce68f>Ṭank M60</color>
Ṭank Magaḥ 6"
il_magach_6_1;Magaḥ 6
il_magach_6_2;MBT

il_magach_6a_shop;Magaḥ 6A
il_magach_6a_0;"<color=#81c3fc>Chrysler Defense <color=@commonTextColor>/</color> Merkaz Šikum ve-'Aḥzakah 7000</color>
<color=#7ce68f>Ṭank M60 A1</color>
Ṭank Magaḥ 6 Alef"
il_magach_6a_1;Magaḥ 6A
il_magach_6a_2;MBT

il_magach_5_shop;Magaḥ 5
il_magach_5_0;"<color=#81c3fc>Chrysler Defense <color=@commonTextColor>/</color> Merkaz Šikum ve-'Aḥzakah 7000</color>
<color=#7ce68f>Ṭank M48 A5</color>
Ṭank Magaḥ 5"
il_magach_5_1;Magaḥ 5
il_magach_5_2;MBT

il_magach_6r_shop;Magaḥ 6R
il_magach_6r_0;"<color=#81c3fc>Chrysler Defense <color=@commonTextColor>/</color> Merkaz Šikum ve-'Aḥzakah 7000</color>
<color=#7ce68f>Ṭank M60</color>
Ṭank Magaḥ 6 Reš"
il_magach_6r_1;Magaḥ 6R
il_magach_6r_2;MBT

il_magach_6b_shop;Magaḥ 6B
il_magach_6b_0;"<color=#81c3fc>Chrysler Defense <color=@commonTextColor>/</color> Merkaz Šikum ve-'Aḥzakah 7000</color>
<color=#7ce68f>Ṭank M60 A1 RISE</color>
Ṭank Magaḥ 6 Bet"
il_magach_6b_1;Magaḥ 6B
il_magach_6b_2;MBT

il_magach_6_rocket_shop;Magaḥ 6R (M261)
il_magach_6_rocket_0;"<color=#81c3fc>Chrysler Defense <color=@commonTextColor>/</color> Merkaz Šikum ve-'Aḥzakah 7000</color>
<color=#7ce68f>Ṭank M60</color>
Ṭank Magaḥ 6 Reš
<color=#adadad>(M261 19-Round Lightweight Launcher)</color>"
il_magach_6_rocket_1;Magaḥ 6R
il_magach_6_rocket_2;MBT

il_magach_6m_shop;Magaḥ 6M Tadaḥ
il_magach_6m_0;"<color=#81c3fc>Chrysler Defense <color=@commonTextColor>/</color> Merkaz Šikum ve-'Aḥzakah 7000</color>
<color=#7ce68f>Ṭank M60</color>
Magaḥ 6 Mem Tadaḥ"
il_magach_6m_1;Magaḥ 6M
il_magach_6m_2;MBT

il_magach_6c_shop;Magaḥ 6G
il_magach_6c_0;"<color=#81c3fc>Chrysler Defense <color=@commonTextColor>/</color> Merkaz Šikum ve-'Aḥzakah 7000</color>
<color=#7ce68f>Ṭank M60 A3</color>
Ṭank Magaḥ 6 Gimel"
il_magach_6c_1;Magaḥ 6G
il_magach_6c_2;MBT

il_magach_6b_gal_batash_shop;Magaḥ 6B Gal Baṭaš
il_magach_6b_gal_batash_0;"<color=#81c3fc>Chrysler Defense <color=@commonTextColor>/</color> ha-Ta'asiah ha-Ṣva'it Mif'al Slavin</color>
<color=#7ce68f>Ṭank M60 A1 RISE</color>
Ṭank Magaḥ 6 Bet Gal Baṭaš"
il_magach_6b_gal_batash_1;Magaḥ 6B
il_magach_6b_gal_batash_2;MBT

il_magach_7c_shop;Magaḥ 7G
il_magach_7c_0;"<color=#81c3fc>Chrysler Defense <color=@commonTextColor>/</color> Merkaz Šikum ve-'Aḥzakah 7000</color>
Ṭank Magaḥ 7 Gimel"
il_magach_7c_1;Magaḥ 7G
il_magach_7c_2;MBT

il_magach_6b_gal_shop;Magaḥ 6B Gal
il_magach_6b_gal_0;"<color=#81c3fc>Chrysler Defense <color=@commonTextColor>/</color> Merkaz Šikum ve-'Aḥzakah 7000</color>
<color=#7ce68f>Ṭank M60 A1 RISE</color>
Ṭank Magaḥ 6 Bet Gal"
il_magach_6b_gal_1;Magaḥ 6B
il_magach_6b_gal_2;MBT

il_amx_13_75_shop; 'Ameks 13
il_amx_13_75_0;"<color=#81c3fc>Atelier de construction de Roanne</color>
 Ṭank Kal 'Ameks 13"
il_amx_13_75_1; 'Ameks 13
il_amx_13_75_2;Light Tank

il_aml_90_shop; 'Amal 90
il_aml_90_0;"<color=#81c3fc>Panhard type 245</color>
 Širyonit 'Amal 90"
il_aml_90_1; 'Amal 90
il_aml_90_2;Armored Car

il_centurion_mk_5_shot_shop; Senṭuryon 5
il_centurion_mk_5_shot_0;"<color=#81c3fc>Royal Ordnance Factory, Leeds</color>
 Ṭank Senṭuryon Siman 5 ""Šoṭ"""
il_centurion_mk_5_shot_1; Senṭuryon 5
il_centurion_mk_5_shot_2;MBT

il_tcm_20_shop;Zaḥalad Ṣriḥon Du-Kani
il_tcm_20_0;"<color=#81c3fc>White Motor Company</color>
Zaḥeli Lemeḥeṣah Dizel Ṣriḥon Du-Kani 20 mm"
il_tcm_20_1;Zaḥalad Ṣriḥon Du-Kani
il_tcm_20_2;SPAAG

il_zsu_57_2_shop; Zi.'Es.Yu.-57-2
il_zsu_57_2_0;"<color=#81c3fc>Omskij zavod № 174 im. Vorošilova</color>
 Tomat Nem Zi.'Es.Yu.-57-2"
il_zsu_57_2_1; Zi.'Es.Yu.-57-2
il_zsu_57_2_2;SPAAG

il_m163_vulcan_shop;Ḥoveṭ
il_m163_vulcan_0;"<color=#81c3fc>General Electric Company</color>
<color=#7ce68f>Tomat Nem M163</color>
Tomat Nem Ḥoveṭ"
il_m163_vulcan_1;Ḥoveṭ
il_m163_vulcan_2;SPAAG

il_m109_shop; M109
il_m109_0;"<color=#81c3fc>Cadillac Motor Car Division</color>
 Tomat M109"
il_m109_1; M109
il_m109_2;SPH

il_m109a1_shop;Rokhev A
il_m109a1_0;"<color=#81c3fc>Cadillac Motor Car Division <color=@commonTextColor>/</color> Merkaz Šikum ve-'Aḥzakah 7000</color>
<color=#7ce68f>Tomat M109 A1</color>
Tomat Rokhev Alef"
il_m109a1_1;Rokhev A
il_m109a1_2;SPG

il_ss_11_halftrack_shop;Zaḥalam (Tager)
il_ss_11_halftrack_0;"<color=#81c3fc>White Motor Company</color>
Zaḥeli Lemeḥeṣah
<color=#adadad>(Tager)</color>"
il_ss_11_halftrack_1;Zaḥalam (Tager)
il_ss_11_halftrack_2;ATMC

il_sholef_shop;Šolef V1
il_sholef_0;"<color=#81c3fc>Soltam Me'rkot</color>
Tomat Šolef V1"
il_sholef_1;Šolef V1
il_sholef_2;SPH

//ISRAEL GROUND VEHICLES - VEHICLE/FAMILY START: RANK 5
il_tiran_4_shop;Ṭiran 4
il_tiran_4_0;"<color=#81c3fc>Ural'skij vagonostroityel'nyj zavod im. I. V. Stalina</color>
Ṭank Ṭiran 4"
il_tiran_4_1;Ṭiran 4
il_tiran_4_2;MBT

il_tiran_4_sh_shop;Ṭiran 4 Š (early)
il_tiran_4_sh_0;"<color=#81c3fc>Ural'skij vagonostroityel'nyj zavod im. I. V. Stalina</color>
Ṭank Ṭiran 4 Šrir
<color=#adadad>(early)</color>"
il_tiran_4_sh_1;Ṭiran 4 Š
il_tiran_4_sh_2;MBT

il_centurion_shot_kal_alef_shop;Šoṭ Kal A
il_centurion_shot_kal_alef_0;"<color=#81c3fc>Royal Ordnance Factory, Leeds <color=@commonTextColor>/</color> Ḥil ha-Ḥimuš</color>
Ṭank Šoṭ Kal Alef"
il_centurion_shot_kal_alef_1;Šoṭ Kal A
il_centurion_shot_kal_alef_2;MBT

il_centurion_shot_kal_gimel_shop;Šoṭ Kal G
il_centurion_shot_kal_gimel_0;"<color=#81c3fc>Royal Ordnance Factory, Leeds <color=@commonTextColor>/</color> Ḥil ha-Ḥimuš</color>
Ṭank Šoṭ Kal Gimel"
il_centurion_shot_kal_gimel_1;Šoṭ Kal G
il_centurion_shot_kal_gimel_2;MBT

il_centurion_shot_kal_d_shop;Šoṭ Kal D
il_centurion_shot_kal_d_0;"<color=#81c3fc>Royal Ordnance Factory, Leeds <color=@commonTextColor>/</color> Ḥil ha-Ḥimuš</color>
Ṭank Šoṭ Kal Dalet"
il_centurion_shot_kal_d_1;Šoṭ Kal D
il_centurion_shot_kal_d_2;MBT

il_zsu_23_4_shop;Gu'ndiš
il_zsu_23_4_0;"<color=#81c3fc>Mytiŝinskij ordyena Otyečyestvyennoj vojny 1 styepyeni
mašinostroityel'nyj zavod</color>
<color=#7ce68f>Tomat Nem Zi.'Es.Yu.-23-4</color>
Tomat Nem Gu'ndiš"
il_zsu_23_4_1;Gu'ndiš
il_zsu_23_4_2;SPAAG

il_m113_hvms_shop;Bardelas (HVMS 60)
il_m113_hvms_0;"<color=#81c3fc>FMC Corporation <color=@commonTextColor>/</color> ha-Ta'asiah ha-Ṣva'it</color>
<color=#7ce68f>Nagmaš M113 A2</color>
Nagmaš Bardelas
<color=#adadad>(60 mm Hyper-Velocity Medium Support Weapon System)</color>"
il_m113_hvms_1;Bardelas (HVMS 60)
il_m113_hvms_2;Light Tank

il_m113a1_tow_shop;Bardelas (Jiraf)
il_m113a1_tow_0;"<color=#81c3fc>FMC Corporation</color>
<color=#7ce68f>Nagmaš M113 A1</color>
Nagmaš Bardelas
<color=#adadad>(Jiraf)</color>"
il_m113a1_tow_1;Bardelas (Jiraf)
il_m113a1_tow_2;SPG

//ISRAEL GROUND VEHICLES - VEHICLE/FAMILY START: RANK 6
il_tiran_6_shop;Ṭiran 6
il_tiran_6_0;"<color=#81c3fc>Ural'skim vagonostroityel'nym zavodom im. F. È. Dzyeržinskogo <color=@commonTextColor>/</color> Ḥil
ha-Ḥimuš</color>
Ṭank Ṭiran 6"
il_tiran_6_1;Ṭiran 6
il_tiran_6_2;MBT

il_merkava_mk_1_shop;Merkavah 1
il_merkava_mk_1_0;"<color=#81c3fc>Merkaz Šikum ve-'Aḥzakah 7000</color>
Ṭanḳ Merkavah Siman 1"
il_merkava_mk_1_1;Merkavah 1
il_merkava_mk_1_2;MBT

il_merkava_mk_1b_shop;Merkavah 1 Mešupar
il_merkava_mk_1b_0;"<color=#81c3fc>Merkaz Šikum ve-'Aḥzakah 7000</color>
Ṭanḳ Merkavah Siman 1 Mešupar"
il_merkava_mk_1b_1;Merkavah 1 Mešupar
il_merkava_mk_1b_2;MBT

il_merkava_mk_2b_early_shop;Merkavah 2B (early)
il_merkava_mk_2b_early_0;"<color=#81c3fc>Merkaz Šikum ve-'Aḥzakah 7000</color>
Ṭank Merkavah Siman 2 Bet
<color=#adadad>(early)</color>"
il_merkava_mk_2b_early_1;Merkavah 2B
il_merkava_mk_2b_early_2;MBT

il_merkava_mk_2d_shop;Merkavah 2B le-Baṭaš
il_merkava_mk_2d_0;"<color=#81c3fc>Merkaz Šikum ve-'Aḥzakah 7000</color>
Ṭank Merkavah Siman 2 Bet le-Baṭaš"
il_merkava_mk_2d_1;Merkavah 2B
il_merkava_mk_2d_2;MBT

il_merkava_mk_3b_shop;Merkavah 3 Ramaḥ
il_merkava_mk_3b_0;"<color=#81c3fc>Merkaz Šikum ve-'Aḥzakah 7000</color>
Ṭank Merkavah Siman 3 Ramaḥ"
il_merkava_mk_3b_1;Merkavah 3
il_merkava_mk_3b_2;MBT

il_merkava_mk_3c_shop;Merkavah 3B Baz
il_merkava_mk_3c_0;"<color=#81c3fc>Merkaz Šikum ve-'Aḥzakah 7000</color>
Ṭank Merkavah Siman 3 Bet Baz"
il_merkava_mk_3c_1;Merkavah 3B
il_merkava_mk_3c_2;MBT

il_merkava_mk_3_raam_segol_shop;Merkavah 3D (Ra'am Segol)
il_merkava_mk_3_raam_segol_0;"<color=#81c3fc>Merkaz Šikum ve-'Aḥzakah 7000</color>
Ṭank Merkavah Siman 3 Dalet Baz
<color=#adadad>(Ra'am Segol)</color>"
il_merkava_mk_3_raam_segol_1;Merkavah 3D
il_merkava_mk_3_raam_segol_2;MBT

il_merkava_mk_4b_shop;Merkavah 4B
il_merkava_mk_4b_0;"<color=#81c3fc>Merkaz Šikum ve-'Aḥzakah 7000</color>
Ṭank Merkavah Siman 4 Bet"
il_merkava_mk_4b_1;Merkavah 4B
il_merkava_mk_4b_2;MBT

il_merkava_mk_4_lic_shop;Merkavah 4B Baṭaš
il_merkava_mk_4_lic_0;"<color=#81c3fc>Merkaz Šikum ve-'Aḥzakah 7000</color>
Ṭank Merkavah Siman 4 Bet Baṭaš
<color=#adadad>(2006)</color>"
il_merkava_mk_4_lic_1;Merkavah 4B Baṭaš
il_merkava_mk_4_lic_2;MBT

il_merkava_mk_4m_shop;Merkavah 4M
il_merkava_mk_4m_0;"<color=#81c3fc>Merkaz Šikum ve-'Aḥzakah 7000</color>
Ṭank Merkavah Siman 4 Me'il Ruaḥ"
il_merkava_mk_4m_1;Merkavah 4M
il_merkava_mk_4m_2;MBT

il_machbet_shop;Maḥbeṭ
il_machbet_0;"<color=#81c3fc>General Electric Company <color=@commonTextColor>/</color> ha-Ta'asiah ha-'Avirit le-Yisra'el</color>
<color=#7ce68f>Tomat Nem M163</color>
Tomat Nem Maḥbeṭ"
il_machbet_1;Maḥbeṭ
il_machbet_2;SPAA

//ISRAEL GROUND VEHICLES - VEHICLE/FAMILY START: RANK 7
il_sabra_mk1_shop;Sabrah 1
il_sabra_mk1_0;"<color=#81c3fc>ha-Ta'asiah ha-Ṣva'it</color>
Ṭank Sabrah Siman 1"
il_sabra_mk1_1;Sabrah 1
il_sabra_mk1_2;MBT

il_mim_72_chaparral_shop;Drakon
il_mim_72_chaparral_0;"<color=#81c3fc>Ford Aerospace & Communications Corporation</color>
Me'rkat Nem Mitnaye'at Drakon"
il_mim_72_chaparral_1;Drakon
il_mim_72_chaparral_2;SPAA

il_hunter_afv_shop;Hunter
il_hunter_afv_0;"<color=#81c3fc>Defence Science and Technology Agency <color=@commonTextColor>+</color> ST Engineering</color>
<color=#ff8c80>Next Generation Armoured Fighting Vehicle</color>
Hunter Armoured Fighting Vehicle"
il_hunter_afv_1;Hunter
il_hunter_afv_2;IFV

il_namer_rcws_30_shop;Namer (RCWS-30)
il_namer_rcws_30_0;"<color=#81c3fc>Merkaz Šikum ve-'Aḥzakah 7000 <color=@commonTextColor>/</color> Rafa'el Me'rkot le-Ḥimah Mitkadmot</color>
Nagmaš Merkavah
<color=#adadad>(Samson Remote Controlled Weapon Station 30mm)</color>"
il_namer_rcws_30_1;Namer (RCWS-30)
il_namer_rcws_30_2;IFV

il_namer_tsrikhon_shop;Namer Ṣariaḥ
il_namer_tsrikhon_0;"<color=#81c3fc>Merkaz Šikum ve-'Aḥzakah 7000</color>
Nagmaš Merkavah im Ṣariaḥ"
il_namer_tsrikhon_1;Namer Ṣariaḥ
il_namer_tsrikhon_2;IFV

il_eitan_shop;'Eitan Ṣariaḥ
il_eitan_0;"<color=#81c3fc>Merkaz Šikum ve-'Aḥzakah 7000</color>
Nagmaš 'Eitan im Ṣariaḥ"
il_eitan_1;'Eitan Ṣariaḥ
il_eitan_2;IFV

//ISRAEL GROUND VEHICLES - VEHICLE/FAMILY START: RANK 8
il_spyder_aio_shop;SPYDER MFU AiO SR
il_spyder_aio_0;"<color=#81c3fc>Rafa'el Me'rkot le-Ḥimah Mitkadmot SPYDER Missile Firing Unit
All-in-One Short Range</color>"
il_spyder_aio_1;SPYDER MFU AiO SR
il_spyder_aio_2;SPAAM

//ISRAEL COASTAL FLEET - VEHICLE/FAMILY START: RANK 1

//ISRAEL COASTAL FLEET - VEHICLE/FAMILY START: RANK 2

//ISRAEL COASTAL FLEET - VEHICLE/FAMILY START: RANK 3

//ISRAEL COASTAL FLEET - VEHICLE/FAMILY START: RANK 4

//ISRAEL COASTAL FLEET - VEHICLE/FAMILY START: RANK 5

//ISRAEL BLUEWATER FLEET - VEHICLE/FAMILY START: RANK 1

//ISRAEL BLUEWATER FLEET - VEHICLE/FAMILY START: RANK 2

//ISRAEL BLUEWATER FLEET - VEHICLE/FAMILY START: RANK 3

//ISRAEL BLUEWATER FLEET - VEHICLE/FAMILY START: RANK 4

//ISRAEL BLUEWATER FLEET - VEHICLE/FAMILY START: RANK 5

//ISRAEL BLUEWATER FLEET - VEHICLE/FAMILY START: RANK 6

//UNCATEGORIZED;
ussr_m3c_shop;▂ M3s
ussr_m3c_0;▂ M3s Li obr. 1939 g.
ussr_m3c_1;▂ M3s
ussr_m3c_2;Medium Tank
ussr_m4a2_76w_sherman_shop;▂ M4A2
ussr_m4a2_76w_sherman_0;▂ M4A2 (76) W
ussr_m4a2_76w_sherman_1;▂ M4A2
ussr_m4a2_76w_sherman_2;Medium Tank
ussr_rbt_5_shop;RBT-5
ussr_rbt_5_0;RBT-5
ussr_rbt_5_1;RBT-5
ussr_rbt_5_2;Light Tank
ussr_bt_5_shop;BT-5 (1933)
ussr_bt_5_0;BT-5 obr. 1933 g.
ussr_bt_5_1;BT-5
ussr_bt_5_2;Light Tank
ussr_su_5_1_shop;SU-5-1
ussr_su_5_1_0;SU-5-1
ussr_su_5_1_1;SU-5-1
ussr_su_5_1_2;SPG
ussr_zsu_29k_shop;29-K
ussr_zsu_29k_0;ZSU 29-K
ussr_zsu_29k_1;29-K
ussr_zsu_29k_2;SPG
ussr_zis_30_shop;ZiS-30
ussr_zis_30_0;ZiS-30
ussr_zis_30_1;ZiS-30
ussr_zis_30_2;SPG
ussr_to_55_shop;TO-55
ussr_to_55_0;TO-55
ussr_to_55_1;TO-55
ussr_to_55_2;Medium Tank
ussr_t_55_am_shop;T-55AM-1
ussr_t_55_am_0;T-55AM-1 obr. 1983 g.
ussr_t_55_am_1;T-55AM-1
ussr_t_55_am_2;Medium Tank
ussr_t_55a_shop;T-55A
ussr_t_55a_0;T-55A obr. 1970 g.
ussr_t_55a_1;T-55A
ussr_t_55a_2;Medium Tank
ussr_su_100Y_shop;SU-100Y
ussr_su_100Y_0;SU-100Y
ussr_su_100Y_1;SU-100Y
ussr_su_100Y_2;SPG
ussr_su_122P_shop;SU-122P
ussr_su_122P_0;SU-122P
ussr_su_122P_1;SU-122P
ussr_su_122P_2;SPG
ussr_bm_8_24_shop;BM-8-24
ussr_bm_8_24_0;BM-8-24
ussr_bm_8_24_1;BM-8-24
ussr_bm_8_24_2;MLRS
ussr_su_57b_shop;SU-57B
ussr_su_57b_0;SU-57B
ussr_su_57b_1;SU-57B
ussr_su_57b_2;SPG
ussr_su_57_shop;SU-57
ussr_su_57_0;SU-57
ussr_su_57_1;SU-57
ussr_su_57_2;SPG
ussr_su_122_shop;SU-122
ussr_su_122_0;SU-122 obr. 1942 g.
ussr_su_122_1;SU-122
ussr_su_122_2;SPG
ussr_t_35_shop;T-35
ussr_t_35_0;T-35 obr. 1935 g.
ussr_t_35_1;T-35
ussr_t_35_2;Heavy Tank
ussr_smk_shop;SMK
ussr_smk_0;SMK
ussr_smk_1;SMK
ussr_smk_2;Heavy Tank
ussr_object_268_shop;Ob. 268
ussr_object_268_0;"Ob""yekt 268"
ussr_object_268_1;Ob. 268
ussr_object_268_2;SPG
ussr_zsu_57_2_shop;ZSU-57-2
ussr_zsu_57_2_0;ZSU-57-2
ussr_zsu_57_2_1;ZSU-57-2
ussr_zsu_57_2_2;SPAA
ussr_object_120_shop;Ob. 120
ussr_object_120_0;"Ob""yekt 120 Taran"
ussr_object_120_1;Ob. 120
ussr_object_120_2;SPG
ussr_zis_43_shop;ZiS-43
ussr_zis_43_0;ZiS-43
ussr_zis_43_1;ZiS-43
ussr_zis_43_2;SPAA
ussr_zprk_2s6_shop;2S6M1
ussr_zprk_2s6_0;ZPRK 2S6M1 Tunguska
ussr_zprk_2s6_1;2S6
ussr_zprk_2s6_2;SPAA
ussr_pantsyr_s1_shop;72V6
ussr_pantsyr_s1_0;"BM 72V6 ""Pantsir-S1"""
ussr_pantsyr_s1_1;72V6
ussr_pantsyr_s1_2;SPAA
ussr_zsu_37_2_shop;ZSU-37-2
ussr_zsu_37_2_0;"ZSU-37-2 ""Yenisyej"""
ussr_zsu_37_2_1;ZSU-37-2
ussr_zsu_37_2_2;SPAA
ussr_zsu_37_shop;ZSU-37
ussr_zsu_37_0;ZSU-37
ussr_zsu_37_1;ZSU-37
ussr_zsu_37_2;SPAA
ussr_zut_37_shop;ZUT-37
ussr_zut_37_0;ZSU ZUT-37
ussr_zut_37_1;ZUT-37
ussr_zut_37_2;SPAA
germ_flakpanzer_V_Coelian_shop;Flakpanzer 341
germ_flakpanzer_V_Coelian_0;3,7 cm Flakzwilling auf Panther Fahrgestell, Flakpanzer 341
germ_flakpanzer_V_Coelian_1;Flakpanzer 341
germ_flakpanzer_V_Coelian_2;SPAA
germ_flakpz_1a2_Gepard_shop;FlakPz Gepard 1 A2 (LFK Stinger)
germ_flakpz_1a2_Gepard_0;Flugabwehrkanonenpanzer Gepard 1 A2 mit LFK Stinger
germ_flakpz_1a2_Gepard_1;Gepard 1 A2
germ_flakpz_1a2_Gepard_2;SPAA
germ_flakpz_I_Gepard_shop;FlakPz Gepard 1
germ_flakpz_I_Gepard_0;Flugabwehrkanonenpanzer Gepard 1
germ_flakpz_I_Gepard_1;Gepard 1
germ_flakpz_I_Gepard_2;SPAA
germ_flakpanzer_IV_Kugelblitz_shop;Kugelblitz
germ_flakpanzer_IV_Kugelblitz_0;leichter Flakpanzer IV mit 3cm M.K. 103 als Zwilling Waffe
germ_flakpanzer_IV_Kugelblitz_1;Kugelblitz
germ_flakpanzer_IV_Kugelblitz_2;SPAA
germ_pzkpfw_e_100_shop;E 100
germ_pzkpfw_e_100_0;Entwicklungsfahrzeug 100 Tiger-Maus mit Mausturm und Projekt B Antrieb
germ_pzkpfw_e_100_1;E 100
germ_pzkpfw_e_100_2;Heavy Tank
germ_pzkpfw_Maus_shop;Maus
germ_pzkpfw_Maus_0;Panzerkampfwagen Maus, Vs.-Fgst.Nr. 2
germ_pzkpfw_Maus_1;Maus
germ_pzkpfw_Maus_2;Heavy Tank
germ_leichter_ladungstrager_303a_shop;Goliath B
germ_leichter_ladungstrager_303a_0;Leichter Ladungsträger Goliath Ausf. B
germ_leichter_ladungstrager_303a_1;Goliath B
germ_leichter_ladungstrager_303a_2;SPG
germ_sturmmorser_sturmtiger_shop;Sturmmörserwagen 604/4
germ_sturmmorser_sturmtiger_0;"Sturmmörserwagen 606/4 mit 38cm R.W. 61 ""Sturmtiger"""
germ_sturmmorser_sturmtiger_1;Sturmmörserwagen
germ_sturmmorser_sturmtiger_2;SPG
germ_sturmmorser_sturmtiger_event_shop;Sturmmörserwagen 604/4
germ_sturmmorser_sturmtiger_event_0;"Sturmmörserwagen 606/4 mit 38cm R.W. 61 ""Sturmtiger"""
germ_sturmmorser_sturmtiger_event_1;Sturmmörserwagen
germ_sturmmorser_sturmtiger_event_2;SPG
germ_sturmpanzer_IV_brummbar_shop;Sturmhaubitze 43 II
germ_sturmpanzer_IV_brummbar_0;Sturmgeschütz IV für 15cm Sturmhaubitze 43 Ausf. II
germ_sturmpanzer_IV_brummbar_1;Sturmhaubitze 43
germ_sturmpanzer_IV_brummbar_2;SPG
germ_sdkfz_9_flak37_shop;8,8cm Fla.K. 37 (Sfl.)
germ_sdkfz_9_flak37_0;8,8cm Fla.K. 37 (Sfl.) auf schwerer Zugkraftwagen 18t
germ_sdkfz_9_flak37_1;8,8cm Fla.K. 37 (Sfl.)
germ_sdkfz_9_flak37_2;SPG
germ_raketenjagdpanzer_2_shop;RakJPz 2
germ_raketenjagdpanzer_2_0;Raketenjagdpanzer 2
germ_raketenjagdpanzer_2_1;Raketenjagdpanzer 2
germ_raketenjagdpanzer_2_2;SPG
germ_raketenjagdpanzer_2_hot_shop;RakJPz 2 (HOT)
germ_raketenjagdpanzer_2_hot_0;Raketenjagdpanzer 2
germ_raketenjagdpanzer_2_hot_1;RakJPz 2 (HOT)
germ_raketenjagdpanzer_2_hot_2;SPG
germ_kanonenjagdpanzer_shop;JPz 4-5
germ_kanonenjagdpanzer_0;Hanomag-Henschel JPz 4-5
germ_kanonenjagdpanzer_1;JPz 4-5
germ_kanonenjagdpanzer_2;SPG
germ_jgdpz_38t_shop;Jagdpanzer 38(t)
germ_jgdpz_38t_0;Jagdpanzer 38(t) Hetzer
germ_jgdpz_38t_1;Jagdpanzer 38(t)
germ_jgdpz_38t_2;SPG
ussr_pzkpfw_V_shop;▂ T-VA
ussr_pzkpfw_V_0;T-VA obr. 1944 g. Pantyera
ussr_pzkpfw_V_1;▂ T-V
ussr_pzkpfw_V_2;Medium Tank
ussr_pzkpfw_III_ausf_J_L42_shop;▂ T-IIIJ
ussr_pzkpfw_III_ausf_J_L42_0;▂ T-IIIJ obr. 1941 g.
ussr_pzkpfw_III_ausf_J_L42_1;▂ T-III
ussr_pzkpfw_III_ausf_J_L42_2;Medium Tank
germ_panzerbefelhswagen_VI_P_shop;Pz.Bfw. Tiger (P)
germ_panzerbefelhswagen_VI_P_0;Panzerbefehlswagen Tiger (P)
germ_panzerbefelhswagen_VI_P_1;Pz.Bfw. Tiger
germ_panzerbefelhswagen_VI_P_2;Heavy Tank
germ_panzerbefelhswagen_IV_ausf_J_shop;Pz.Bfw. IV J
germ_panzerbefelhswagen_IV_ausf_J_0;Panzerbefehlswagen IV Ausf. J
germ_panzerbefelhswagen_IV_ausf_J_1;Pz.Bfw. IV J
germ_panzerbefelhswagen_IV_ausf_J_2;Medium Tank
germ_ru251_shop;Ru 251
germ_ru251_0;Spähpanzer Ru 251
germ_ru251_1;Ru 251
germ_ru251_2;Light Tank
germ_leopard_I_shop;KPz Leopard 1
germ_leopard_I_0;Kampfpanzer Leopard 1
germ_leopard_I_1;Leopard 1
germ_leopard_I_2;MBT
germ_panther_II_shop;Panther II (8,8cm)
germ_panther_II_0;Panzerkampfwagen Panther II mit 8,8cm Kw.K. L/71
germ_panther_II_1;Panther II
germ_panther_II_2;Medium Tank
germ_panther_II_tutorial_shop;Panther II (8,8cm)
germ_panther_II_tutorial_0;Panzerkampfwagen Panther II mit 8,8cm Kw.K. L/71
germ_panther_II_tutorial_1;Panther II
germ_panther_II_tutorial_2;Medium Tank
germ_leopard_1a5_shop;KPz Leopard 1 A5
germ_leopard_1a5_0;Kampfpanzer Leopard 1 A5
germ_leopard_1a5_1;Leopard 1 A5
germ_leopard_1a5_2;MBT
germ_leopard_I_a1_shop;KPz Leopard 1 A1 A1
germ_leopard_I_a1_0;Kampfpanzer Leopard 1 A1 A1
germ_leopard_I_a1_1;Leopard 1 A1 A1
germ_leopard_I_a1_2;MBT
germ_pzkpfw_V_ausf_a_panther_shop;Panther A
germ_pzkpfw_V_ausf_a_panther_0;Panzerkampfwagen Panther Ausf. A
germ_pzkpfw_V_ausf_a_panther_1;Panther A
germ_pzkpfw_V_ausf_a_panther_2;Medium Tank
germ_pzkpfw_V_ausf_g_panther_shop;Panther G
germ_pzkpfw_V_ausf_g_panther_0;Panzerkampfwagen Panther Ausf. G
germ_pzkpfw_V_ausf_g_panther_1;Panther G
germ_pzkpfw_V_ausf_g_panther_2;Medium Tank
germ_pzkpfw_V_ausf_d_panther_shop;Panther D
germ_pzkpfw_V_ausf_d_panther_0;Panzerkampfwagen Panther Ausf. D
germ_pzkpfw_V_ausf_d_panther_1;Panther D
germ_pzkpfw_V_ausf_d_panther_2;Medium Tank
germ_pzkpfw_V_ausf_d_panther_tutorial_shop;Panther D
germ_pzkpfw_V_ausf_d_panther_tutorial_0;Panzerkampfwagen Panther Ausf. D
germ_pzkpfw_V_ausf_d_panther_tutorial_1;Panther D
germ_pzkpfw_V_ausf_d_panther_tutorial_2;Medium Tank
germ_pzkpfw_V_ausf_f_panther_shop;Panther F
germ_pzkpfw_V_ausf_f_panther_0;Panzerkampfwagen Panther Ausf. F
germ_pzkpfw_V_ausf_f_panther_1;Panther F
germ_pzkpfw_V_ausf_f_panther_2;Medium Tank
germ_pz_IV_L70_A_shop;Pz. IV/70 (A)
germ_pz_IV_L70_A_0;Panzer IV/70 (A)
germ_pz_IV_L70_A_1;Pz. IV/70
germ_pz_IV_L70_A_2;SPG
germ_pz_IV_L70_shop;Pz. IV/70 (V)
germ_pz_IV_L70_0;Panzer IV/70 (V)
germ_pz_IV_L70_1;Pz. IV/70
germ_pz_IV_L70_2;SPG
germ_jgdpz_IV_L48_shop;Jagdpanzer IV
germ_jgdpz_IV_L48_0;Jagdpanzer IV
germ_jgdpz_IV_L48_1;Jagdpanzer IV
germ_jgdpz_IV_L48_2;SPG
germ_panzerbefelhswagen_jagdpanther_shop;Pz.Jgr.-Bfw. Panther G1
germ_panzerbefelhswagen_jagdpanther_0;Panzerjäger-Befehlswagen Panther (8,8cm) Ausf. G1
germ_panzerbefelhswagen_jagdpanther_1;Pz.Jgr.-Bfw Panther
germ_panzerbefelhswagen_jagdpanther_2;SPG
germ_panzerjager_panther_shop;Pz.Jgr. Panther G1
germ_panzerjager_panther_0;Panzerjäger Panther (8,8cm) Ausf. G1
germ_panzerjager_panther_1;Pz.Jgr. Panther
germ_panzerjager_panther_2;SPG
germ_pzkpfw_V_ersatz_m10_shop;Ersatz M10
germ_pzkpfw_V_ersatz_m10_0;Ersatz M10 Panther
germ_pzkpfw_V_ersatz_m10_1;Ersatz M10
germ_pzkpfw_V_ersatz_m10_2;Medium Tank
germ_pzsflk40_sturer_emil_shop;Sturer Emil
germ_pzsflk40_sturer_emil_0;"Pz.Sfl. für 12,8 cm K40 ""Sturer Emil"""
germ_pzsflk40_sturer_emil_1;Sturer Emil
germ_pzsflk40_sturer_emil_2;SPG
germ_flarakpz_1_shop;FlaRakPz 1 Roland
germ_flarakpz_1_0;Flugabwehrraketenpanzer 1 Roland
germ_flarakpz_1_1;FlaRakPz 1 Roland
germ_flarakpz_1_2;SPAA
a_20g_30_ussr_shop;▂ A-20G-25-DO
a_20g_30_ussr_0;▂ A-20G-25-DO Khevok
a_20g_30_ussr_1;▂ A-20G
a_20g_30_ussr_2;▂ A-20
be_6_shop;Bye-6
be_6_0;Bye-6
be_6_1;Bye-6
be_6_2;Bye-6
su_6_single_shop;Su-6
su_6_single_0;Su-6
su_6_single_1;Su-6
su_6_single_2;Su-6
c-47_shop;C-47
c-47_0;"C-47 ""Skytrain"""
c-47_1;C-47
c-47_2;C-47
fau-1_shop;Fi 103
fau-1_0;Fi 103
fau-1_1;Fi 103
fau-1_2;Fi 103
fw-190a-8_france_shop;NC.900 A8
fw-190a-8_france_0;NC.900 Type A8
fw-190a-8_france_1;NC.900 A8
fw-190a-8_france_2;NC.900
i-153p_shop;I-153P
i-153p_0;I-153P Chaika
i-153p_1;I-153P
i-153p_2;I-153
i-16_type18_shop;I-16 Tip 18
i-16_type18_0;I-16 Tip 18 Ishak
i-16_type18_1;I-16
i-16_type18_2;I-16
i-16_type28_shop;I-16 Tip 28
i-16_type28_0;I-16 Tip 28
i-16_type28_1;I-16
i-16_type28_2;I-16
il_28_shop;Il-28
il_28_0;Il-28
il_28_1;Il-28
il_28_2;Il-28
il_28sh_shop;Il-28Š
il_28sh_0;Il-28Š
il_28sh_1;Il-28Š
il_28sh_2;Il-28
il-10_shop;Il-10
il-10_0;Il-10
il-10_1;Il-10
il-10_2;Il-10
il-4_shop;Il-4
il-4_0;Il-4
il-4_1;Il-4
il-4_2;Il-4
ju-52_shop;Ju 52
ju-52_0;Ju 52
ju-52_1;Ju 52
ju-52_2;Ju 52
ju-87d-3_italy_shop;⛨ Ju 87 D-3
ju-87d-3_italy_0;⛨ Ju 87 D-3
ju-87d-3_italy_1;⛨ Ju 87 D
ju-87d-3_italy_2;⛨ Ju 87
ju-87r-2_italy_shop;⛨ Ju 87 R-2
ju-87r-2_italy_0;⛨ Ju 87 R-2
ju-87r-2_italy_1;⛨ Ju 87 R
ju-87r-2_italy_2;⛨ Ju 87
la-5fn_shop;La-5-41
la-5fn_0;La-5 Tip 41, syeriâ 34
la-5fn_1;La-5
la-5fn_2;La-5
la-7_shop;La-7
la-7_0;La-7
la-7_1;La-7
la-7_2;La-7
li-2_shop;Li-2
li-2_0;Li-2
li-2_1;Li-2
li-2_2;Li-2
p-47d_30_italy_shop;⛨ F-47D-30-RA
p-47d_30_italy_0;⛨ F-47D-30-RA Thunderbolt
p-47d_30_italy_1;⛨ F-47D
p-47d_30_italy_2;⛨ F-47
p-47d_23_re_shop;▄ P-47D-23-RE 
p-47d_23_re_0;▄ P-47D-23-RE Thunderbolt
p-47d_23_re_1;▄ P-47D
p-47d_23_re_2;▄ P-47
p-51b_shop;Mustang Mk. Ia
p-51b_0;Mustang Mk. Ia
p-51b_1;Mustang Mk. I
p-51b_2;Mustang
p-51c-10_france_shop;☨ F-6C-10-NT
p-51c-10_france_0;☨ F-6C-10-NT Mustang
p-51c-10_france_1;☨ F-6C
p-51c-10_france_2;☨ F-6
mbr-2_shop;MBR-2bis
mbr-2_0;MBR-2bis
mbr-2_1;MBR-2
mbr-2_2;MBR-2
po-2_shop;U-2LŠ
po-2_0;"U-2LŠ ""Kukuruznik"""
po-2_1;U-2LŠ
po-2_2;U-2
po-2m_shop;U-2M
po-2m_0;"U-2M ""Kukuruznik"""
po-2m_1;U-2M
po-2m_2;U-2
yak-1b_shop;Âk-1-127
yak-1b_0;Âk-1 syeriâ 127
yak-1b_1;Âk-1-127
yak-1b_2;Âk-1
yak-3_shop;Âk-3
yak-3_0;Âk-3
yak-3_1;Âk-3
yak-3_2;Âk-3
yak-3t_shop;Âk-3T
yak-3t_0;Âk-3T
yak-3t_1;Âk-3T
yak-3t_2;Âk-3
yak-9t_shop;Âk-9T
yak-9t_0;Âk-9T
yak-9t_1;Âk-9T
yak-9t_2;Âk-9
yak-9p_shop;Âk-9P
yak-9p_0;Âk-9P
yak-9p_1;Âk-9P
yak-9p_2;Âk-9
p-47d_22_re_france_shop;☨ P-47D-22-RE
p-47d_22_re_france_0;☨ P-47D-22-RE Thunderbolt
p-47d_22_re_france_1;☨ P-47D
p-47d_22_re_france_2;☨ P-47
yak-3u_shop;Âk-3U
yak-3u_0;Âk-3U
yak-3u_1;Âk-3U
yak-3u_2;Âk-3
yak-7b_shop;Âk-7B
yak-7b_0;Âk-7B
yak-7b_1;Âk-7B
yak-7b_2;Âk-7
lagg-3-35_shop;LaGG-3-35
lagg-3-35_0;LaGG-3 syeriâ 35
lagg-3-35_1;LaGG-3-35
lagg-3-35_2;LaGG-3
b_24d_shop;B-24D-25-CO
b_24d_0;B-24D-25-CO Liberator
b_24d_1;B-24D
b_24d_2;B-24
o3u_1_shop;O3U-1
o3u_1_0;O3U-1 Corsair
o3u_1_1;O3U-1
o3u_1_2;O3U
soc_1_shop;SOC-1
soc_1_0;SOC-1 Seagull
soc_1_1;SOC-1
soc_1_2;SOC-1
fairey_3f_mk3b_shop;Fairey IIIF Mk. IIIB
fairey_3f_mk3b_0;Fairey IIIF Mk.IIIB
fairey_3f_mk3b_1;Fairey IIIF
fairey_3f_mk3b_2;Fairey III
gl_832_shop;GL.832HY
gl_832_0;GL.832HY
gl_832_1;GL.832HY
gl_832_2;GL.832
loire_130_shop;Loire 130C
loire_130_0;Loire 130C
loire_130_1;Loire 130C
loire_130_2;Loire 130
ro_43_shop;Ro.43
ro_43_0;Ro.43
ro_43_1;Ro.43
ro_43_2;Ro.43
la-5_shop;La-5
la-5_0;La-5
la-5_1;La-5
la-5_2;La-5
la-9_shop;La-9
la-9_0;La-9
la-9_1;La-9
la-9_2;La-9
me-210_shop;Me 210
me-210_0;Me 210
me-210_1;Me 210
me-210_2;Me 210
mig-3_shop;MiG-3
mig-3_0;MiG-3
mig-3_1;MiG-3
mig-3_2;MiG-3
mig-9_shop;MiG-9
mig-9_0;MiG-9
mig-9_1;MiG-9
mig-9_2;MiG-9
bi_shop;BI-1
bi_0;BI-1
bi_1;BI-1
bi_2;BI
pe-2_shop;Pye-2
pe-2_0;Pye-2 Pyeška
pe-2_1;Pye-2
pe-2_2;Pye-2
sb_shop;SB
sb_0;SB
sb_1;SB
sb_2;SB
su-8_shop;Su-8
su-8_0;Su-8
su-8_1;Su-8
su-8_2;Su-8
tu-1_shop;Tu-1
tu-1_0;Tu-1
tu-1_1;Tu-1
tu-1_2;Tu-1
tu-2_shop;Tu-2S
tu-2_0;Tu-2S
tu-2_1;Tu-2S
tu-2_2;Tu-2
tu-2_early_shop;Tu-2
tu-2_early_0;Tu-2
tu-2_early_1;Tu-2
tu-2_early_2;Tu-2
tu-2_postwar_shop;Tu-2S-44
tu-2_postwar_0;Tu-2S syeriâ 44
tu-2_postwar_1;Tu-2S
tu-2_postwar_2;Tu-2
tu-2_postwar_late_shop;Tu-2S-59
tu-2_postwar_late_0;Tu-2S syeriâ 59
tu-2_postwar_late_1;Tu-2S
tu-2_postwar_late_2;Tu-2
b_26c_france_shop;☨ B-26C-15-MO
b_26c_france_0;☨ B-26C-15-MO Marauder
b_26c_france_1;☨ B-26C
b_26c_france_2;☨ B-26
bb-1_shop;BB-1
bb-1_0;BB-1
bb-1_1;BB-1
bb-1_2;BB-1
su-2_mv5_shop;Su-2 MV-5
su-2_mv5_0;Su-2 MV-5
su-2_mv5_1;Su-2
su-2_mv5_2;Su-2
su-2_tss1_shop;Su-2 TSS-1
su-2_tss1_0;Su-2 TSS-1
su-2_tss1_1;Su-2
su-2_tss1_2;Su-2
su_25_shop;Su-25
su_25_0;"Su-25 ""Grač"""
su_25_1;Su-25
su_25_2;Su-25
su_25k_shop;▂ Su-25K
su_25k_0;"▂ Su-25K ""Grač"""
su_25k_1;▂ Su-25K
su_25k_2;▂ Su-25
su_25tm_shop;Su-25TM
su_25tm_0;"Su-25TM ""Grač"""
su_25tm_1;Su-25TM
su_25tm_2;Su-25
su_25sm3_shop;Su-25SM3
su_25sm3_0;"Su-25SM3 ""Grač"""
su_25sm3_1;Su-25SM3
su_25sm3_2;Su-25
f-104g_italy_shop;⛨ F-104G
f-104g_italy_0;⛨ F-104G Starfighter
f-104g_italy_1;⛨ F-104G
f-104g_italy_2;⛨ F-104
f-104g_belgium_shop;▄ F-104G
f-104g_belgium_0;▄ F-104G Starfighter
f-104g_belgium_1;▄ F-104G
f-104g_belgium_2;▄ F-104
f-8e_fn_shop;☨ F-8E(FN)
f-8e_fn_0;☨ F-8E(FN) Crusader
f-8e_fn_1;☨ F-8E
f-8e_fn_2;☨ F-8
pe-2-1_shop;Pye-2-1
pe-2-1_0;Pye-2 syeriâ 1 Pyeška
pe-2-1_1;Pye-2
pe-2-1_2;Pye-2
mig-15_shop;MiG-15bis
mig-15_0;MiG-15bis
mig-15_1;MiG-15bis
mig-15_2;MiG-15
mig-9_ussr_shop;I-307
mig-9_ussr_0;I-307
mig-9_ussr_1;I-307
mig-9_ussr_2;I-307
fw-190a-5_japan_shop;▅ Fw 190 A-5
fw-190a-5_japan_0;▅ Fw 190 A-5
fw-190a-5_japan_1;▅ Fw 190 A
fw-190a-5_japan_2;▅ Fw 190
pby-5a_ussr_shop;▂ PBY-5A
pby-5a_ussr_0;▂ PBY-5A Katalina
pby-5a_ussr_1;▂ PBY-5A
pby-5a_ussr_2;▂ PBY
p-40e_ussr_shop;▂ P-40E-1-CU
p-40e_ussr_0;▂ P-40E-1-CU Kittikhok
p-40e_ussr_1;▂ P-40E
p-40e_ussr_2;▂ P-40
p-63a-10_ussr_shop;▂ P-63A-10-BE
p-63a-10_ussr_0;▂ P-63A-10-BE Kingcobra
p-63a-10_ussr_1;▂ P-63A
p-63a-10_ussr_2;▂ P-63
p-63a-5_ussr_shop;▂ P-63A-5-BE
p-63a-5_ussr_0;▂ P-63A-5-BE Kingcobra
p-63a-5_ussr_1;▂ P-63A
p-63a-5_ussr_2;▂ P-63
p-63c-5_ussr_shop;▂ P-63C-5-BE
p-63c-5_ussr_0;▂ P-63C-5-BE Kingcobra
p-63c-5_ussr_1;▂ P-63C
p-63c-5_ussr_2;▂ P-63
sb_2m_100_shop;SB 2M-100
sb_2m_100_0;SB 2M-100
sb_2m_100_1;SB 2M
sb_2m_100_2;SB 2M
sb_2m_100a_shop;SB 2M-100A
sb_2m_100a_0;SB 2M-100A
sb_2m_100a_1;SB 2M
sb_2m_100a_2;SB 2M
sb_2m_103_mv3_shop;SB 2M-103 MV-3
sb_2m_103_mv3_0;SB 2M-103 MV-3
sb_2m_103_mv3_1;SB 2M
sb_2m_103_mv3_2;SB 2M
sb_2m_103c_shop;SB 2M-103
sb_2m_103c_0;SB 2M-103
sb_2m_103c_1;SB 2M
sb_2m_103c_2;SB 2M
sb_2m_103u_shop;SB 2M-103U
sb_2m_103u_0;SB 2M-103U
sb_2m_103u_1;SB 2M
sb_2m_103u_2;SB 2M
sb_2m_103u_mv3_shop;SB 2M-103U MV-3
sb_2m_103u_mv3_0;SB 2M-103U MV-3
sb_2m_103u_mv3_1;SB 2M
sb_2m_103u_mv3_2;SB 2M
sb_2m_105_shop;SB 2M-105
sb_2m_105_0;SB 2M-105
sb_2m_105_1;SB 2M
sb_2m_105_2;SB 2M
pe-2-31_shop;Pye-2-31
pe-2-31_0;Pye-2 syeriâ 31 Pyeška
pe-2-31_1;Pye-2-31
pe-2-31_2;Pye-2
pe-2-83_shop;Pye-2-83
pe-2-83_0;Pye-2 syeriâ 83 Pyeška
pe-2-83_1;Pye-2-83
pe-2-83_2;Pye-2
pe-2-110_shop;Pye-2-110
pe-2-110_0;Pye-2 syeriâ 110 Pyeška
pe-2-110_1;Pye-2-110
pe-2-110_2;Pye-2
pe-2-205_shop;Pye-2-205
pe-2-205_0;Pye-2 syeriâ 205 Pyeška
pe-2-205_1;Pye-2-205
pe-2-205_2;Pye-2
pe-2-359_shop;Pye-2-359
pe-2-359_0;Pye-2 syeriâ 359 Pyeška
pe-2-359_1;Pye-2-359
pe-2-359_2;Pye-2
pe-2-359_china_shop;␗ Pye-2-359
pe-2-359_china_0;␗ Pye-2 syeriâ 359 Pyeška
pe-2-359_china_1;␗ Pye-2-359
pe-2-359_china_2;␗ Pye-2
pe-3_shop;Pye-3-2
pe-3_0;Pye-3 syeriâ 2
pe-3_1;Pye-3-2
pe-3_2;Pye-3
i_29_shop;I-29
i_29_0;I-29
i_29_1;I-29
i_29_2;I-29
yak-4_shop;Âk-4
yak-4_0;Âk-4
yak-4_1;Âk-4
yak-4_2;Âk-4
yak_2_kabb_shop;Âk-2 KABB
yak_2_kabb_0;Âk-2 KABB
yak_2_kabb_1;Âk-2 KABB
yak_2_kabb_2;Âk-2
pe-3_bis_shop;Pye-3bis
pe-3_bis_0;Pye-3bis
pe-3_bis_1;Pye-3bis
pe-3_bis_2;Pye-3
pe-3_early_shop;Pye-3-1
pe-3_early_0;Pye-3 syeriâ 1
pe-3_early_1;Pye-3-1
pe-3_early_2;Pye-3
b_25j_30_shop;☨ B-25J-30-NC
b_25j_30_0;☨ B-25J-30-NC Mitchell
b_25j_30_1;☨ B-25J
b_25j_30_2;☨ B-25
b_25j_30_france_shop;B-25J-30-NC
b_25j_30_france_0;B-25J-30-NC Mitchell
b_25j_30_france_1;B-25J
b_25j_30_france_2;B-25
b_25j_30_vvs_ussr_shop;▂ B-25J-30-NC
b_25j_30_vvs_ussr_0;▂ B-25J-30-NC Mitčyell
b_25j_30_vvs_ussr_1;▂ B-25J
b_25j_30_vvs_ussr_2;▂ B-25
do_217k_1_shop;Do 217 K-1
do_217k_1_0;Do 217 K-1
do_217k_1_1;Do 217 K
do_217k_1_2;Do 217
do_217m_1_shop;Do 217 M-1
do_217m_1_0;Do 217 M-1
do_217m_1_1;Do 217 M
do_217m_1_2;Do 217
f-86_1;F-86A-5-NA
f-86_0;F-86A-5-NA Sabre
f-86_1;F-86A
f-86_2;F-86
mig-15_ns23_shop;MiG-15
mig-15_ns23_0;MiG-15
mig-15_ns23_1;MiG-15
mig-15_ns23_2;MiG-15
f-84g_france_shop;☨ F-84G-26-RE
f-84g_france_0;☨ F-84G-26-RE Thunderjet
f-84g_france_1;☨ F-84G
f-84g_france_2;☨ F-84
f-84f_france_shop;☨ F-84F-51-GK
f-84f_france_0;☨ F-84F-51-GK Thunderstreak
f-84f_france_1;☨ F-84F
f-84f_france_2;☨ F-84
f4u-7_shop;☨ F4U-7
f4u-7_0;☨ F4U-7 Corsair
f4u-7_1;☨ F4U-7
f4u-7_2;☨ F4U
mig_3_series_1_15_shop;MiG-3-15
mig_3_series_1_15_0;MiG-3 syeriâ 15
mig_3_series_1_15_1;MiG-3-15
mig_3_series_1_15_2;MiG-3
h-75a-1_france39_shop;Curtiss H75-C1-39
h-75a-1_france39_0;Curtiss H75-C1-39
h-75a-1_france39_1;H75-C1
h-75a-1_france39_2;H75
h-75a-1_france40_shop;Curtiss H75-C1-40
h-75a-1_france40_0;Curtiss H75-C1-40
h-75a-1_france40_1;H75-C1
h-75a-1_france40_2;H75
h-75a-2_france_shop;Curtiss H75-C1-2
h-75a-2_france_0;Curtiss H75-C1-2
h-75a-2_france_1;H75-C1
h-75a-2_france_2;H75
h-75a-2_luftwaffe_shop;Hawk H-75A-2
h-75a-2_luftwaffe_0;Hawk H-75A-2
h-75a-2_luftwaffe_1;H-75A
h-75a-2_luftwaffe_2;H-75
h-75a-3_france_shop;Curtiss H75-C1-3
h-75a-3_france_0;Curtiss H75-C1-3
h-75a-3_france_1;H75-C1
h-75a-3_france_2;H75
h-75a-3_france_vishy_shop;Curtiss H75-C1-V
h-75a-3_france_vishy_0;Curtiss H75-C1-V
h-75a-3_france_vishy_1;H75-C1
h-75a-3_france_vishy_2;H75
h-75a-4_finland_shop;CUc
h-75a-4_finland_0;"CUc ""Sussu"""
h-75a-4_finland_1;CUc
h-75a-4_finland_2;CU
h-75a-4_luftwaffe_shop;Hawk H-75A-4
h-75a-4_luftwaffe_0;Hawk H-75A-4
h-75a-4_luftwaffe_1;H-75A
h-75a-4_luftwaffe_2;H-75
h-75a-4_raf_shop;Mohawk Mk. IV
h-75a-4_raf_0;Mohawk Mk. IV
h-75a-4_raf_1;Mohawk Mk. IV
h-75a-4_raf_2;Mohawk
h-75a-5_shop;Hawk H-75A-5
h-75a-5_0;Hawk H-75A-5
h-75a-5_1;H-75A
h-75a-5_2;H-75
h-75a-7_shop;Hawk H-75A-7
h-75a-7_0;Hawk H-75A-7
h-75a-7_1;H-75A
h-75a-7_2;H-75
lagg-3-1_shop;LaGG-3-1
lagg-3-1_0;LaGG-3 syeriâ 1
lagg-3-1_1;LaGG-3-1
lagg-3-1_2;LaGG-3
lagg-3-11_shop;LaGG-3-11
lagg-3-11_0;LaGG-3 syeriâ 11
lagg-3-11_1;LaGG-3-11
lagg-3-11_2;LaGG-3
lagg-3-23_shop;LaGG-3-23
lagg-3-23_0;LaGG-3 syeriâ 23
lagg-3-23_1;LaGG-3-23
lagg-3-23_2;LaGG-3
lagg-3-29_shop;LaGG-3-29
lagg-3-29_0;LaGG-3 syeriâ 29
lagg-3-29_1;LaGG-3-29
lagg-3-29_2;LaGG-3
lagg-3-34_shop;LaGG-3-34
lagg-3-34_0;LaGG-3 syeriâ 34
lagg-3-34_1;LaGG-3-34
lagg-3-34_2;LaGG-3
lagg-3-4_shop;LaGG-3-4
lagg-3-4_0;LaGG-3 syeriâ 4
lagg-3-4_1;LaGG-3
lagg-3-4_2;LaGG-3
lagg-3-66_shop;LaGG-3-66
lagg-3-66_0;LaGG-3 syeriâ 66
lagg-3-66_1;LaGG-3-66
lagg-3-66_2;LaGG-3
lagg-3-8_shop;LaGG-3-8
lagg-3-8_0;LaGG-3 syeriâ 8
lagg-3-8_1;LaGG-3-8
lagg-3-8_2;LaGG-3
la-5_type37_early_shop;La-5-37
la-5_type37_early_0;La-5 Tip 37, syeriâ 8
la-5_type37_early_1;La-5-37
la-5_type37_early_2;La-5
la-5_type39_shop;La-5-39
la-5_type39_0;La-5 Tip 39
la-5_type39_1;La-5-39
la-5_type39_2;La-5
yak-9k_shop;Âk-9K
yak-9k_0;Âk-9K
yak-9k_1;Âk-9K
yak-9k_2;Âk-9
lagg-i-301_shop;I-301
lagg-i-301_0;I-301
lagg-i-301_1;I-301
lagg-i-301_2;I-301
yak-17_shop;Âk-17
yak-17_0;Âk-17
yak-17_1;Âk-17
yak-17_2;Âk-17
yak-3p_shop;Âk-3P
yak-3p_0;Âk-3P
yak-3p_1;Âk-3P
yak-3p_2;Âk-3
yak-9u_shop;Âk-9U
yak-9u_0;Âk-9U
yak-9u_1;Âk-9U
yak-9u_2;Âk-9
yak-9ut_shop;Âk-9UT
yak-9ut_0;Âk-9UT
yak-9ut_1;Âk-9UT
yak-9ut_2;Âk-9
fw-190d-9_ussr_shop;▂ Fw 190 D-9
fw-190d-9_ussr_0;▂ Fw 190 D-9
fw-190d-9_ussr_1;▂ Fw 190 D
fw-190d-9_ussr_2;▂ Fw 190
i_225_shop;I-225
i_225_0;I-225
i_225_1;I-225
i_225_2;I-225
i-16_type24_shop;I-16 Tip 24
i-16_type24_0;I-16 Tip 24 Ishak
i-16_type24_1;I-16 Tip 24
i-16_type24_2;I-16
i-16_type27_shop;I-16 Tip 27
i-16_type27_0;I-16 Tip 27 Ishak
i-16_type27_1;I-16 Tip 27
i-16_type27_2;I-16
mig_3_series_34_shop;MiG-3-34
mig_3_series_34_0;MiG-3 syeriâ 34
mig_3_series_34_1;MiG-3-34
mig_3_series_34_2;MiG-3
hs-129b-2_romania_italy_shop;╏ Hs 129 B-2
hs-129b-2_romania_italy_0;╏ Hs 129 B-2
hs-129b-2_romania_italy_1;╏ Hs 129 B
hs-129b-2_romania_italy_2;╏ Hs 129
yak-9_shop;Âk-9
yak-9_0;Âk-9
yak-9_1;Âk-9
yak-9_2;Âk-9
yak-1_early_shop;Âk-1-1
yak-1_early_0;Âk-1 syeriâ 1
yak-1_early_1;Âk-1
yak-1_early_2;Âk-1
i-16_type5_shop;I-16 Tip 5
i-16_type5_0;I-16 Tip 5 Ishak
i-16_type5_1;I-16
i-16_type5_2;I-16
p-47d_ussr_shop;▂ P-47D-27-RE
p-47d_ussr_0;▂ P-47D-27-RE Tondirbolt
p-47d_ussr_1;▂ P-47D
p-47d_ussr_2;▂ P-47
i-16_type10_shop;I-16 Tip 10
i-16_type10_0;I-16 Tip 10 Ishak
i-16_type10_1;I-16
i-16_type10_2;I-16
yak-9b_shop;Âk-9B
yak-9b_0;Âk-9B
yak-9b_1;Âk-9
yak-9b_2;Âk-9
pe-8_m82_shop;Pye-8
pe-8_m82_0;Pye-8
pe-8_m82_1;Pye-8
pe-8_m82_2;Pye-8
sb2c_4_shop;SB2C-4
sb2c_4_0;SB2C-4 Helldiver
sb2c_4_1;SB2C-4
sb2c_4_2;SB2C
mig-17_shop;MiG-17
mig-17_0;MiG-17
mig-17_1;MiG-17
mig-17_2;MiG-17
yak-30d_shop;Âk-30D
yak-30d_0;Âk-30D
yak-30d_1;Âk-30D
yak-30d_2;Âk-30
yak-38_shop;Âk-38
yak-38_0;Âk-38
yak-38_1;Âk-38
yak-38_2;Âk-38
yak-38m_shop;Âk-38M
yak-38m_0;Âk-38M
yak-38m_1;Âk-38M
yak-38m_2;Âk-38
yak-28b_shop;Âk-28B
yak-28b_0;Âk-28B
yak-28b_1;Âk-28B
yak-28b_2;Âk-28
tu_4_shop;Tu-4
tu_4_0;Tu-4
tu_4_1;Tu-4
tu_4_2;Tu-4
tu_14t_shop;Tu-14T
tu_14t_0;Tu-14T
tu_14t_1;Tu-14T
tu_14t_2;Tu-14
la-11_shop;La-11
la-11_0;La-11
la-11_1;La-11
la-11_2;La-11
db_3b_shop;DB-3B
db_3b_0;DB-3B
db_3b_1;DB-3B
db_3b_2;DB-3
br_20_dr_shop;BR.20 DR
br_20_dr_0;BR.20 DR Cicogna
br_20_dr_1;BR.20
br_20_dr_2;BR.20
br_20m_m1_shop;BR.20M M1
br_20m_m1_0;BR.20M M1 Cicogna
br_20m_m1_1;BR.20M M1
br_20m_m1_2;BR.20
mc-202_italy_shop;C. 202 VII
mc-202_italy_0;C. 202 serie VII Folgore
mc-202_italy_1;C. 202
mc-202_italy_2;C. 202
mc-202_ec_shop;C. 202 EC III
mc-202_ec_0;C. 202 Esperimento Cannoni serie III
mc-202_ec_1;C. 202 EC
mc-202_ec_2;C. 202
mc-202_d_shop;C. 202 D
mc-202_d_0;C. 202 D Folgore
mc-202_d_1;C. 202 D
mc-202_d_2;C. 202
mc200_serie3_italy_shop;C. 200 III
mc200_serie3_italy_0;C. 200 serie III Saetta
mc200_serie3_italy_1;C. 200
mc200_serie3_italy_2;C. 200
mc200_serie7_italy_shop;C. 200 VII
mc200_serie7_italy_0;C. 200 serie VII Saetta
mc200_serie7_italy_1;C. 200
mc200_serie7_italy_2;C. 200
fiat_cr42_italy_shop;CR.42bis
fiat_cr42_italy_0;CR.42bis Falco
fiat_cr42_italy_1;CR.42
fiat_cr42_italy_2;CR.42
fiat_g50_seria2_italy_shop;G.50 II
fiat_g50_seria2_italy_0;G.50 serie II Freccia
fiat_g50_seria2_italy_1;G.50
fiat_g50_seria2_italy_2;G.50
fiat_g50_seria7as_italy_shop;G.50 AS VII
fiat_g50_seria7as_italy_0;G.50 AS serie VII Freccia
fiat_g50_seria7as_italy_1;G.50
fiat_g50_seria7as_italy_2;G.50
cr_32_shop;CR.32
cr_32_0;CR.32
cr_32_1;CR.32
cr_32_2;CR.32
cr_32_bis_shop;CR.32bis
cr_32_bis_0;CR.32bis
cr_32_bis_1;CR.32bis
cr_32_bis_2;CR.32
cr_32_quater_shop;CR.32quater
cr_32_quater_0;CR.32quater
cr_32_quater_1;CR.32quater
cr_32_quater_2;CR.32
ro_44_shop;Ro.44
ro_44_0;Ro.44
ro_44_1;Ro.44
ro_44_2;Ro.44
g_55_serie1_shop;G.55 I
g_55_serie1_0;G.55 serie I Centauro
g_55_serie1_1;G.55
g_55_serie1_2;G.55
g_55_serie1_ss0_shop;G.55 0
g_55_serie1_ss0_0;G.55 serie 0
g_55_serie1_ss0_1;G.55
g_55_serie1_ss0_2;G.55
g_55s_shop;G.55 S
g_55s_0;G.55 Silurante Centauro
g_55s_1;G.55 S
g_55s_2;G.55
fc_20_bis_shop;FC.20bis
fc_20_bis_0;FC.20bis
fc_20_bis_1;FC.20
fc_20_bis_2;FC.20
ro_57_quadriarma_shop;Ro.57bis
ro_57_quadriarma_0;Ro.57bis
ro_57_quadriarma_1;Ro.57bis
ro_57_quadriarma_2;Ro.57
z_1007_bis_serie5_shop;Z.1007bis V
z_1007_bis_serie5_0;Z.1007bis serie V Alcione
z_1007_bis_serie5_1;Z.1007
z_1007_bis_serie5_2;Z.1007
z_1007_bis_serie3_shop;Z.1007bis III
z_1007_bis_serie3_0;Z.1007bis serie III Alcione
z_1007_bis_serie3_1;Z.1007
z_1007_bis_serie3_2;Z.1007
fiat_g91_ps_shop;G.91 pre-serie
fiat_g91_ps_0;G.91 pre-serie
fiat_g91_ps_1;G.91
fiat_g91_ps_2;G.91
fiat_g91_r1_shop;G.91 R/1
fiat_g91_r1_0;G.91 R/1
fiat_g91_r1_1;G.91 R
fiat_g91_r1_2;G.91
fiat_g91_r4_shop;☩ G.91 R/4
fiat_g91_r4_0;☩ G.91 R/4
fiat_g91_r4_1;☩ G.91 R
fiat_g91_r4_2;☩ G.91
fiat_g91_y_shop;G.91 Y
fiat_g91_y_0;G.91 Y
fiat_g91_y_1;G.91 Y
fiat_g91_y_2;G.91
fiat_g91_ys_shop;G.91 YS
fiat_g91_ys_0;G.91 YS
fiat_g91_ys_1;G.91 YS
fiat_g91_ys_2;G.91
re_2000_int_shop;Re.2000 I
re_2000_int_0;Re.2000 serie I Falco I
re_2000_int_1;Re.2000
re_2000_int_2;Re.2000
re_2000_ga_shop;Re.2000 GA III
re_2000_ga_0;Re.2000 Grande Autonomia serie III Falco I
re_2000_ga_1;Re.2000
re_2000_ga_2;Re.2000
re_2001_serie1_shop;Re.2001 I
re_2001_serie1_0;Re.2001 serie I Falco II
re_2001_serie1_1;Re.2001
re_2001_serie1_2;Re.2001
re_2001_cb_shop;Re.2001 CB I
re_2001_cb_0;Re.2001 Caccia Bombardiere serie I Falco II
re_2001_cb_1;Re.2001
re_2001_cb_2;Re.2001
re_2001_cn_shop;Re.2001 CN
re_2001_cn_0;Re.2001 Caccia Notturna Falco II
re_2001_cn_1;Re.2001
re_2001_cn_2;Re.2001
re_2002_early_shop;Re.2002 primo
re_2002_early_0;Re.2002 primo
re_2002_early_1;Re.2002 primo
re_2002_early_2;Re.2002
re_2005_serie0_shop;Re.2005 0
re_2005_serie0_0;Re.2005 serie 0
re_2005_serie0_1;Re.2005
re_2005_serie0_2;Re.2005
sm_91_shop;S.M.91
sm_91_0;S.M.91
sm_91_1;S.M.91
sm_91_2;S.M.91
sm_92_shop;S.M.92
sm_92_0;S.M.92
sm_92_1;S.M.92
sm_92_2;S.M.92
sagittario_2_shop;Sagittario 2
sagittario_2_0;Sagittario 2
sagittario_2_1;Sagittario 2
sagittario_2_2;Sagittario 2
ariete_shop;Ariete
ariete_0;Ariete
ariete_1;Ariete
ariete_2;Ariete
p_108a_serie2_shop;P.108A II
p_108a_serie2_0;P.108A serie II
p_108a_serie2_1;P.108A
p_108a_serie2_2;P.108
p_108b_serie1_shop;P.108B I
p_108b_serie1_0;P.108B serie I
p_108b_serie1_1;P.108B
p_108b_serie1_2;P.108
p_108b_serie2_shop;P.108B II
p_108b_serie2_0;P.108B serie II
p_108b_serie2_1;P.108B
p_108b_serie2_2;P.108
f-84g_italy_shop;⛨ F-84G-21-RE
f-84g_italy_0;⛨ F-84G-21-RE Thunderjet
f-84g_italy_1;⛨ F-84G
f-84g_italy_2;⛨ F-84
f-84f_italy_shop;⛨ F-84F-66-RE
f-84f_italy_0;⛨ F-84F-66-RE Thunderstreak
f-84f_italy_1;⛨ F-84F
f-84f_italy_2;⛨ F-84
g_56_shop;G.56
g_56_0;G.56
g_56_1;G.56
g_56_2;G.56
mc-205_serie3_shop;C. 205 III
mc-205_serie3_0;C. 205 serie III Veltro
mc-205_serie3_1;C. 205
mc-205_serie3_2;C. 205
mc-205_serie1_shop;C. 205 I
mc-205_serie1_0;C. 205 serie I Veltro
mc-205_serie1_1;C. 205
mc-205_serie1_2;C. 205
mc-205_n2_shop;C. 205N2
mc-205_n2_0;C. 205N2 Orione
mc-205_n2_1;C. 205N2
mc-205_n2_2;C. 205
bf-109g-14as_shop;⛨ Bf 109 G-14/AS
bf-109g-14as_0;⛨ Bf 109 G-14/AS
bf-109g-14as_1;⛨ Bf 109 G
bf-109g-14as_2;⛨ Bf 109
germ_bmp_1_ddr_shop;◊ SPz BMP-1P
germ_bmp_1_ddr_0;◊ Schützenpanzer BMP-1P SP-4
germ_bmp_1_ddr_1;◊ SPz BMP-1P
germ_bmp_1_ddr_2;Light Tank
ussr_btr_80a_shop;BTR-80A
ussr_btr_80a_0;BTR-80A
ussr_btr_80a_1;BTR-80
ussr_btr_80a_2;Light Tank
germ_vsw_flak_41_shop;Pz.Sfl. IVc
germ_vsw_flak_41_0;8,8cm Fla.K. 41 auf Panzerselbstfahrlafette IVc
germ_vsw_flak_41_1;Pz.Sfl. IVc
germ_vsw_flak_41_2;SPG
germ_waffentrager_krupp_steyr_shop;8,8cm Waffenträger
germ_waffentrager_krupp_steyr_0;8,8cm Waffenträger Krupp-Steyr
germ_waffentrager_krupp_steyr_1;Waffenträger
germ_waffentrager_krupp_steyr_2;SPG
germ_kpz_t72m1_shop;◊ KPz T-72M1
germ_kpz_t72m1_0;◊ Kampfpanzer T-72M1
germ_kpz_t72m1_1;◊ T-72M1
germ_kpz_t72m1_2;MBT
germ_kpz_70_shop;KPz 70
germ_kpz_70_0;Kampfpanzer 70
germ_kpz_70_1;KPz 70
germ_kpz_70_2;MBT
ussr_2s1_shop;2S1
ussr_2s1_0;"2S1 ""Gvozdika"""
ussr_2s1_1;2S1
ussr_2s1_2;SPG
ussr_2s3m_shop;2S3M
ussr_2s3m_0;"2S3M ""Akacziâ-M"""
ussr_2s3m_1;2S3M
ussr_2s3m_2;SPG
so_4050_vautour_2a_shop;Vautour II A
so_4050_vautour_2a_0;S.O.4050 Vautour II A
so_4050_vautour_2a_1;Vautour II A
so_4050_vautour_2a_2;Vautour II
so_4050_vautour_2b_shop;Vautour II B
so_4050_vautour_2b_0;S.O.4050 Vautour II B
so_4050_vautour_2b_1;Vautour II B
so_4050_vautour_2b_2;Vautour II
p-63c-5_france_shop;☨ P-63C-5-BE
p-63c-5_france_0;☨ P-63C-5-BE Kingcobra
p-63c-5_france_1;☨ P-63C
p-63c-5_france_2;☨ P-63
douglas_ad_4_france_shop;☨ AD-4
douglas_ad_4_france_0;☨ AD-4 Skyraider
douglas_ad_4_france_1;☨ AD-4
douglas_ad_4_france_2;☨ AD-4
douglas_ad_4na_france_shop;☨ AD-4NA
douglas_ad_4na_france_0;☨ AD-4NA Skyraider
douglas_ad_4na_france_1;☨ AD-4NA
douglas_ad_4na_france_2;☨ AD-4
f8f1b_france_shop;☨ F8F-1B
f8f1b_france_0;☨ F8F-1B Bearcat
f8f1b_france_1;☨ F8F-1
f8f1b_france_2;☨ F8F
so_8000_narval_shop;Narval
so_8000_narval_0;S.O.8000 Narval
so_8000_narval_1;Narval
so_8000_narval_2;Narval
sbd-5_france_shop;☨ SBD-5
sbd-5_france_0;☨ SBD-5 Dauntless
sbd-5_france_1;☨ SBD-5
sbd-5_france_2;☨ SBD-5
f6f-5_france_shop;☨ F6F-5
f6f-5_france_0;☨ F6F-5 Hellcat
f6f-5_france_1;☨ F6F-5
f6f-5_france_2;☨ F6F
f6f-5n_france_shop;☨ F6F-5N
f6f-5n_france_0;☨ F6F-5N Hellcat
f6f-5n_france_1;☨ F6F-5
f6f-5n_france_2;☨ F6F
d_371_shop;D.371
d_371_0;D.371
d_371_1;D.371
d_371_2;D.371
d_500_shop;D.500
d_500_0;D.500
d_500_1;D.500
d_500_2;D.500
d_501_shop;D.501
d_501_0;D.501
d_501_1;D.501
d_501_2;D.501
mb_162_shop;M.B.162.01
mb_162_0;M.B.162.01
mb_162_1;M.B.162.01
mb_162_2;M.B.162
mb_174_a3_shop;M.B.174A-3
mb_174_a3_0;M.B.174A-3
mb_174_a3_1;M.B.174A-3
mb_174_a3_2;M.B.174
d_373_shop;D.373
d_373_0;D.373
d_373_1;D.373
d_373_2;D.373
potez_630_shop;Potez 630.01
potez_630_0;Potez 630.01
potez_630_1;Potez 630.01
potez_630_2;Potez 630
potez_631_shop;Potez 631.01
potez_631_0;Potez 631.01
potez_631_1;Potez 631.01
potez_631_2;Potez 631
potez_633_shop;Potez 633.01
potez_633_0;Potez 633.01
potez_633_1;Potez 633.01
potez_633_2;Potez 633
br_693_ab2_shop;Br.693AB2
br_693_ab2_0;Br.693AB2
br_693_ab2_1;Br.693AB2
br_693_ab2_2;Br.693AB2
mb_157_shop;M.B.157-C1
mb_157_0;M.B.157-C1
mb_157_1;M.B.157-C1
mb_157_2;M.B.157
ms_410c1_shop;M.S.410-C1
ms_410c1_0;M.S.410-C1
ms_410c1_1;M.S.410-C1
ms_410c1_2;M.S.410
nc_223_3_shop;N.C.223.3
nc_223_3_0;N.C.223.3
nc_223_3_1;N.C.223.3
nc_223_3_2;N.C.223.3
md_452_mystere_2a_shop;Mystère II A
md_452_mystere_2a_0;M.D.452 Mystère II A
md_452_mystere_2a_1;Mystère II A
md_452_mystere_2a_2;Mystère II A
etndard_4m_shop;Étendard IV M
etndard_4m_0;Étendard IV M
etndard_4m_1;Étendard IV M
etndard_4m_2;Étendard IV
md_460_shop;Super Mystère B2
md_460_0;M.D.460 Super Mystère B2
md_460_1;Super Mystère B2
md_460_2;Super Mystère
md_460_yt_cup_2019_shop;␙ Super Mystère B2
md_460_yt_cup_2019_0;␙ M.D.460 Super Mystère B2
md_460_yt_cup_2019_1;␙ Super Mystère B2
md_460_yt_cup_2019_2;␙ Super Mystère
md_460_usa_shop;▃ Super Mystère B2
md_460_usa_0;▃ M.D.460 Super Mystère B2
md_460_usa_1;▃ Super Mystère B2
md_460_usa_2;▃ Super Mystère
f-104s_cb_shop;☪ F-104S/CB
f-104s_cb_0;☪ F-104S/CB Starfighter
f-104s_cb_1;☪ F-104S
f-104s_cb_2;☪ F-104
f-104s_shop;⛨ F-104S/CI
f-104s_0;⛨ F-104S/CI Starfighter
f-104s_1;⛨ F-104S
f-104s_2;⛨ F-104
f-104s_asa_shop;⛨ F-104S/ASA
f-104s_asa_0;⛨ F-104S/ASA Starfighter
f-104s_asa_1;⛨ F-104S
f-104s_asa_2;⛨ F-104
caudron_cr714_shop;CR.174-C1
caudron_cr714_0;"CR.174-C1 ""Cyclone"""
caudron_cr714_1;CR.174-C1
caudron_cr714_2;CR.174
md_450b_barougan_shop;Barougan
md_450b_barougan_0;M.D.450B Barougan
md_450b_barougan_1;Barougan
md_450b_barougan_2;Barougan
md_450b_ouragan_shop;Ouragan
md_450b_ouragan_0;M.D.450B Ouragan
md_450b_ouragan_1;Ouragan
md_450b_ouragan_2;Ouragan
v_156_f_shop;☨ V-156-F
v_156_f_0;☨ V-156-F
v_156_f_1;☨ V-156-F
v_156_f_2;☨ V-156-F
tandem_mai_shop;Š-Tandyem
tandem_mai_0;Š-Tandyem
tandem_mai_1;Š-Tandyem
tandem_mai_2;Š-Tandyem
ms_405c1_shop;M.S.405-C1
ms_405c1_0;M.S.405-C1
ms_405c1_1;M.S.405-C1
ms_405c1_2;M.S.405
ms_406c1_shop;M.S.406-C1
ms_406c1_0;M.S.406-C1
ms_406c1_1;M.S.406-C1
ms_406c1_2;M.S.406
yak-23_shop;Âk-23
yak-23_0;Âk-23
yak-23_1;Âk-23
yak-23_2;Âk-23
yak-3_france_shop;☨ Âk-3
yak-3_france_0;☨ Âk-3
yak-3_france_1;☨ Âk-3
yak-3_france_2;☨ Âk-3
md_454_mystere_4a_shop;Mystère IV A
md_454_mystere_4a_0;M.D.454 Mystère IV A
md_454_mystere_4a_1;Mystère IV A
md_454_mystere_4a_2;Mystère IV
germ_mkpz_super_m48_shop;◄ Super M 48
germ_mkpz_super_m48_0;◄ Super M 48
germ_mkpz_super_m48_1;◄ M 48
germ_mkpz_super_m48_2;MBT
germ_mkpz_m48a2ga2_shop;◄ KPz M 48 A2 G A2
germ_mkpz_m48a2ga2_0;◄ mittlerer Kampfpanzer M 48 A2 G A2
germ_mkpz_m48a2ga2_1;◄ M 48 A2
germ_mkpz_m48a2ga2_2;MBT
ussr_2s38_shop;2S38
ussr_2s38_0;"2S38 ""Dyerivacziâ-PVO"""
ussr_2s38_1;2S38
ussr_2s38_2;IFV
it_vcc_80_hitfist_60_shop;VCC-80 Dardo (60/70)
it_vcc_80_hitfist_60_0;Veicolo Cingolato da Combattimento 80 Dardo da 60/70
it_vcc_80_hitfist_60_1;Dardo
it_vcc_80_hitfist_60_2;IFV
it_vcc_80_hitfist_30_shop;VCC-80 Dardo (HITFIST 30)
it_vcc_80_hitfist_30_0;Veicolo Cingolato da Combattimento 80 Dardo con sistema d'arma Leonardo HITFIST 30
it_vcc_80_hitfist_30_1;Dardo
it_vcc_80_hitfist_30_2;IFV
it_dardo_vcc_shop;VCC-80 Dardo
it_dardo_vcc_0;Veicolo Cingolato da Combattimento 80 Dardo
it_dardo_vcc_1;Dardo
it_dardo_vcc_2;IFV
it_vbc_pt2_shop;VBC Centauro PT 2
it_vbc_pt2_0;Veicolo Blindato da Combattimento Centauro Prototipo 2
it_vbc_pt2_1;VBC Centauro
it_vbc_pt2_2;IFV
it_vrcc_centauro_shop;VRCC Centauro
it_vrcc_centauro_0;Vehículo de Reconocimiento y Combate de Caballería Centauro
it_vrcc_centauro_1;VRCC Centauro
it_vrcc_centauro_2;Light Tank
it_centauro_rgo_120_shop;☪ Centauro MGS
it_centauro_rgo_120_0;☪ Cacciacarri Blindato B1 Centauro da 120mm MGS
it_centauro_rgo_120_1;☪ Centauro MGS
it_centauro_rgo_120_2;Light Tank
it_centauro_mgs_120_shop;Centauro MGS
it_centauro_mgs_120_0;Cacciacarri Blindato B1 Centauro da 120mm MGS
it_centauro_mgs_120_1;Centauro MGS
it_centauro_mgs_120_2;Light Tank
it_b1_centauro_romor_shop;Centauro ROMOR
it_b1_centauro_romor_0;Cacciacarri Blindato B1 Centauro serie II ROMOR
it_b1_centauro_romor_1;Centauro ROMOR
it_b1_centauro_romor_2;Light Tank
it_fiat_cm52_shop;CM 52 (M45C)
it_fiat_cm52_0;Complesso da 12.7mm su Autocarro Medio CM 52
it_fiat_cm52_1;CM 52 (M45C)
it_fiat_cm52_2;SPAA
it_sherman_75_37_shop;⛨ Sherman I Ibrido
it_sherman_75_37_0;⛨ Carro Armato Medio Sherman Tipo I Ibrido
it_sherman_75_37_1;⛨ Sherman I
it_sherman_75_37_2;Medium Tank
it_sherman_vc_firefly_shop;⛨ Sherman V C
it_sherman_vc_firefly_0;⛨ Carro Armato Medio Sherman Tipo V Tipo C
it_sherman_vc_firefly_1;⛨ Sherman V
it_sherman_vc_firefly_2;Medium Tank
it_m18_hellcat_shop;⛨ 76/52 M18
it_m18_hellcat_0;⛨ Semovente da 76/52 M18
it_m18_hellcat_1;⛨ M18
it_m18_hellcat_2;Light Tank
it_m24_chaffee_shop;⛨ M24
it_m24_chaffee_0;⛨ Carro Armato Leggero M24
it_m24_chaffee_1;⛨ M24
it_m24_chaffee_2;Light Tank
it_m3a3_stuart_shop;⛨ M3A3
it_m3a3_stuart_0;⛨ Carro Armato Leggero M3A3
it_m3a3_stuart_1;⛨ M3A3
it_m3a3_stuart_2;Light Tank
it_m4a4_sherman_shop;⛨ Sherman V
it_m4a4_sherman_0;⛨ Carro Armato Medio Sherman Tipo V
it_m4a4_sherman_1;⛨ Sherman V
it_m4a4_sherman_2;Medium Tank
it_m26a1_pershing_shop;⛨ M26A1
it_m26a1_pershing_0;⛨ Carro Armato Medio M26A1
it_m26a1_pershing_1;⛨ M26A1
it_m26a1_pershing_2;Medium Tank
it_m109g_shop;⛨ 155/23 M109
it_m109g_0;⛨ Obice semovente da 155/23 M109
it_m109g_1;⛨ 155/23 M109
it_m109g_2;SPG
it_semovente_m43_75_46_shop;75/46 M. 43
it_semovente_m43_75_46_0;Semovente da 75/46 su Scafo M. 43
it_semovente_m43_75_46_1;75/46 M. 43
it_semovente_m43_75_46_2;SPG
it_semovente_m41_75_32_shop;75/32 M. 41
it_semovente_m41_75_32_0;Semovente da 75/32 su Scafo M. 41
it_semovente_m41_75_32_1;75/32 M. 41
it_semovente_m41_75_32_2;SPG
it_semovente_m41_75_18_shop;75/18 M. 41
it_semovente_m41_75_18_0;Semovente da 75/18 su Scafo M. 41
it_semovente_m41_75_18_1;75/18 M. 41
it_semovente_m41_75_18_2;SPG
it_semovente_m42_75_34_shop;75/34 M. 42 M.
it_semovente_m42_75_34_0;Semovente da 75/34 su Scafo M. 42 M.
it_semovente_m42_75_34_1;75/34 M. 42 M.
it_semovente_m42_75_34_2;SPG
it_semovente_m43_75_34_shop;75/34 M. 43
it_semovente_m43_75_34_0;Semovente da 75/34 su Scafo M. 43
it_semovente_m43_75_34_1;75/34 M. 43
it_semovente_m43_75_34_2;SPG
it_m36b1_shop;⛨ 90/50 M36B1
it_m36b1_0;⛨ Semovente da 90/50 M36B1
it_m36b1_1;⛨ M36B1
it_m36b1_2;SPG
it_of_40_mk_1_shop;OF 40 Mk. 1
it_of_40_mk_1_0;Carro Armato OTO-Melara OF 40 Mk. 1
it_of_40_mk_1_1;OF 40 Mk. 1
it_of_40_mk_1_2;MBT
it_of_40_mk_2a_shop;OF 40 Mk. 2
it_of_40_mk_2a_0;Carro Armato OTO-Melara OF 40 Mk. 2
it_of_40_mk_2a_1;OF 40 Mk. 2
it_of_40_mk_2a_2;MBT
it_l6_shop;L. 40
it_l6_0;Carro Armato Leggero Mod. 40
it_l6_1;L. 40
it_l6_2;Light Tank
it_otobreda_sidam_25_shop;SIDAM 25
it_otobreda_sidam_25_0;Sistema Italiano Difesa Aerea Mobile, 25mm
it_otobreda_sidam_25_1;SIDAM 25
it_otobreda_sidam_25_2;SPAA
it_semovente_m43_105_shop;105/25 M. 43
it_semovente_m43_105_0;"Semovente da 105/25 su Scafo M. 43 ""Bassotto"""
it_semovente_m43_105_1;105/25 M. 43
it_semovente_m43_105_2;SPG
it_semovente_m41m_90_shop;90/53 M. 41 M.
it_semovente_m41m_90_0;Semovente da 90/53 su Scafo M. 41 M.
it_semovente_m41m_90_1;90/53 M. 41 M.
it_semovente_m41m_90_2;SPG
it_m13_40_serie_1_shop;M. 40 I
it_m13_40_serie_1_0;Carro Armato Medio Mod. 40 Serie I
it_m13_40_serie_1_1;M. 40
it_m13_40_serie_1_2;Medium Tank
it_m13_40_serie_2_shop;M. 40 II
it_m13_40_serie_2_0;Carro Armato Medio Mod. 40 Serie II
it_m13_40_serie_2_1;M. 40
it_m13_40_serie_2_2;Medium Tank
it_m13_40_serie_3_shop;M. 40 III
it_m13_40_serie_3_0;Carro Armato Medio Mod. 40 Serie III
it_m13_40_serie_3_1;M. 40
it_m13_40_serie_3_2;Medium Tank
it_m11_39_shop;M. 39
it_m11_39_0;Carro Armato Medio Mod. 39
it_m11_39_1;M. 39
it_m11_39_2;Medium Tank
it_pzkpfw_III_ausf_N_shop;⛨ Pz.Kpfw. III N
it_pzkpfw_III_ausf_N_0;⛨ Carro Armato Medio Panzerkampfwagen III Ausf. N
it_pzkpfw_III_ausf_N_1;⛨ Pz.Kpfw. III N
it_pzkpfw_III_ausf_N_2;Medium Tank
it_stug_III_ausf_G_shop;⛨ 75/48 StuG III G
it_stug_III_ausf_G_0;⛨ Semovente da 75/48 Sturmgeschütz III Ausf. G
it_stug_III_ausf_G_1;⛨ 75/48 StuG III G
it_stug_III_ausf_G_2;SPG
it_m14_41_shop;M. 41
it_m14_41_0;Carro Armato Medio Mod. 41
it_m14_41_1;M. 41
it_m14_41_2;Medium Tank
it_leopard_bofors_shop;⛨ Leopard 1 A2 (40/70)
it_leopard_bofors_0;⛨ Semovente contraereo da 40/70 Bofors su scafo Leopard 1 Versione A2
it_leopard_bofors_1;⛨ Leopard 1 (40/70)
it_leopard_bofors_2;SPAA
it_m15_42_contraereo_shop;M. 42/Ca
it_m15_42_contraereo_0;Carro Armato Medio Mod. 42 Controaereo
it_m15_42_contraereo_1;M. 42/Ca
it_m15_42_contraereo_2;SPAA
it_sahariano_shop;Sahariano
it_sahariano_0;Carro Armato Celere Sahariano
it_sahariano_1;Sahariano
it_sahariano_2;Medium Tank
it_m15_42_shop;M. 42
it_m15_42_0;Carro Armato Medio Mod. 42
it_m15_42_1;M. 42
it_m15_42_2;Medium Tank
it_breda_52_autocannone_shop;90/53 Breda 52
it_breda_52_autocannone_0;Autocannone da 90/53 su Breda 52
it_breda_52_autocannone_1;90/53 Breda 52
it_breda_52_autocannone_2;SPG
it_semovente_breda_501_shop;90/53 Breda 501
it_semovente_breda_501_0;Semovente Ruotato da 90/53 su Breda 501
it_semovente_breda_501_1;90/53 Breda 501
it_semovente_breda_501_2;SPG
it_l3_cc_shop;L. 33/Cc
it_l3_cc_0;Carro Armato Leggero Mod. 33 Controcarro
it_l3_cc_1;L. 33/Cc
it_l3_cc_2;SPG
it_lancia3ro_100_shop;100/17 Lancia 3Ro
it_lancia3ro_100_0;Autocannone da 100/17 su Lancia 3Ro
it_lancia3ro_100_1;100/17 Lancia 3Ro
it_lancia3ro_100_2;SPG
it_ab_41_shop;AB. 41
it_ab_41_0;Autoblinda Mod. 41
it_ab_41_1;AB. 41
it_ab_41_2;Light Tank
it_ab_43_shop;AB. 43
it_ab_43_0;Autoblinda Mod. 43
it_ab_43_1;AB. 43
it_ab_43_2;Light Tank
it_sherman_VII_shop;⛨ Sherman I C Ibrido
it_sherman_VII_0;⛨ Carro Armato Medio Sherman Tipo I Tipo C Ibrido
it_sherman_VII_1;⛨ Sherman I
it_sherman_VII_2;Medium Tank
it_semovente_l40_shop;47/32 L. 40
it_semovente_l40_0;Semovente da 47/32 su Scafo L. 40
it_semovente_l40_1;47/32 L. 40
it_semovente_l40_2;SPG
ussr_su_85a_shop;SU-85A
ussr_su_85a_0;SU-85A
ussr_su_85a_1;SU-85A
ussr_su_85a_2;SPG
mi_4av_shop;Mi-4AV
mi_4av_0;Mi-4AV
mi_4av_1;Mi-4AV
mi_4av_2;Mi-4
mi_8tv_shop;Mi-8TB
mi_8tv_0;Mi-8TB
mi_8tv_1;Mi-8TB
mi_8tv_2;Mi-8
mi_8amtsh_shop;Mi-8AMTŠ
mi_8amtsh_0;Mi-8AMTŠ
mi_8amtsh_1;Mi-8AMTŠ
mi_8amtsh_2;Mi-8
mi_24a_shop;Mi-24A
mi_24a_0;Mi-24A
mi_24a_1;Mi-24A
mi_24a_2;Mi-24
mi_24p_shop;Mi-24P
mi_24p_0;Mi-24P
mi_24p_1;Mi-24P
mi_24p_2;Mi-24
mi_35m_pakistan_shop;☪ Mi-35M3
mi_35m_pakistan_0;☪ Mi-35M3
mi_35m_pakistan_1;☪ Mi-35M
mi_35m_pakistan_2;☪ Mi-35
mb_175t_shop;M.B.175T
mb_175t_0;M.B.175T
mb_175t_1;M.B.175T
mb_175t_2;M.B.175
f-100d_france_shop;☨ F-100D-10-NA
f-100d_france_0;☨ F-100D-10-NA Super Sabre
f-100d_france_1;☨ F-100D
f-100d_france_2;☨ F-100
mb_152c1_shop;M.B.152-C1
mb_152c1_0;M.B.152-C1
mb_152c1_1;M.B.152-C1
mb_152c1_2;M.B.152
late_298d_shop;Latécoère 298D
late_298d_1;Latécoère 298D
late_298d_0;Latécoère 298D
late_298d_2;Latécoère 298
sa_341f_shop;SA 341 F
sa_341f_0;SA 341 F Gazelle
sa_341f_1;SA 341 F
sa_341f_2;SA 341
sa_342m_shop;SA 342 M
sa_342m_0;SA 342 M Gazelle
sa_342m_1;SA 342 M
sa_342m_2;SA 342
h_34_france_shop;☨ H-34A
h_34_france_0;☨ H-34A
h_34_france_1;☨ H-34A
h_34_france_2;☨ H-34
h_34_shop;CH-34A
h_34_0;CH-34A Choctaw
h_34_1;CH-34A
h_34_2;CH-34
f-86k_late_shop;☨ F-86K
f-86k_late_0;☨ F-86K Sabre
f-86k_late_1;☨ F-86K
f-86k_late_2;☨ F-86
f-86k_late_italy_shop;⛨ F-86K
f-86k_late_italy_0;⛨ F-86K Sabre
f-86k_late_italy_1;⛨ F-86K
f-86k_late_italy_2;⛨ F-86
av_8b_plus_italy_shop;⛨ AV-8B Plus
av_8b_plus_italy_0;⛨ AV-8B Harrier II Plus
av_8b_plus_italy_1;⛨ AV-8B
av_8b_plus_italy_2;⛨ AV-8
mig-17_cuba_shop;MiG-17AS
mig-17_cuba_0;MiG-17AS
mig-17_cuba_1;MiG-17AS
mig-17_cuba_2;MiG-17
germ_vt_1_2_shop;VT 1-2
germ_vt_1_2_0;Versuchsträger 1-2
germ_vt_1_2_1;VT 1-2
germ_vt_1_2_2;SPG
ka_29_shop;Ka-29
ka_29_0;Ka-29
ka_29_1;Ka-29
ka_29_2;Ka-29
ka_50_shop;Ka-50
ka_50_0;Ka-50 Chornaya Akula
ka_50_1;Ka-50
ka_50_2;Ka-50
ka_52_shop;Ka-52
ka_52_0;Ka-52 Alligator
ka_52_1;Ka-52
ka_52_2;Ka-52
mi_28n_shop;Mi-28N
mi_28n_0;Mi-28N
mi_28n_1;Mi-28N
mi_28n_2;Mi-28
mi_28nm_shop;Mi-28NM
mi_28nm_0;Mi-28NM
mi_28nm_1;Mi-28NM
mi_28nm_2;Mi-28
t_129_atak_shop;T129 ATAK FAZ-1
t_129_atak_0;T129 ATAK FAZ-1
t_129_atak_1;T129 ATAK
t_129_atak_2;T129
germ_radpanzer_90_shop;EFz-Rad 8x8
germ_radpanzer_90_0;Experimentalfahrzeug-Rad 8x8
germ_radpanzer_90_1;EFz-Rad 8x8
germ_radpanzer_90_2;Light Tank
germ_mkpz_m48a2c_shop;◄ KPz M 48 A2 C G
germ_mkpz_m48a2c_0;◄ mittlerer Kampfpanzer M 48 A2 C G
germ_mkpz_m48a2c_1;◄ M 48 A2 C
germ_mkpz_m48a2c_2;Medium Tank
cn_bt_5_shop;☀ BT-5
cn_bt_5_0;☀ BT-5 obr. 1933 g.
cn_bt_5_1;☀ BT-5
cn_bt_5_2;Light Tank
germ_mkpz_m47_shop;◄ KPz M 47 G
germ_mkpz_m47_0;◄ mittlerer Kampfpanzer M 47 G
germ_mkpz_m47_1;◄ M 47
germ_mkpz_m47_2;Medium Tank
ussr_valentine_mk_9_shop;▂ Valyentajn-IX
ussr_valentine_mk_9_0;▂ Mk III Valyentajn-IX obr. 1943 g.
ussr_valentine_mk_9_1;▂ Valyentajn-IX
ussr_valentine_mk_9_2;Infantry tank
it_p_40_shop;P. 40
it_p_40_0;Carro Armato Pesante Mod. 40
it_p_40_1;P. 40
it_p_40_2;Medium Tank
germ_m109g_shop;◄ PzH M 109 G
germ_m109g_0;◄ Panzerhaubitze M 109 G
germ_m109g_1;◄ M 109
germ_m109g_2;SPG
germ_pzh_2000_shop;PzH 2000 A1
germ_pzh_2000_0;Panzerhaubitze 2000 A1
germ_pzh_2000_1;PzH 2000 A1
germ_pzh_2000_2;SPH
germ_wiesel_2_adwc_shop;leFlaSys Ozelot
germ_wiesel_2_adwc_0;leichtes Flugabwehrsystem mit Waffenträger Ozelot
germ_wiesel_2_adwc_1;Ozelot
germ_wiesel_2_adwc_2;SPAA
germ_wiesel_1_tow_shop;Wiesel 1 A2 TOW
germ_wiesel_1_tow_0;Waffenträger Wiesel 1 A2 TOW
germ_wiesel_1_tow_1;Wiesel 1 A2 TOW
germ_wiesel_1_tow_2;SPG
germ_wiesel_1_mk20_shop;Wiesel 1 A4 MK
germ_wiesel_1_mk20_0;Waffenträger Wiesel 1 A4 MK
germ_wiesel_1_mk20_1;Wiesel 1 A4
germ_wiesel_1_mk20_2;SPAA
germ_erprobungstrager_3_achs_turm_shop;EP (T III F)
germ_erprobungstrager_3_achs_turm_0;Erprobungsträger mit dreiachsig stabilisierter Turm III F
germ_erprobungstrager_3_achs_turm_1;EP (T III)
germ_erprobungstrager_3_achs_turm_2;MBT
germ_marder_1a1_shop;SPz Marder 1 A1 (-)
germ_marder_1a1_0;Schützenpanzer Marder 1 A1 (-)
germ_marder_1a1_1;SPz Marder 1
germ_marder_1a1_2;Light Tank
sw_pbil_m40_shop;pbil m/40
sw_pbil_m40_0;pansarbil m/40
sw_pbil_m40_1;pbil m/40
sw_pbil_m40_2;Light Tank
sw_bkan_1c_shop;15,5 cm bkan 1C
sw_bkan_1c_0;15,5 cm bandkanon 1C
sw_bkan_1c_1;bkan 1C
sw_bkan_1c_2;SPG
sw_strv_m31_shop;strv m/31
sw_strv_m31_0;stridsvagn m/31
sw_strv_m31_1;strv m/31
sw_strv_m31_2;Light Tank
sw_strv_105_shop;strv 105
sw_strv_105_0;stridsvagn 105
sw_strv_105_1;strv 105
sw_strv_105_2;Medium Tank
sw_strv_104_shop;strv 104
sw_strv_104_0;stridsvagn 104
sw_strv_104_1;strv 104
sw_strv_104_2;Medium Tank
sw_strv_101_shop;strv 101
sw_strv_101_0;stridsvagn 101
sw_strv_101_1;strv 101
sw_strv_101_2;Medium Tank
sw_strv_74_shop;strv 74 V
sw_strv_74_0;stridsvagn 74 V
sw_strv_74_1;strv 74
sw_strv_74_2;Medium Tank
sw_lvkv_90c_shop;lvkv 9040C
sw_lvkv_90c_0;luftvärnskanonvagn 9040C
sw_lvkv_90c_1;lvkv 9040C
sw_lvkv_90c_2;SPAA
sw_strv_103a_shop;strv 103A
sw_strv_103a_0;stridsvagn 103A
sw_strv_103a_1;strv 103A
sw_strv_103a_2;MBT
sw_strv_103c_shop;strv 103C
sw_strv_103c_0;stridsvagn 103C
sw_strv_103c_1;strv 103C
sw_strv_103c_2;MBT
sw_strv121b_christian2_shop;strv 121B
sw_strv121b_christian2_0;"stridsvagn 121B ""Christian II"""
sw_strv121b_christian2_1;strv 121B
sw_strv121b_christian2_2;MBT
sw_strv_121_shop;strv 121A
sw_strv_121_0;stridsvagn 121A
sw_strv_121_1;strv 121A
sw_strv_121_2;MBT
sw_leopard_1a5no_shop;◢ KPz Leopard 1 A5 NO2
sw_leopard_1a5no_0;◢ Kampfpanzer Leopard 1 A5 NO2
sw_leopard_1a5no_1;◢ Leopard 1 A5
sw_leopard_1a5no_2;MBT
sw_strf_90b_shop;strf 9040B
sw_strf_90b_0;stridsfordon 9040B
sw_strf_90b_1;strf 9040B
sw_strf_90b_2;IFV
sw_strf_90c_shop;strf 9040C
sw_strf_90c_0;stridsfordon 9040C
sw_strf_90c_1;strf 9040C
sw_strf_90c_2;IFV
sw_strv_m38_shop;strv m/38
sw_strv_m38_0;stridsvagn m/38
sw_strv_m38_1;strv m/38
sw_strv_m38_2;Light Tank
sw_strv_m39_td_shop;⋦ strv m/39
sw_strv_m39_td_0;⋦ stridsvagn m/39
sw_strv_m39_td_1;⋦ strv m/39
sw_strv_m39_td_2;Light Tank
sw_strv_m39_shop;strv m/39
sw_strv_m39_0;stridsvagn m/39
sw_strv_m39_1;strv m/39
sw_strv_m39_2;Light Tank
sw_strv_m40l_shop;strv m/40-LI
sw_strv_m40l_0;stridsvagn m/40-LI
sw_strv_m40l_1;strv m/40
sw_strv_m40l_2;Light Tank
sw_strv_m41_s1_shop;strv m/41-SI
sw_strv_m41_s1_0;stridsvagn m/41-SI
sw_strv_m41_s1_1;strv m/41
sw_strv_m41_s1_2;Light Tank
sw_strv_m41_s2_shop;strv m/41-SII
sw_strv_m41_s2_0;stridsvagn m/41-SII
sw_strv_m41_s2_1;strv m/41 SII
sw_strv_m41_s2_2;Light Tank
sw_pvrbv_551_shop;pvrbv 551
sw_pvrbv_551_0;pansarvärnsrobotbandvagn 551
sw_pvrbv_551_1;pvrbv 551
sw_pvrbv_551_2;SPG
sw_lvrbv_701_shop;lvrbv 701
sw_lvrbv_701_0;luftvärnsrobotbandvagn 701
sw_lvrbv_701_1;lvrbv 701
sw_lvrbv_701_2;SPAA
sw_ikv_73_shop;ikv 73
sw_ikv_73_0;infanterikanonvagn 73
sw_ikv_73_1;ikv 73
sw_ikv_73_2;Medium Tank
sw_ikv_72_shop;ikv 72
sw_ikv_72_0;infanterikanonvagn 72
sw_ikv_72_1;ikv 72
sw_ikv_72_2;SPG
sw_lvkv_42_shop;lvkv 42
sw_lvkv_42_0;luftvärnskanonvagn 42
sw_lvkv_42_1;lvkv 42
sw_lvkv_42_2;SPAA
sw_veak_40_shop;VEAK 40
sw_veak_40_0;Vagn Eldledning Automat-Kanon 40
sw_veak_40_1;VEAK 40
sw_veak_40_2;SPAA
sw_pvlvv_fm42_shop;20 mm pvlvblav
sw_pvlvv_fm42_0;20 mm pansarvärnsluftvärnsbandlavettage
sw_pvlvv_fm42_1;20 mm pvlvblav
sw_pvlvv_fm42_2;SPAA
sw_tgdgb_m40_lv_shop;lvtdgb m/40
sw_tgdgb_m40_lv_0;luftvärnsterrängdragbil m/40
sw_tgdgb_m40_lv_1;lvtdgb m/40
sw_tgdgb_m40_lv_2;SPAA
sw_udes_33_shop;UDES 33
sw_udes_33_0;Underlagsgrupp Direkt Eld stridsfordon 33
sw_udes_33_1;UDES 33
sw_udes_33_2;SPG
sw_ikv_103_shop;ikv 103
sw_ikv_103_0;infanterikanonvagn 103
sw_ikv_103_1;ikv 103
sw_ikv_103_2;SPG
sw_sherman_3_4_shop;♛ Sherman, Mk. III
sw_sherman_3_4_0;♛ Tank, Medium, Sherman, Mk. III
sw_sherman_3_4_1;♛ Sherman, Mk. III
sw_sherman_3_4_2;Medium Tank
sw_stormpjas_fm43_44_shop;spj fm/43-44
sw_stormpjas_fm43_44_0;"stormpjäs fm/43-44 ""Trätoffelvagnen"""
sw_stormpjas_fm43_44_1;spj fm/43-44
sw_stormpjas_fm43_44_2;SPG
sw_pvkv_iv_shop;pvkv IVA
sw_pvkv_iv_0;"pansarvärnskanonvagn IVA ""Värjan"""
sw_pvkv_iv_1;pvkv IVA
sw_pvkv_iv_2;Medium Tank
sw_pvkv_III_shop;pvkv III
sw_pvkv_III_0;pansarvärnskanonvagn III
sw_pvkv_III_1;pvkv III
sw_pvkv_III_2;SPG
sw_pvkv_II_shop;pvkv II
sw_pvkv_II_0;pansarvärnskanonvagn II
sw_pvkv_II_1;pvkv II
sw_pvkv_II_2;SPG
sw_ikv_91_105_shop;ikv 91-105
sw_ikv_91_105_0;infanterikanonvagn 91-105
sw_ikv_91_105_1;ikv 91-105
sw_ikv_91_105_2;Light Tank
sw_ikv_91_shop;ikv 91
sw_ikv_91_0;infanterikanonvagn 91
sw_ikv_91_1;ikv 91
sw_ikv_91_2;Light Tank
sw_strv_103_0_shop;strv 103-0
sw_strv_103_0_0;stridsvagn 103-0
sw_strv_103_0_1;strv 103-0
sw_strv_103_0_2;MBT
ussr_ba_11_shop;BA-11
ussr_ba_11_0;BA-11
ussr_ba_11_1;BA-11
ussr_ba_11_2;Armored Car
ussr_2s25m_shop;2S25M
ussr_2s25m_0;"2S25M ""Sprut-SDM1"""
ussr_2s25m_1;2S25M
ussr_2s25m_2;Light Tank
ussr_2s25_shop;2S25
ussr_2s25_0;"2S25 ""Sprut-SD"""
ussr_2s25_1;2S25
ussr_2s25_2;Light Tank
sw_pbv_501_shop;pbv 501
sw_pbv_501_0;pansarbandvagn 501
sw_pbv_501_1;pbv 501
sw_pbv_501_2;Light Tank
sw_pbv_301_shop;pbv 301
sw_pbv_301_0;pansarbandvagn 301
sw_pbv_301_1;pbv 301
sw_pbv_301_2;SPAA
germ_marder_1a3_shop;SPz Marder 1 A3
germ_marder_1a3_0;Schützenpanzer Marder 1 A3
germ_marder_1a3_1;SPz Marder 1 A3
germ_marder_1a3_2;Light Tank
fr_vtb8_shop;VTB 8
fr_vtb8_0;Vedette Torpilleur VTB 8
fr_vtb8_1;VTB 8
fr_vtb8_2;Torpedo Boat
fr_vtb9_shop;VTB 9
fr_vtb9_0;Vedette Torpilleur VTB 9
fr_vtb9_1;VTB 9
fr_vtb9_2;Torpedo Boat
fr_type40k_vedette_shop;VTB 19
fr_type40k_vedette_0;Vedette Torpilleur VTB 19
fr_type40k_vedette_1;VTB 19
fr_type40k_vedette_2;Torpedo Boat
fr_vtb11_shop;VTB 11
fr_vtb11_0;Vedette Torpilleur VTB 11
fr_vtb11_1;VTB 11
fr_vtb11_2;Torpedo Boat
fr_vtb13_shop;VTB 13
fr_vtb13_0;Vedette Torpilleur VTB 13
fr_vtb13_1;VTB 13
fr_vtb13_2;MGB
fr_vtb14_shop;VTB 14
fr_vtb14_0;Vedette Torpilleur VTB 14
fr_vtb14_1;VTB 14
fr_vtb14_2;Torpedo Boat
fr_p730_combattante_shop;La Combattante (P 730)
fr_p730_combattante_0;La Combattante (P 730)
fr_p730_combattante_1;La Combattante
fr_p730_combattante_2;Missile Boat
germ_sppz2_luchs_a2_shop;SpPz Luchs A2
germ_sppz2_luchs_a2_0;Spähpanzer Luchs A2
germ_sppz2_luchs_a2_1;Luchs A2
germ_sppz2_luchs_a2_2;IFV
SHIPS_LANG_KEEP_IT_ALWAYS_FIRST;
